tradeId,strategyId,strategyName,timeframe,artifactId,pair,direction,openAt,closeAt,openRate,closeRate,profitRatio,profitAbs,netRApprox,mfeRApprox,maeRApprox,feeCostEstimate,fundingFees,slippageCost,enterTag,exitReason,marketRegime
5b43208a503935fb77c097dfcec0492c6c0a53926f21f1a9e55effaafee7d24b,freqtrade::AlphaPilotBatchA_EMATrendLong4H,AlphaPilotBatchA_EMATrendLong4H,15m,freqtrade::f0e98896a2a5441d165b::AlphaPilotBatchA_EMATrendLong4H,ZRX/USDT:USDT,long,2018-03-27 18:15:00+00:00,2018-03-27 19:45:00+00:00,0.6372,0.6726,0.27250263757010385,87.905103,6.94554723,7.08,0.0,0.3224232,0.0,,alpha_batch_a_ema_trend_long_4h,roi,
84ed05f7bc10c38908fbe529eaa99495dca3bbc901e7007c1d2a52864033f661,freqtrade::AlphaPilotBatchA_EMATrendLong4H,AlphaPilotBatchA_EMATrendLong4H,15m,freqtrade::f0e98896a2a5441d165b::AlphaPilotBatchA_EMATrendLong4H,ZRX/USDT:USDT,long,2018-04-03 13:45:00+00:00,2018-04-03 14:15:00+00:00,0.5855,0.6098,0.2023100320036395,67.0776505,5.15010973,5.2826087,0.0,0.331393,0.0,,alpha_batch_a_ema_trend_long_4h,roi,
37af0dd590fb1108c8b6ab687445bcd6c4194e98920d90c2fa0c7e6deddf62c4,freqtrade::AlphaPilotBatchA_EMATrendLong4H,AlphaPilotBatchA_EMATrendLong4H,15m,freqtrade::f0e98896a2a5441d165b::AlphaPilotBatchA_EMATrendLong4H,ZRX/USDT:USDT,long,2018-01-19 12:30:00+00:00,2018-01-19 12:45:00+00:00,1.7799,1.8403,0.16450536459957,60.347597,4.1239873,4.26056338,0.0,0.3666594,0.0,,alpha_batch_a_ema_trend_long_4h,roi,
bc2693b36e6ea55380a61ff7d8b7a9e7b0728207eaae49cae88e59ceee16863e,freqtrade::AlphaPilotBatchA_EMATrendLong4H,AlphaPilotBatchA_EMATrendLong4H,15m,freqtrade::f0e98896a2a5441d165b::AlphaPilotBatchA_EMATrendLong4H,ZRX/USDT:USDT,long,2020-04-26 22:15:00+00:00,2020-04-26 23:30:00+00:00,0.194,0.198,0.0979922409929056,0.15216,3.80209895,4.0,0.0,0.001552,0.0,,alpha_batch_a_ema_trend_long_4h,roi,
08d16d1f28882e1356b14694caaf3c23b56e1d5d36d85454baab80fb116b9421,freqtrade::AlphaPilotBatchA_EMATrendLong4H,AlphaPilotBatchA_EMATrendLong4H,15m,freqtrade::f0e98896a2a5441d165b::AlphaPilotBatchA_EMATrendLong4H,ZRX/USDT:USDT,long,2020-04-29 11:30:00+00:00,2020-04-29 13:00:00+00:00,0.206,0.21,0.09199283853219023,0.15168,3.79010495,5.0,0.0,0.001648,0.0,,alpha_batch_a_ema_trend_long_4h,roi,
9fd7f95cbc659b77902a03b2e6efc53f5335af8bdf1f5ecf1686319c76d80666,freqtrade::AlphaPilotBatchA_EMATrendLong4H,AlphaPilotBatchA_EMATrendLong4H,15m,freqtrade::f0e98896a2a5441d165b::AlphaPilotBatchA_EMATrendLong4H,ZRX/USDT:USDT,long,2020-05-06 03:30:00+00:00,2020-05-06 10:30:00+00:00,0.206,0.21,0.09199283853219023,0.15168,3.79010495,5.0,0.0,0.001648,0.0,,alpha_batch_a_ema_trend_long_4h,roi,
fdd83d95713f868a2c5485ecfeebb2e3f27158aef661d7616a7bae158191cff9,freqtrade::AlphaPilotBatchA_EMATrendLong4H,AlphaPilotBatchA_EMATrendLong4H,15m,freqtrade::f0e98896a2a5441d165b::AlphaPilotBatchA_EMATrendLong4H,ZRX/USDT:USDT,long,2018-03-26 20:30:00+00:00,2018-03-26 20:45:00+00:00,0.7568,0.6602,-0.6425731373214028,-243.27125,-16.20997834,0.0,-22.98333333,0.37839999999999996,0.0,,alpha_batch_a_ema_trend_long_4h,stop_loss,
a759f1eb4c6c61044b669dbb64924dbf3a0f81b26bff7979bd52ff49274620c8,freqtrade::AlphaPilotBatchA_EMATrendLong4H,AlphaPilotBatchA_EMATrendLong4H,15m,freqtrade::f0e98896a2a5441d165b::AlphaPilotBatchA_EMATrendLong4H,ZRX/USDT:USDT,long,2019-10-01 14:30:00+00:00,2020-01-02 16:00:00+00:00,0.2079,0.183,-0.6032445537692914,-4.7681355,-15.67681784,1.875,-15.5625,0.0079002,0.0,,alpha_batch_a_ema_trend_long_4h,time_stop_10x4h_not_profitable,
3d92c817745c53dd9d7b9db6243e2af72a0adf0b170bbcc6edc90f030d781fba,freqtrade::AlphaPilotBatchA_EMATrendLong4H,AlphaPilotBatchA_EMATrendLong4H,15m,freqtrade::f0e98896a2a5441d165b::AlphaPilotBatchA_EMATrendLong4H,ZRX/USDT:USDT,long,2018-04-13 16:15:00+00:00,2018-04-13 16:45:00+00:00,0.775,0.711,-0.41748803017845915,-139.19745,-10.43720075,0.0,-10.32258065,0.33325,0.0,,alpha_batch_a_ema_trend_long_4h,stop_loss,
4541e498fb7b27552df1e368f44eeef51b6e7d52d89ea795bd10d949856e32ed,freqtrade::AlphaPilotBatchA_EMATrendLong4H,AlphaPilotBatchA_EMATrendLong4H,15m,freqtrade::f0e98896a2a5441d165b::AlphaPilotBatchA_EMATrendLong4H,ZRX/USDT:USDT,long,2018-03-28 21:15:00+00:00,2018-03-29 05:15:00+00:00,0.6422,0.6069,-0.27955930163227327,-98.0740215,-7.04050916,0.50980392,-6.94117647,0.35064120000000004,0.0,,alpha_batch_a_ema_trend_long_4h,stop_loss,
91c6efe1f4afe0f5eda153177f9ed29a7d5f3debfb16dd6ab1344cde5a1751d6,freqtrade::AlphaPilotBatchA_EMATrendLong4H,AlphaPilotBatchA_EMATrendLong4H,15m,freqtrade::f0e98896a2a5441d165b::AlphaPilotBatchA_EMATrendLong4H,ZRX/USDT:USDT,long,2018-04-24 13:30:00+00:00,2018-04-24 13:45:00+00:00,1.1999,1.1431,-0.24144732367544036,-64.92808,-6.09921355,0.0,-10.51578947,0.2687776,0.0,,alpha_batch_a_ema_trend_long_4h,stop_loss,
a89cf02330388502b6351672dd6499f4d2caf77cef7eecdfdab71a0115174803,freqtrade::AlphaPilotBatchA_EMATrendLong4H,AlphaPilotBatchA_EMATrendLong4H,15m,freqtrade::f0e98896a2a5441d165b::AlphaPilotBatchA_EMATrendLong4H,ZRX/USDT:USDT,long,2018-04-05 20:45:00+00:00,2018-04-05 21:00:00+00:00,0.5911,0.5665,-0.21287613679203368,-75.284612,-5.35451423,0.0,-5.59574468,0.3534778,0.0,,alpha_batch_a_ema_trend_long_4h,stop_loss,
bf4a57639de8e7f7ca2c03f1a29e20611a5d903eace52c3cefeb6e289293c960,freqtrade::AlphaPilotBatchA_EMATrendLong4H,AlphaPilotBatchA_EMATrendLong4H,4h,freqtrade::949191e2cc7a8790f9ce::AlphaPilotBatchA_EMATrendLong4H,SOL/USDT:USDT,long,2026-05-06 00:00:00+00:00,2026-05-06 04:00:00+00:00,86.24,87.72,0.08022403455044277,3.23948664,2.03485904,2.41176471,-0.26470588,0.040360320000000005,-0.02018016,,alpha_batch_a_ema_trend_long_4h,roi,
4be2497fb0630e63abbb260d6ee13ebc7b1bed1cc96b2a996da95de1f3f743f4,freqtrade::AlphaPilotBatchA_EMATrendLong4H,AlphaPilotBatchA_EMATrendLong4H,4h,freqtrade::949191e2cc7a8790f9ce::AlphaPilotBatchA_EMATrendLong4H,SOL/USDT:USDT,long,2026-07-02 00:00:00+00:00,2026-07-02 00:00:00+00:00,77.42,78.74,0.08010193374665986,2.85411253,2.03327597,2.49180328,-0.91803279,0.0356132,-0.00230347346325174,,alpha_batch_a_ema_trend_long_4h,roi,
e8a4a1466234ca7499f671be0d537d1961f1136a72b2659c11ad706e9f4f1981,freqtrade::AlphaPilotBatchA_EMATrendLong4H,AlphaPilotBatchA_EMATrendLong4H,4h,freqtrade::949191e2cc7a8790f9ce::AlphaPilotBatchA_EMATrendLong4H,SOL/USDT:USDT,long,2026-04-22 00:00:00+00:00,2026-04-22 00:00:00+00:00,85.99,87.46,0.08016490318599098,2.85528626,2.02746471,2.73529412,-0.02941176,0.03559986,-0.008092985687759827,,alpha_batch_a_ema_trend_long_4h,roi,
601f663dc8db4d81184b8349b3ee933013ced29612e54e60e33fca808f394aee,freqtrade::AlphaPilotBatchA_EMATrendLong4H,AlphaPilotBatchA_EMATrendLong4H,4h,freqtrade::949191e2cc7a8790f9ce::AlphaPilotBatchA_EMATrendLong4H,SOL/USDT:USDT,long,2026-05-11 04:00:00+00:00,2026-05-11 12:00:00+00:00,94.72,96.34,0.08002868112038929,3.47352093,2.02141778,2.72,-0.65333333,0.04338176,-0.0175153748322872,,alpha_batch_a_ema_trend_long_4h,roi,
5f0ba7ee4c032e435d17cf0d9cc0a9035e9bf1fad048d255cf05bcc2514bed03,freqtrade::AlphaPilotBatchA_EMATrendLong4H,AlphaPilotBatchA_EMATrendLong4H,4h,freqtrade::949191e2cc7a8790f9ce::AlphaPilotBatchA_EMATrendLong4H,SOL/USDT:USDT,long,2026-07-01 20:00:00+00:00,2026-07-01 20:00:00+00:00,76.96,78.27,0.0800265797454703,2.77286625,2.01929363,3.21311475,-0.6557377,0.034631999999999996,0.0,,alpha_batch_a_ema_trend_long_4h,roi,
5998042c0e420be0dbbf4475640fd8327a460fd589ba0296dc64e0078d073742,freqtrade::AlphaPilotBatchA_EMATrendLong4H,AlphaPilotBatchA_EMATrendLong4H,4h,freqtrade::949191e2cc7a8790f9ce::AlphaPilotBatchA_EMATrendLong4H,SOL/USDT:USDT,long,2026-05-09 00:00:00+00:00,2026-05-09 00:00:00+00:00,91.96,93.53,0.08013396568836552,3.31776182,2.01893685,2.52054795,-0.21917808,0.041382,-0.00606192549300994,,alpha_batch_a_ema_trend_long_4h,roi,
e10bc4bdff1960a79bda9f9bd94e5bdddc3432cde6e0c9045adc74c3df51ae56,freqtrade::AlphaPilotBatchA_EMATrendLong4H,AlphaPilotBatchA_EMATrendLong4H,4h,freqtrade::949191e2cc7a8790f9ce::AlphaPilotBatchA_EMATrendLong4H,SOL/USDT:USDT,long,2026-04-16 00:00:00+00:00,2026-04-16 12:00:00+00:00,84.86,84.19,-0.0454359786875358,-1.820799,-1.15095437,3.34328358,-1.67164179,0.04005392,-0.04012,,alpha_batch_a_ema_trend_long_4h,stop_loss,
31dd9a12618c48359dec918c1fed21b9c34eaefad9d89dbf908da84ba6c89dad,freqtrade::AlphaPilotBatchA_EMATrendLong4H,AlphaPilotBatchA_EMATrendLong4H,4h,freqtrade::949191e2cc7a8790f9ce::AlphaPilotBatchA_EMATrendLong4H,SOL/USDT:USDT,long,2026-06-30 16:00:00+00:00,2026-07-01 00:00:00+00:00,73.1,72.52,-0.04547428141540191,-1.6496127,-1.14626551,4.39655172,-1.56896552,0.036257599999999994,-0.03064390117583784,,alpha_batch_a_ema_trend_long_4h,stop_loss,
6323494bd01c0c45c28abb164aae652bbea316f288dd9e3568fa5853e6e80404,freqtrade::AlphaPilotBatchA_EMATrendLong4H,AlphaPilotBatchA_EMATrendLong4H,4h,freqtrade::949191e2cc7a8790f9ce::AlphaPilotBatchA_EMATrendLong4H,BTC/USDT:USDT,long,2026-04-11 08:00:00+00:00,2026-04-12 00:00:00+00:00,72719.8,72138.1,-0.04573682788559272,-1.79692342,-1.14353549,1.85542376,-2.49200619,0.039268692,-0.030775255720281933,,alpha_batch_a_ema_trend_long_4h,stop_loss,
f8f63c56e34d877994c7424a5960179fa28a8a5314e4e6507c1075d78efa37dc,freqtrade::AlphaPilotBatchA_EMATrendLong4H,AlphaPilotBatchA_EMATrendLong4H,4h,freqtrade::949191e2cc7a8790f9ce::AlphaPilotBatchA_EMATrendLong4H,BTC/USDT:USDT,long,2026-04-08 16:00:00+00:00,2026-04-09 00:00:00+00:00,71265.3,70695.2,-0.04567069292045228,-1.9538178,-1.14181218,1.16576039,-1.47921417,0.04275918,-0.030577049135854677,,alpha_batch_a_ema_trend_long_4h,stop_loss,
64e9f195d163c521cf8491d1072cb7b4a5052192304fa218b76f77ad45589505,freqtrade::AlphaPilotBatchA_EMATrendLong4H,AlphaPilotBatchA_EMATrendLong4H,4h,freqtrade::949191e2cc7a8790f9ce::AlphaPilotBatchA_EMATrendLong4H,ETH/USDT:USDT,long,2026-04-14 00:00:00+00:00,2026-04-14 12:00:00+00:00,2368.28,2349.34,-0.045611819715689214,-1.83728471,-1.14067118,2.5406547,-1.97888068,0.04026076,-0.026885863652498194,,alpha_batch_a_ema_trend_long_4h,stop_loss,
63b6790b292e22107c243ac62d485caa6247538fa5e61637faf7dc60e5d40708,freqtrade::AlphaPilotBatchA_EMATrendLong4H,AlphaPilotBatchA_EMATrendLong4H,4h,freqtrade::949191e2cc7a8790f9ce::AlphaPilotBatchA_EMATrendLong4H,ETH/USDT:USDT,long,2026-05-11 16:00:00+00:00,2026-05-12 00:00:00+00:00,2332.36,2313.71,-0.04553700716873756,-1.97646945,-1.13896723,0.6847185,-2.0616622,0.043381895999999996,-0.025977198037600378,,alpha_batch_a_ema_trend_long_4h,stop_loss,
257fd0a8195bb470d5e523f181755e473c1130d338af1febaf0bf56d96d009f2,freqtrade::AlphaPilotBatchB_EMATrendShort4H,AlphaPilotBatchB_EMATrendShort4H,15m,freqtrade::666f67acc2efd701b556::AlphaPilotBatchB_EMATrendShort4H,ZRX/USDT:USDT,short,2018-02-02 03:00:00+00:00,2018-02-02 03:15:00+00:00,1.5443,1.4474,0.3090457681084277,112.576897,7.76031512,8.12195122,0.0,0.36445479999999997,0.0,,alpha_batch_b_ema_trend_short_4h,roi,
3d7b5bc16b1ef98e6125bf317f2d6ed419493805e709eb09ff09e0f4b9972cbc,freqtrade::AlphaPilotBatchB_EMATrendShort4H,AlphaPilotBatchB_EMATrendShort4H,15m,freqtrade::666f67acc2efd701b556::AlphaPilotBatchB_EMATrendShort4H,ZRX/USDT:USDT,short,2018-03-14 16:45:00+00:00,2018-03-14 21:15:00+00:00,0.5582,0.5335,0.21646572121603616,91.0611455,5.49232571,5.61363636,0.0,0.4208828,0.0,,alpha_batch_b_ema_trend_short_4h,roi,
c4aa45631e6495656ff794f1f885dec4e6262113dd979a2d4ba8f134d976b044,freqtrade::AlphaPilotBatchB_EMATrendShort4H,AlphaPilotBatchB_EMATrendShort4H,15m,freqtrade::666f67acc2efd701b556::AlphaPilotBatchB_EMATrendShort4H,ZRX/USDT:USDT,short,2018-03-17 21:15:00+00:00,2018-03-18 00:30:00+00:00,0.45,0.4323,0.19186093046523262,81.6343605,4.79652326,4.91666667,0.0,0.4257,0.0,,alpha_batch_b_ema_trend_short_4h,roi,
aa8c12731dcac036ca3c40080f540400c0de484adc6b6ef0b7946c049c29667f,freqtrade::AlphaPilotBatchB_EMATrendShort4H,AlphaPilotBatchB_EMATrendShort4H,15m,freqtrade::666f67acc2efd701b556::AlphaPilotBatchB_EMATrendShort4H,ZRX/USDT:USDT,short,2020-03-12 05:45:00+00:00,2020-03-12 06:15:00+00:00,0.207,0.203,0.09171252292813073,0.0759,3.79689845,6.0,0.0,0.000828,0.0,,alpha_batch_b_ema_trend_short_4h,roi,
d49a270e8b845b85cc1fea74e45e6414d411eb59e40d8ee39b8109e1a3abd934,freqtrade::AlphaPilotBatchB_EMATrendShort4H,AlphaPilotBatchB_EMATrendShort4H,15m,freqtrade::666f67acc2efd701b556::AlphaPilotBatchB_EMATrendShort4H,ZRX/USDT:USDT,short,2020-05-03 12:45:00+00:00,2020-05-03 14:45:00+00:00,0.21,0.206,0.09033087972557709,0.03792,3.79389695,6.0,0.0,0.00042,0.0,,alpha_batch_b_ema_trend_short_4h,roi,
5e602968f327681f34f6287ab45f0b1bf5817ab2b2774e8da491361207d68635,freqtrade::AlphaPilotBatchB_EMATrendShort4H,AlphaPilotBatchB_EMATrendShort4H,15m,freqtrade::666f67acc2efd701b556::AlphaPilotBatchB_EMATrendShort4H,ZRX/USDT:USDT,short,2020-03-12 01:45:00+00:00,2020-03-12 01:45:00+00:00,0.218,0.214,0.08683240702920267,0.07568,3.78589295,6.0,0.0,0.000872,0.0,,alpha_batch_b_ema_trend_short_4h,roi,
707cb91de12aa15b8cbbdc63eb25d20aade1a8fadce3ef3de1dbd4d7c85e3e23,freqtrade::AlphaPilotBatchB_EMATrendShort4H,AlphaPilotBatchB_EMATrendShort4H,15m,freqtrade::666f67acc2efd701b556::AlphaPilotBatchB_EMATrendShort4H,ZRX/USDT:USDT,short,2018-04-01 16:30:00+00:00,2018-04-01 19:15:00+00:00,0.4823,0.5069,-0.26028564769633417,-109.16151,-6.60714568,0.0,-6.47368421,0.419601,0.0,,alpha_batch_b_ema_trend_short_4h,stop_loss,
ad1fbc37031812a7e0acbf2beeee49cacf376522dac8353f57a3f5b2a3239935,freqtrade::AlphaPilotBatchB_EMATrendShort4H,AlphaPilotBatchB_EMATrendShort4H,15m,freqtrade::666f67acc2efd701b556::AlphaPilotBatchB_EMATrendShort4H,ZRX/USDT:USDT,short,2018-03-16 04:45:00+00:00,2018-03-16 17:45:00+00:00,0.4783,0.5002,-0.2341673659326004,-107.916185,-5.89485532,0.0,-5.78947368,0.4610812,0.0,,alpha_batch_b_ema_trend_short_4h,stop_loss,
ee7ce27e853b9ac769115a78ac73dccc75fc01516cae5117fc846a08c3257745,freqtrade::AlphaPilotBatchB_EMATrendShort4H,AlphaPilotBatchB_EMATrendShort4H,15m,freqtrade::666f67acc2efd701b556::AlphaPilotBatchB_EMATrendShort4H,ZRX/USDT:USDT,short,2018-03-03 02:00:00+00:00,2018-03-03 02:45:00+00:00,0.9194,0.9562,-0.20533325179013265,-81.513648,-5.17214772,0.0,-5.04109589,0.3971808,0.0,,alpha_batch_b_ema_trend_short_4h,stop_loss,
aa42d6afec0833242ab940ffc403d863cf7116d12eeb6605e660d1b299f35795,freqtrade::AlphaPilotBatchB_EMATrendShort4H,AlphaPilotBatchB_EMATrendShort4H,15m,freqtrade::666f67acc2efd701b556::AlphaPilotBatchB_EMATrendShort4H,ZRX/USDT:USDT,short,2018-03-30 00:45:00+00:00,2018-03-30 01:30:00+00:00,0.507,0.5264,-0.19651541747204965,-87.235146,-4.98166583,0.5,-4.875,0.444132,0.0,,alpha_batch_b_ema_trend_short_4h,stop_loss,
7b0b78e231529f39d3cc30a5661a584a99445fed0fc9429a689db6808dc71b98,freqtrade::AlphaPilotBatchB_EMATrendShort4H,AlphaPilotBatchB_EMATrendShort4H,15m,freqtrade::666f67acc2efd701b556::AlphaPilotBatchB_EMATrendShort4H,ZRX/USDT:USDT,short,2018-03-07 02:00:00+00:00,2018-03-07 04:15:00+00:00,0.7801,0.8075,-0.18079671806163305,-68.510934,-4.54966193,0.0,-4.41935484,0.37912860000000004,0.0,,alpha_batch_b_ema_trend_short_4h,stop_loss,
b3772664fe33ee467ee8cd1ceca800c1ca89085a2e952b145a472f6b5aec6d8f,freqtrade::AlphaPilotBatchB_EMATrendShort4H,AlphaPilotBatchB_EMATrendShort4H,15m,freqtrade::666f67acc2efd701b556::AlphaPilotBatchB_EMATrendShort4H,ZRX/USDT:USDT,short,2018-03-07 07:45:00+00:00,2018-03-07 08:00:00+00:00,0.746,0.7717,-0.17742685015429965,-65.088771,-4.48679424,0.0,-4.3559322,0.36703199999999997,0.0,,alpha_batch_b_ema_trend_short_4h,stop_loss,
b4b70aa8ab4ca23b0bb21d089ccfa8d270d761981b21707a557fa98728f165fb,freqtrade::AlphaPilotBatchB_EMATrendShort4H,AlphaPilotBatchB_EMATrendShort4H,4h,freqtrade::352de02b0e90997d7190::AlphaPilotBatchB_EMATrendShort4H,SOL/USDT:USDT,short,2026-06-10 20:00:00+00:00,2026-06-10 20:00:00+00:00,63.51,62.43,0.08010854742439713,0.7729428,2.03507754,2.44,-0.22,0.00965352,0.0,,alpha_batch_b_ema_trend_short_4h,roi,
e83dbef16756e3dd3916fb4029fc6b2770352eb42619789a5c595361f8e31c46,freqtrade::AlphaPilotBatchB_EMATrendShort4H,AlphaPilotBatchB_EMATrendShort4H,4h,freqtrade::352de02b0e90997d7190::AlphaPilotBatchB_EMATrendShort4H,SOL/USDT:USDT,short,2026-02-19 08:00:00+00:00,2026-02-19 08:00:00+00:00,82.34,80.94,0.08009591387872708,0.8305668,2.02926078,2.29230769,0.0,0.010374840000000001,0.0,,alpha_batch_b_ema_trend_short_4h,roi,
3e2408ecb02536e2487ade91fa2f887d44f6a9cd6b2b825d3f1d0cff3a1c45d9,freqtrade::AlphaPilotBatchB_EMATrendShort4H,AlphaPilotBatchB_EMATrendShort4H,4h,freqtrade::352de02b0e90997d7190::AlphaPilotBatchB_EMATrendShort4H,SOL/USDT:USDT,short,2026-06-01 20:00:00+00:00,2026-06-02 00:00:00+00:00,81.15,79.78,0.07999427933313544,0.648829,2.02860493,2.859375,-0.6875,0.008115,0.0040615,,alpha_batch_b_ema_trend_short_4h,roi,
e5ad28eec0d1f046634793599139562bb55d62f85cb871177d4a8aa2ebb7915a,freqtrade::AlphaPilotBatchB_EMATrendShort4H,AlphaPilotBatchB_EMATrendShort4H,4h,freqtrade::352de02b0e90997d7190::AlphaPilotBatchB_EMATrendShort4H,SOL/USDT:USDT,short,2026-05-26 16:00:00+00:00,2026-05-27 04:00:00+00:00,84.42,82.98,0.0802775346148176,0.63672225,2.02299387,2.46268657,-0.14925373,0.00793548,-0.0007387450265634167,,alpha_batch_b_ema_trend_short_4h,roi,
f9040d18aa3fe259d4bf3d9641cd53444fd01d20e6b58e6799a404e6e2511e5c,freqtrade::AlphaPilotBatchB_EMATrendShort4H,AlphaPilotBatchB_EMATrendShort4H,4h,freqtrade::352de02b0e90997d7190::AlphaPilotBatchB_EMATrendShort4H,SOL/USDT:USDT,short,2026-06-02 08:00:00+00:00,2026-06-02 12:00:00+00:00,79.62,78.27,0.08003033166922573,0.70057119,2.02286191,6.63492063,-0.22222222,0.0087582,0.001490935088258027,,alpha_batch_b_ema_trend_short_4h,roi,
6278dd3d58b781b1956e91376c1d176e63eab0d3c199cc28fbc30f57ef83fc40,freqtrade::AlphaPilotBatchB_EMATrendShort4H,AlphaPilotBatchB_EMATrendShort4H,4h,freqtrade::352de02b0e90997d7190::AlphaPilotBatchB_EMATrendShort4H,SOL/USDT:USDT,short,2026-04-28 00:00:00+00:00,2026-04-28 08:00:00+00:00,84.77,83.33,0.07993132419652037,0.73141817,2.0226204,2.31343284,-0.17910448,0.00915516,-0.0007948254796605297,,alpha_batch_b_ema_trend_short_4h,roi,
5da77cc37b3202f82db8897a204a9fd0cc99bfc6724a6096b258715531b76d8e,freqtrade::AlphaPilotBatchB_EMATrendShort4H,AlphaPilotBatchB_EMATrendShort4H,4h,freqtrade::352de02b0e90997d7190::AlphaPilotBatchB_EMATrendShort4H,SOL/USDT:USDT,short,2026-03-30 00:00:00+00:00,2026-03-30 00:00:00+00:00,81.35,82.0,-0.046376443888629604,-0.49775053,-1.16083806,0.44615385,-3.96923077,0.010738200000000002,-0.014845032337712746,,alpha_batch_b_ema_trend_short_4h,stop_loss,
540712b02fcf1ba265213f277161226389505c8ebc8217f1a95516f811c54522,freqtrade::AlphaPilotBatchB_EMATrendShort4H,AlphaPilotBatchB_EMATrendShort4H,4h,freqtrade::352de02b0e90997d7190::AlphaPilotBatchB_EMATrendShort4H,SOL/USDT:USDT,short,2026-05-23 16:00:00+00:00,2026-05-23 16:00:00+00:00,84.04,84.71,-0.04563563583808914,-0.40632993,-1.14484144,0.26865672,-1.6119403,0.00890824,-0.006511180470211772,,alpha_batch_b_ema_trend_short_4h,stop_loss,
efb89e7503d4b1debece2332f98a0d3131a84afebbd197ae6c3895493edc1ac5,freqtrade::AlphaPilotBatchB_EMATrendShort4H,AlphaPilotBatchB_EMATrendShort4H,4h,freqtrade::352de02b0e90997d7190::AlphaPilotBatchB_EMATrendShort4H,SOL/USDT:USDT,short,2026-04-07 08:00:00+00:00,2026-04-07 08:00:00+00:00,79.81,80.44,-0.04503287019193513,-0.43107316,-1.14097567,1.53968254,-1.17460317,0.0095772,-0.004998160961126864,,alpha_batch_b_ema_trend_short_4h,stop_loss,
b9974fbab5e27cc909e7f175ce6077f26ab2d3249996f80e3a3e3e1a0747fb92,freqtrade::AlphaPilotBatchB_EMATrendShort4H,AlphaPilotBatchB_EMATrendShort4H,4h,freqtrade::352de02b0e90997d7190::AlphaPilotBatchB_EMATrendShort4H,SOL/USDT:USDT,short,2026-05-26 08:00:00+00:00,2026-05-26 08:00:00+00:00,84.3,84.97,-0.045270223898353425,-0.37380843,-1.13918802,0.04477612,-2.20895522,0.0082614,-0.004037278200940705,,alpha_batch_b_ema_trend_short_4h,stop_loss,
9570a81ec49d9d815162c245859c70d9f7d0db8c2173d6d22798763e07258470,freqtrade::AlphaPilotBatchB_EMATrendShort4H,AlphaPilotBatchB_EMATrendShort4H,4h,freqtrade::352de02b0e90997d7190::AlphaPilotBatchB_EMATrendShort4H,SOL/USDT:USDT,short,2026-06-24 08:00:00+00:00,2026-06-24 08:00:00+00:00,69.33,69.88,-0.04514489517830651,-0.39416966,-1.13814385,1.09090909,-1.98181818,0.008735580000000001,-0.0038185058071583513,,alpha_batch_b_ema_trend_short_4h,stop_loss,
34c3ef57706e6bb344420a580e8efa2ea1a5077e49e103c8d9b9b8fb79612002,freqtrade::AlphaPilotBatchB_EMATrendShort4H,AlphaPilotBatchB_EMATrendShort4H,4h,freqtrade::352de02b0e90997d7190::AlphaPilotBatchB_EMATrendShort4H,ETH/USDT:USDT,short,2026-03-23 00:00:00+00:00,2026-03-23 00:00:00+00:00,2052.78,2069.2,-0.04550363424647921,-0.44813878,-1.13774605,1.13885505,-1.16991474,0.009853344,-0.0045950218598155125,,alpha_batch_b_ema_trend_short_4h,stop_loss,
e978167c9d985bb7eac48ec3715753753de56ed8aca08a0eae5fbe4da65ef2c1,freqtrade::AlphaPilotBatchC_BreakoutRetestLong4H,AlphaPilotBatchC_BreakoutRetestLong4H,15m,freqtrade::1b2b6baaab418ebe85bf::AlphaPilotBatchC_BreakoutRetestLong4H,ZRX/USDT:USDT,long,2018-03-31 10:45:00+00:00,2018-03-31 12:30:00+00:00,0.5198,0.5377,0.16701201150098288,54.3720125,4.23477286,6.51219512,0.0,0.3253948,0.0,,alpha_batch_c_breakout_retest_long_4h,roi,
cbcbd42576a01d72d9bb48db46d6f80b89efb199db0f5c89839e0e23143c472b,freqtrade::AlphaPilotBatchC_BreakoutRetestLong4H,AlphaPilotBatchC_BreakoutRetestLong4H,15m,freqtrade::1b2b6baaab418ebe85bf::AlphaPilotBatchC_BreakoutRetestLong4H,ZRX/USDT:USDT,long,2020-02-02 20:15:00+00:00,2020-02-02 20:45:00+00:00,0.24,0.244,0.07825254039646844,0.5637,3.75612194,5.0,0.0,0.007200000000000001,0.0,,alpha_batch_c_breakout_retest_long_4h,roi,
309421b756c636663a1815b541aeec42994f66d3272b32fe12fbdc9d8fb50fea,freqtrade::AlphaPilotBatchC_BreakoutRetestLong4H,AlphaPilotBatchC_BreakoutRetestLong4H,15m,freqtrade::1b2b6baaab418ebe85bf::AlphaPilotBatchC_BreakoutRetestLong4H,ZRX/USDT:USDT,long,2020-03-02 06:15:00+00:00,2020-03-02 06:45:00+00:00,0.244,0.248,0.07688778561538903,0.41294,3.75212394,5.0,0.0,0.005368,0.0,,alpha_batch_c_breakout_retest_long_4h,roi,
8470defdc09234bc59c132ba5d142ef4570ef7bda195f13daa1e0af38da1d2c0,freqtrade::AlphaPilotBatchC_BreakoutRetestLong4H,AlphaPilotBatchC_BreakoutRetestLong4H,15m,freqtrade::1b2b6baaab418ebe85bf::AlphaPilotBatchC_BreakoutRetestLong4H,ZRX/USDT:USDT,long,2020-02-04 08:45:00+00:00,2020-02-04 08:45:00+00:00,0.248,0.252,0.07556705518208638,0.525,3.74812594,8.0,0.0,0.0069440000000000005,0.0,,alpha_batch_c_breakout_retest_long_4h,roi,
b3845559cc1b96f66e70ec2d894b7ac4f157f46ecec62fc360f7ff0102fffdc4,freqtrade::AlphaPilotBatchC_BreakoutRetestLong4H,AlphaPilotBatchC_BreakoutRetestLong4H,15m,freqtrade::1b2b6baaab418ebe85bf::AlphaPilotBatchC_BreakoutRetestLong4H,ZRX/USDT:USDT,long,2020-03-17 07:45:00+00:00,2020-03-17 08:15:00+00:00,0.147,0.15,0.09694132525573948,0.39921,2.85007496,3.0,0.0,0.004116,0.0,,alpha_batch_c_breakout_retest_long_4h,roi,
f1d86c143b749c742496eee43ce02f11b41892e4afa931b53bfb35253783a7c7,freqtrade::AlphaPilotBatchC_BreakoutRetestLong4H,AlphaPilotBatchC_BreakoutRetestLong4H,15m,freqtrade::1b2b6baaab418ebe85bf::AlphaPilotBatchC_BreakoutRetestLong4H,ZRX/USDT:USDT,long,2020-03-23 12:45:00+00:00,2020-03-23 13:00:00+00:00,0.149,0.152,0.09557301885969767,0.34194,2.84807596,5.0,0.0,0.003576,0.0,,alpha_batch_c_breakout_retest_long_4h,roi,
a4e4e00a9627f0d98b78025831ffc54fd7686170ce794cadc13a618767b6d37c,freqtrade::AlphaPilotBatchC_BreakoutRetestLong4H,AlphaPilotBatchC_BreakoutRetestLong4H,15m,freqtrade::1b2b6baaab418ebe85bf::AlphaPilotBatchC_BreakoutRetestLong4H,ZIL/USDT:USDT,long,2018-12-16 12:45:00+00:00,2018-12-16 13:00:00+00:00,0.01359,0.0132,-0.14834194381837779,-11.4160785,-4.03193403,0.0,-4.9,0.0769194,0.0,,alpha_batch_c_breakout_retest_long_4h,stop_loss,
c6ba7864529bcd4149f06d33ef5607d6899c74e714e415f44fb201932947fe62,freqtrade::AlphaPilotBatchC_BreakoutRetestLong4H,AlphaPilotBatchC_BreakoutRetestLong4H,15m,freqtrade::1b2b6baaab418ebe85bf::AlphaPilotBatchC_BreakoutRetestLong4H,ZIL/USDT:USDT,long,2018-12-28 09:15:00+00:00,2018-12-28 13:00:00+00:00,0.017,0.0166,-0.12252697180821354,-9.33632,-3.20455157,0.0,-3.07692308,0.07615999999999999,0.0,,alpha_batch_c_breakout_retest_long_4h,stop_loss,
f100c7d3c7d4d9a12b8441044611c463f31d6dedea08490c323dd4601eda3fba,freqtrade::AlphaPilotBatchC_BreakoutRetestLong4H,AlphaPilotBatchC_BreakoutRetestLong4H,15m,freqtrade::1b2b6baaab418ebe85bf::AlphaPilotBatchC_BreakoutRetestLong4H,ZRX/USDT:USDT,long,2018-02-25 01:45:00+00:00,2018-02-25 03:00:00+00:00,0.9246,0.9026,-0.1238489559027538,-43.53584,-3.13728067,1.61643836,-3.01369863,0.351348,0.0,,alpha_batch_c_breakout_retest_long_4h,stop_loss,
3ec66253a96be6c8f579ff96c7521a3b24f2efb1bbbad60e813b9be3cfe684b2,freqtrade::AlphaPilotBatchC_BreakoutRetestLong4H,AlphaPilotBatchC_BreakoutRetestLong4H,15m,freqtrade::1b2b6baaab418ebe85bf::AlphaPilotBatchC_BreakoutRetestLong4H,ZIL/USDT:USDT,long,2018-12-27 11:15:00+00:00,2018-12-27 11:45:00+00:00,0.01799,0.0176,-0.11328271384041164,-8.97149,-2.91136575,0.0,-2.78571429,0.079156,0.0,,alpha_batch_c_breakout_retest_long_4h,stop_loss,
5c61da13411f3ba5575441c8038b01231cd7c9099771a875d30155f59fe558f2,freqtrade::AlphaPilotBatchC_BreakoutRetestLong4H,AlphaPilotBatchC_BreakoutRetestLong4H,15m,freqtrade::1b2b6baaab418ebe85bf::AlphaPilotBatchC_BreakoutRetestLong4H,ZIL/USDT:USDT,long,2018-09-23 11:30:00+00:00,2018-09-23 12:00:00+00:00,0.03679,0.0361,-0.0986792550992783,-11.332542,-2.50373089,0.0,-3.75862069,0.1147848,0.0,,alpha_batch_c_breakout_retest_long_4h,stop_loss,
9496a8d4169784d8bdb37aa08edcbef890bdce7680adff777c02bb5837b3b1ca,freqtrade::AlphaPilotBatchC_BreakoutRetestLong4H,AlphaPilotBatchC_BreakoutRetestLong4H,15m,freqtrade::1b2b6baaab418ebe85bf::AlphaPilotBatchC_BreakoutRetestLong4H,ZIL/USDT:USDT,long,2019-03-10 01:00:00+00:00,2019-03-10 01:45:00+00:00,0.01849,0.0182,-0.08333988765487457,-3.6693055,-2.2013636,0.71428571,-2.07142857,0.0440062,0.0,,alpha_batch_c_breakout_retest_long_4h,stop_loss,
5c94d5e063dcafb26607387365ea35ec0ac426d3cff2c57bbd228baff4b2c870,freqtrade::AlphaPilotBatchC_BreakoutRetestLong4H,AlphaPilotBatchC_BreakoutRetestLong4H,4h,freqtrade::680339443397013d5b02::AlphaPilotBatchC_BreakoutRetestLong4H,SOL/USDT:USDT,long,2026-06-15 04:00:00+00:00,2026-06-15 08:00:00+00:00,71.2,72.41,0.08002975722497202,7.91294327,2.0350424,2.85714286,-0.80357143,0.0988256,0.013869968018223515,,alpha_batch_c_breakout_retest_long_4h,roi,
f087e2cb38caf57e549e03c04f59f5d990f187f338a0234cea1d47925a813538,freqtrade::AlphaPilotBatchC_BreakoutRetestLong4H,AlphaPilotBatchC_BreakoutRetestLong4H,4h,freqtrade::680339443397013d5b02::AlphaPilotBatchC_BreakoutRetestLong4H,SOL/USDT:USDT,long,2026-05-06 00:00:00+00:00,2026-05-06 04:00:00+00:00,86.24,87.72,0.08022403455044277,8.0294968,2.03485904,2.41176471,-0.26470588,0.1000384,-0.0500192,,alpha_batch_c_breakout_retest_long_4h,roi,
697f9aaccb600a1c9cac774774fa7d58bc20e94e5989c53a13bad7291a1d636b,freqtrade::AlphaPilotBatchC_BreakoutRetestLong4H,AlphaPilotBatchC_BreakoutRetestLong4H,4h,freqtrade::680339443397013d5b02::AlphaPilotBatchC_BreakoutRetestLong4H,SOL/USDT:USDT,long,2026-02-14 16:00:00+00:00,2026-02-14 20:00:00+00:00,87.38,88.87,0.08017706642215627,10.58415625,2.03068755,2.15942029,-0.62318841,0.1319438,0.0,,alpha_batch_c_breakout_retest_long_4h,roi,
cf99bdcf4d7ae1ac5613c96dadb0906b5156a8ffb817dacdbdfc5024c880486c,freqtrade::AlphaPilotBatchC_BreakoutRetestLong4H,AlphaPilotBatchC_BreakoutRetestLong4H,4h,freqtrade::680339443397013d5b02::AlphaPilotBatchC_BreakoutRetestLong4H,SOL/USDT:USDT,long,2026-07-01 20:00:00+00:00,2026-07-01 20:00:00+00:00,76.96,78.27,0.0800265797454703,7.9365594,2.01929363,3.21311475,-0.6557377,0.09912448,0.0,,alpha_batch_c_breakout_retest_long_4h,roi,
69cbdc9cfe2e0ec55b984675637cf5e61215cc109a903646c8b92aa4196e9e15,freqtrade::AlphaPilotBatchC_BreakoutRetestLong4H,AlphaPilotBatchC_BreakoutRetestLong4H,4h,freqtrade::680339443397013d5b02::AlphaPilotBatchC_BreakoutRetestLong4H,SOL/USDT:USDT,long,2024-05-15 20:00:00+00:00,2024-05-15 20:00:00+00:00,154.92,157.56,0.0801226032994347,22.5773784,2.01830792,3.31707317,-0.57723577,0.28164456000000004,0.0,,alpha_batch_c_breakout_retest_long_4h,roi,
48c1ac9ba8a14f35478418542009829da8f46ef73996e5651edd00209f449c84,freqtrade::AlphaPilotBatchC_BreakoutRetestLong4H,AlphaPilotBatchC_BreakoutRetestLong4H,4h,freqtrade::680339443397013d5b02::AlphaPilotBatchC_BreakoutRetestLong4H,SOL/USDT:USDT,long,2024-09-19 08:00:00+00:00,2024-09-19 12:00:00+00:00,138.57,140.93,0.08007290285722404,17.5177725,2.01740039,4.08181818,-0.28181818,0.21866346,0.0,,alpha_batch_c_breakout_retest_long_4h,roi,
1a7a56181b86c5888cd1e4d46dd562953457279a0dc06a727d624599936dfcbc,freqtrade::AlphaPilotBatchC_BreakoutRetestLong4H,AlphaPilotBatchC_BreakoutRetestLong4H,4h,freqtrade::680339443397013d5b02::AlphaPilotBatchC_BreakoutRetestLong4H,SOL/USDT:USDT,long,2026-04-22 08:00:00+00:00,2026-04-22 16:00:00+00:00,88.03,87.33,-0.04571700290942794,-4.88009376,-1.14984793,1.78571429,-1.41428571,0.10669236,-0.10675296000000001,,alpha_batch_c_breakout_retest_long_4h,stop_loss,
ab56b80f3c6047c6d08d20ad43f919803f875572f1a3882030e80adfebfc8eab,freqtrade::AlphaPilotBatchC_BreakoutRetestLong4H,AlphaPilotBatchC_BreakoutRetestLong4H,4h,freqtrade::680339443397013d5b02::AlphaPilotBatchC_BreakoutRetestLong4H,SOL/USDT:USDT,long,2026-03-17 00:00:00+00:00,2026-03-17 00:00:00+00:00,96.14,95.38,-0.04498343713518735,-5.07974538,-1.13808096,1.05263158,-3.27631579,0.11286836,-0.05643418000000001,,alpha_batch_c_breakout_retest_long_4h,stop_loss,
57a572a1db7360be3d49e97242f84252c09bb25d9838d0bc8bdbea32e96ad9c7,freqtrade::AlphaPilotBatchC_BreakoutRetestLong4H,AlphaPilotBatchC_BreakoutRetestLong4H,4h,freqtrade::680339443397013d5b02::AlphaPilotBatchC_BreakoutRetestLong4H,SOL/USDT:USDT,long,2026-05-06 16:00:00+00:00,2026-05-07 00:00:00+00:00,88.9,88.19,-0.0454188744924754,-4.83962866,-1.13739097,0.97183099,-1.83098592,0.1065022,-0.05634410666221713,,alpha_batch_c_breakout_retest_long_4h,stop_loss,
422532bbeb36ddc32cacebc0b56fd07096e4bdc21eec87e5eceed2b5313ae9c6,freqtrade::AlphaPilotBatchC_BreakoutRetestLong4H,AlphaPilotBatchC_BreakoutRetestLong4H,4h,freqtrade::680339443397013d5b02::AlphaPilotBatchC_BreakoutRetestLong4H,SOL/USDT:USDT,long,2026-04-17 00:00:00+00:00,2026-04-17 00:00:00+00:00,89.02,88.31,-0.04533601543420606,-5.06343882,-1.13684848,0.16901408,-2.26760563,0.11163108,-0.05580927,,alpha_batch_c_breakout_retest_long_4h,stop_loss,
eef79a52522693c9538c2cb731670034755c7c68afe3c35e2fea1ffdee3d90ef,freqtrade::AlphaPilotBatchC_BreakoutRetestLong4H,AlphaPilotBatchC_BreakoutRetestLong4H,4h,freqtrade::680339443397013d5b02::AlphaPilotBatchC_BreakoutRetestLong4H,BTC/USDT:USDT,long,2026-04-08 04:00:00+00:00,2026-04-08 12:00:00+00:00,71280.0,70709.8,-0.045456893457972034,-5.12202417,-1.13650206,2.79989477,-1.06980007,0.1126224,-0.056584461,,alpha_batch_c_breakout_retest_long_4h,stop_loss,
63cd7d791fbf07647efec574a05ce84ada24f298004b0bf4ae52fd4acac04ac9,freqtrade::AlphaPilotBatchC_BreakoutRetestLong4H,AlphaPilotBatchC_BreakoutRetestLong4H,4h,freqtrade::680339443397013d5b02::AlphaPilotBatchC_BreakoutRetestLong4H,SOL/USDT:USDT,long,2026-07-02 16:00:00+00:00,2026-07-02 16:00:00+00:00,80.83,80.19,-0.044960055793323836,-4.57401047,-1.13566291,0.6875,-1.125,0.10168414,-0.0420025671108908,,alpha_batch_c_breakout_retest_long_4h,stop_loss,
3c4ab8274d6ddc6be54d55fb49880f8b35f8d9698aa7b78a5f59b8b10ed697f8,freqtrade::AlphaPilotBatchD_BreakdownRetestShort4H,AlphaPilotBatchD_BreakdownRetestShort4H,15m,freqtrade::e4a5539d9ec7cdae7a29::AlphaPilotBatchD_BreakdownRetestShort4H,ZRX/USDT:USDT,short,2018-03-01 00:45:00+00:00,2018-03-01 01:30:00+00:00,0.9265,0.8951,0.16462197639564521,50.002288,4.12222327,6.95945946,0.0,0.303892,0.0,,alpha_batch_d_breakdown_retest_short_4h,roi,
fa62b75b2aa5323ba8c2c79347526c7928f70b9b85536365ee8d58682e65a9c9,freqtrade::AlphaPilotBatchD_BreakdownRetestShort4H,AlphaPilotBatchD_BreakdownRetestShort4H,15m,freqtrade::e4a5539d9ec7cdae7a29::AlphaPilotBatchD_BreakdownRetestShort4H,ZRX/USDT:USDT,short,2020-04-28 01:30:00+00:00,2020-04-28 02:30:00+00:00,0.203,0.199,0.09361823769027372,2.05146,3.80090045,4.0,0.0,0.021924,0.0,,alpha_batch_d_breakdown_retest_short_4h,roi,
8eb47133b4aa2d827866164b479ac16e5e6c7fdfe147485fe27081372824b607,freqtrade::AlphaPilotBatchD_BreakdownRetestShort4H,AlphaPilotBatchD_BreakdownRetestShort4H,15m,freqtrade::e4a5539d9ec7cdae7a29::AlphaPilotBatchD_BreakdownRetestShort4H,ZRX/USDT:USDT,short,2020-03-09 15:15:00+00:00,2020-03-09 15:30:00+00:00,0.214,0.21,0.0885489473708817,3.33344,3.78989495,7.0,0.0,0.037664,0.0,,alpha_batch_d_breakdown_retest_short_4h,roi,
be49f965e25bd261b458018926aa2d2c3f9acdbf4ddc828b394b523768ea8448,freqtrade::AlphaPilotBatchD_BreakdownRetestShort4H,AlphaPilotBatchD_BreakdownRetestShort4H,15m,freqtrade::e4a5539d9ec7cdae7a29::AlphaPilotBatchD_BreakdownRetestShort4H,ZRX/USDT:USDT,short,2020-02-27 00:30:00+00:00,2020-02-27 00:45:00+00:00,0.225,0.221,0.08397532099383026,3.0216,3.77888944,4.0,0.0,0.036000000000000004,0.0,,alpha_batch_d_breakdown_retest_short_4h,roi,
d0dd9b80fd59db2f4d6ddd8258152cbcd30394794c1bbd9cbd378c0f2c728ae0,freqtrade::AlphaPilotBatchD_BreakdownRetestShort4H,AlphaPilotBatchD_BreakdownRetestShort4H,15m,freqtrade::e4a5539d9ec7cdae7a29::AlphaPilotBatchD_BreakdownRetestShort4H,ZRX/USDT:USDT,short,2020-03-11 16:15:00+00:00,2020-03-11 17:00:00+00:00,0.225,0.221,0.08397532099383026,3.09714,3.77888944,5.0,0.0,0.0369,0.0,,alpha_batch_d_breakdown_retest_short_4h,roi,
207dcd64a3d2aecf29659cd2b253288b5d55ca3dcaa93f0bc2011f3694113cf8,freqtrade::AlphaPilotBatchD_BreakdownRetestShort4H,AlphaPilotBatchD_BreakdownRetestShort4H,15m,freqtrade::e4a5539d9ec7cdae7a29::AlphaPilotBatchD_BreakdownRetestShort4H,ZRX/USDT:USDT,short,2020-03-01 17:00:00+00:00,2020-03-01 18:45:00+00:00,0.229,0.225,0.08242112322536814,3.16932,3.77488744,4.0,0.0,0.038472,0.0,,alpha_batch_d_breakdown_retest_short_4h,roi,
e166c8f24d970bab294c6d3d1b0e6dbc36ba4f7bbe810721849087f82be698e2,freqtrade::AlphaPilotBatchD_BreakdownRetestShort4H,AlphaPilotBatchD_BreakdownRetestShort4H,15m,freqtrade::e4a5539d9ec7cdae7a29::AlphaPilotBatchD_BreakdownRetestShort4H,ZRX/USDT:USDT,short,2018-02-22 01:15:00+00:00,2018-02-22 01:45:00+00:00,0.9126,0.9366,-0.13662649865366608,-47.855232,-3.41603679,0.01369863,-5.09589041,0.3504384,0.0,,alpha_batch_d_breakdown_retest_short_4h,stop_loss,
b61ffbe42e817fac9a3b6d9c09aeee5d0b3e27d043d9dcd77d1fad72dec0db5b,freqtrade::AlphaPilotBatchD_BreakdownRetestShort4H,AlphaPilotBatchD_BreakdownRetestShort4H,15m,freqtrade::e4a5539d9ec7cdae7a29::AlphaPilotBatchD_BreakdownRetestShort4H,ZRX/USDT:USDT,short,2018-02-22 17:45:00+00:00,2018-02-22 23:15:00+00:00,0.8776,0.8971,-0.11621210559701,-39.959206,-2.91393554,0.0,-4.51428571,0.3440192,0.0,,alpha_batch_d_breakdown_retest_short_4h,stop_loss,
3104853d197ce972223a50ba411e3154be08bd95e1421fc47b712b08ec997a2e,freqtrade::AlphaPilotBatchD_BreakdownRetestShort4H,AlphaPilotBatchD_BreakdownRetestShort4H,15m,freqtrade::e4a5539d9ec7cdae7a29::AlphaPilotBatchD_BreakdownRetestShort4H,ZRX/USDT:USDT,short,2018-02-24 10:30:00+00:00,2018-02-24 11:15:00+00:00,0.9,0.9191,-0.11121977655494414,-36.6174765,-2.78049441,0.40277778,-2.65277778,0.32939999999999997,0.0,,alpha_batch_d_breakdown_retest_short_4h,stop_loss,
ef12381815552bb9cc074687aa1141ffe471536ff0310f61410c4d52162c8f07,freqtrade::AlphaPilotBatchD_BreakdownRetestShort4H,AlphaPilotBatchD_BreakdownRetestShort4H,15m,freqtrade::e4a5539d9ec7cdae7a29::AlphaPilotBatchD_BreakdownRetestShort4H,ZRX/USDT:USDT,short,2018-03-10 14:00:00+00:00,2018-03-10 14:30:00+00:00,0.6564,0.6691,-0.10183908224679067,-32.2042275,-2.57104514,0.0,-2.44230769,0.31638479999999997,0.0,,alpha_batch_d_breakdown_retest_short_4h,stop_loss,
88c1c66929d3bd5254a05c9c97b5efbb5ea1e748b836571ebb00695d1788140c,freqtrade::AlphaPilotBatchD_BreakdownRetestShort4H,AlphaPilotBatchD_BreakdownRetestShort4H,15m,freqtrade::e4a5539d9ec7cdae7a29::AlphaPilotBatchD_BreakdownRetestShort4H,ZRX/USDT:USDT,short,2018-03-06 19:15:00+00:00,2018-03-07 00:15:00+00:00,0.79,0.8048,-0.0987671050715231,-31.1948,-2.47701629,0.33333333,-2.34920635,0.316,0.0,,alpha_batch_d_breakdown_retest_short_4h,stop_loss,
2a780a725e110e2bd65fe49d1c7da8798fa834db5a7187f390f5626d0e75b6ce,freqtrade::AlphaPilotBatchD_BreakdownRetestShort4H,AlphaPilotBatchD_BreakdownRetestShort4H,15m,freqtrade::e4a5539d9ec7cdae7a29::AlphaPilotBatchD_BreakdownRetestShort4H,ZIL/USDT:USDT,short,2018-12-08 14:00:00+00:00,2018-12-08 15:15:00+00:00,0.0132,0.0134,-0.08083587248169541,-24.55083,-2.13406703,1.0,-3.0,0.30386399999999997,0.0,,alpha_batch_d_breakdown_retest_short_4h,stop_loss,
be0533ade8b2a1b45d34242773c679847c9b68b12a6b5555aa9aea6bf275c12a,freqtrade::AlphaPilotBatchD_BreakdownRetestShort4H,AlphaPilotBatchD_BreakdownRetestShort4H,4h,freqtrade::11cde7d922c4d393a86b::AlphaPilotBatchD_BreakdownRetestShort4H,SOL/USDT:USDT,short,2026-03-27 16:00:00+00:00,2026-03-27 16:00:00+00:00,83.25,81.81,0.07996398673787566,10.07366152,2.0172733,2.28787879,-0.15151515,0.1260405,-0.20238637610434868,,alpha_batch_d_breakdown_retest_short_4h,roi,
355a7fa75c6d8f7f5f0052b53e7cd199b4a576e136b7d92fa478fbeeb316d63f,freqtrade::AlphaPilotBatchD_BreakdownRetestShort4H,AlphaPilotBatchD_BreakdownRetestShort4H,4h,freqtrade::11cde7d922c4d393a86b::AlphaPilotBatchD_BreakdownRetestShort4H,SOL/USDT:USDT,short,2024-06-24 04:00:00+00:00,2024-06-24 04:00:00+00:00,126.23,124.09,0.07984821056650482,26.0115844,2.01584792,3.04,-0.49,0.32592586,0.0,,alpha_batch_d_breakdown_retest_short_4h,roi,
4c287b81b701ab3b8c437004bcddc2855bb170626608f7e2c452f39e1f2db10d,freqtrade::AlphaPilotBatchD_BreakdownRetestShort4H,AlphaPilotBatchD_BreakdownRetestShort4H,4h,freqtrade::11cde7d922c4d393a86b::AlphaPilotBatchD_BreakdownRetestShort4H,SOL/USDT:USDT,short,2025-01-08 04:00:00+00:00,2025-01-08 04:00:00+00:00,198.73,195.35,0.08012258532023522,27.05516,2.01553942,3.61392405,-0.55063291,0.337841,0.0,,alpha_batch_d_breakdown_retest_short_4h,roi,
3c83d2f85ef375128ccb3c3aff2dcf5af27e71501cbf9c3f308ca08a2fed71d7,freqtrade::AlphaPilotBatchD_BreakdownRetestShort4H,AlphaPilotBatchD_BreakdownRetestShort4H,4h,freqtrade::11cde7d922c4d393a86b::AlphaPilotBatchD_BreakdownRetestShort4H,SOL/USDT:USDT,short,2024-08-11 20:00:00+00:00,2024-08-11 20:00:00+00:00,145.78,143.3,0.08014227994776646,31.0849726,2.01433475,4.17241379,-0.06896552,0.38806636,0.0,,alpha_batch_d_breakdown_retest_short_4h,roi,
138216a7ffbaf59eca1973d2fce6fb8e6286e9247b2e6af7a92d4cc0a1af1854,freqtrade::AlphaPilotBatchD_BreakdownRetestShort4H,AlphaPilotBatchD_BreakdownRetestShort4H,4h,freqtrade::11cde7d922c4d393a86b::AlphaPilotBatchD_BreakdownRetestShort4H,SOL/USDT:USDT,short,2025-06-05 20:00:00+00:00,2025-06-05 20:00:00+00:00,146.09,143.61,0.07996160445887943,22.2072765,2.01406738,4.03448276,-0.36206897,0.27786318,0.0,,alpha_batch_d_breakdown_retest_short_4h,roi,
4b543de26e1fe39a9edbae3d6daa907289474484e9c8246b30143c048b1a1b10,freqtrade::AlphaPilotBatchD_BreakdownRetestShort4H,AlphaPilotBatchD_BreakdownRetestShort4H,4h,freqtrade::11cde7d922c4d393a86b::AlphaPilotBatchD_BreakdownRetestShort4H,SOL/USDT:USDT,short,2025-03-10 20:00:00+00:00,2025-03-10 20:00:00+00:00,119.72,117.69,0.07986347834792773,23.0502177,2.01289592,2.28421053,-0.57894737,0.28876464,0.0,,alpha_batch_d_breakdown_retest_short_4h,roi,
9a8f39a25b692d239ec0654ad8e0daca3f2269276ca5385c055d2db9def1bb98,freqtrade::AlphaPilotBatchD_BreakdownRetestShort4H,AlphaPilotBatchD_BreakdownRetestShort4H,4h,freqtrade::11cde7d922c4d393a86b::AlphaPilotBatchD_BreakdownRetestShort4H,ETH/USDT:USDT,short,2026-03-27 16:00:00+00:00,2026-03-28 04:00:00+00:00,1990.0,2005.92,-0.04608349050805537,-5.79293052,-1.15208726,1.06218593,-1.09673367,0.125768,-0.13085516311586812,,alpha_batch_d_breakdown_retest_short_4h,stop_loss,
6809f8049d5e4deecc15845cfe4010ee4c124e4efc9444e977c5327e82dcac6e,freqtrade::AlphaPilotBatchD_BreakdownRetestShort4H,AlphaPilotBatchD_BreakdownRetestShort4H,4h,freqtrade::11cde7d922c4d393a86b::AlphaPilotBatchD_BreakdownRetestShort4H,BTC/USDT:USDT,short,2026-04-27 20:00:00+00:00,2026-04-29 08:00:00+00:00,76835.3,77449.9,-0.04577265881454315,-5.69461994,-1.14446989,1.96973641,-1.70354702,0.124473186,-0.09150487911651008,,alpha_batch_d_breakdown_retest_short_4h,stop_loss,
d47c7d0ff3a3586903830b5902eab1f1e692e9bf88e2d1efa6f766878a793a7b,freqtrade::AlphaPilotBatchD_BreakdownRetestShort4H,AlphaPilotBatchD_BreakdownRetestShort4H,4h,freqtrade::11cde7d922c4d393a86b::AlphaPilotBatchD_BreakdownRetestShort4H,SOL/USDT:USDT,short,2026-06-23 16:00:00+00:00,2026-06-23 20:00:00+00:00,68.88,69.43,-0.04555738940043686,-4.72972737,-1.14108836,0.54545455,-1.65454545,0.10387104,-0.06129866940745005,,alpha_batch_d_breakdown_retest_short_4h,stop_loss,
20f685d6f5787a95820716eba26e365663de1dc26f29c9d5ab4bf17263d9fc9b,freqtrade::AlphaPilotBatchD_BreakdownRetestShort4H,AlphaPilotBatchD_BreakdownRetestShort4H,4h,freqtrade::11cde7d922c4d393a86b::AlphaPilotBatchD_BreakdownRetestShort4H,SOL/USDT:USDT,short,2026-05-13 20:00:00+00:00,2026-05-14 12:00:00+00:00,90.9,91.62,-0.045180501345994696,-5.26242298,-1.14080766,1.58333333,-3.19444444,0.1165338,-0.06224638075387809,,alpha_batch_d_breakdown_retest_short_4h,stop_loss,
42d6d79d5e15555eb52d1b78255900fac5a0f146e884026e7de9c20dece2cbc5,freqtrade::AlphaPilotBatchD_BreakdownRetestShort4H,AlphaPilotBatchD_BreakdownRetestShort4H,4h,freqtrade::11cde7d922c4d393a86b::AlphaPilotBatchD_BreakdownRetestShort4H,SOL/USDT:USDT,short,2026-06-06 00:00:00+00:00,2026-06-06 00:00:00+00:00,63.6,64.1,-0.0447286000955023,-5.00423721,-1.13789559,2.24,-2.44,0.11193600000000001,-0.04235720795116795,,alpha_batch_d_breakdown_retest_short_4h,stop_loss,
8886f0e17d01d2acf173d8f2dc191729c9fdf2da5ce667d742899ea4aa096c20,freqtrade::AlphaPilotBatchD_BreakdownRetestShort4H,AlphaPilotBatchD_BreakdownRetestShort4H,4h,freqtrade::11cde7d922c4d393a86b::AlphaPilotBatchD_BreakdownRetestShort4H,SOL/USDT:USDT,short,2026-05-28 04:00:00+00:00,2026-05-28 12:00:00+00:00,80.65,81.29,-0.045047089980094844,-4.95299947,-1.13532744,1.125,-1.5,0.11000660000000001,-0.03598406532964661,,alpha_batch_d_breakdown_retest_short_4h,stop_loss,
74dd24123b9ef0ab92f71dd309fc58195115a8539e251f3bb718b252562db9f9,freqtrade::AlphaPilotBatchE_BollingerReversionLong4H,AlphaPilotBatchE_BollingerReversionLong4H,15m,freqtrade::938523c5835c92d5d84d::AlphaPilotBatchE_BollingerReversionLong4H,ZRX/USDT:USDT,long,2018-03-30 01:15:00+00:00,2018-03-30 01:30:00+00:00,0.507,0.5264,0.18613277187836064,50.607244,6.29128769,6.5,-0.66666667,0.271752,0.0,,alpha_batch_e_bollinger_reversion_long_4h,roi,
71cc318730681dfbd44f806176b98bd7dec4444ad743abf3d9552f34182ca644,freqtrade::AlphaPilotBatchE_BollingerReversionLong4H,AlphaPilotBatchE_BollingerReversionLong4H,15m,freqtrade::938523c5835c92d5d84d::AlphaPilotBatchE_BollingerReversionLong4H,ZRX/USDT:USDT,long,2020-05-21 19:15:00+00:00,2020-05-21 19:15:00+00:00,0.32,0.324,0.057440029985007496,0.62526,3.67616192,6.0,0.0,0.01088,0.0,,alpha_batch_e_bollinger_reversion_long_4h,roi,
ec82a97bdf1c21b25f36b745bae0d0167441428e3a8c4b5e0c27f4bb6476ed79,freqtrade::AlphaPilotBatchE_BollingerReversionLong4H,AlphaPilotBatchE_BollingerReversionLong4H,15m,freqtrade::938523c5835c92d5d84d::AlphaPilotBatchE_BollingerReversionLong4H,ZRX/USDT:USDT,long,2020-05-31 16:30:00+00:00,2020-05-31 18:30:00+00:00,0.326,0.33,0.056290872968423764,0.66096,3.67016492,4.0,0.0,0.011736000000000002,0.0,,alpha_batch_e_bollinger_reversion_long_4h,bb_middle_profit_exit,
ab5b916c3b41fe1099d916d80d6a246d166cd7f4c9af3eaf6e24d892ee84555b,freqtrade::AlphaPilotBatchE_BollingerReversionLong4H,AlphaPilotBatchE_BollingerReversionLong4H,15m,freqtrade::938523c5835c92d5d84d::AlphaPilotBatchE_BollingerReversionLong4H,ZRX/USDT:USDT,long,2020-05-31 01:45:00+00:00,2020-05-31 02:30:00+00:00,0.33,0.334,0.05554798358396559,0.62356,3.66616692,4.0,0.0,0.01122,0.0,,alpha_batch_e_bollinger_reversion_long_4h,roi,
47201f6f8baa8694f9789a0015a38fa8f722b46298c6e6e7471987d309061b10,freqtrade::AlphaPilotBatchE_BollingerReversionLong4H,AlphaPilotBatchE_BollingerReversionLong4H,15m,freqtrade::938523c5835c92d5d84d::AlphaPilotBatchE_BollingerReversionLong4H,ZRX/USDT:USDT,long,2020-06-09 16:30:00+00:00,2020-06-09 16:45:00+00:00,0.333,0.337,0.0550025287656472,0.54975,3.66316842,4.0,0.0,0.00999,0.0,,alpha_batch_e_bollinger_reversion_long_4h,roi,
278f61f0546971328c4444c81b91f213c773e2e23dd72f37615670fb01a4532f,freqtrade::AlphaPilotBatchE_BollingerReversionLong4H,AlphaPilotBatchE_BollingerReversionLong4H,15m,freqtrade::938523c5835c92d5d84d::AlphaPilotBatchE_BollingerReversionLong4H,ZIL/USDT:USDT,long,2019-04-11 22:30:00+00:00,2019-04-11 23:30:00+00:00,0.01959,0.02,0.09954313297664594,6.5164235,3.54554541,3.72727273,0.0,0.0654306,0.0,,alpha_batch_e_bollinger_reversion_long_4h,bb_middle_profit_exit,
bf08d727a0bb67bc8e4a6f7ae5f8e166446053039d30b6b8248df15eee16f445,freqtrade::AlphaPilotBatchE_BollingerReversionLong4H,AlphaPilotBatchE_BollingerReversionLong4H,15m,freqtrade::938523c5835c92d5d84d::AlphaPilotBatchE_BollingerReversionLong4H,ZRX/USDT:USDT,long,2018-02-03 03:30:00+00:00,2018-02-03 04:15:00+00:00,1.2257,1.1571,-0.28455789238447593,-90.030906,-9.55568791,0.0,-9.39726027,0.3162306,0.0,,alpha_batch_e_bollinger_reversion_long_4h,stop_loss,
1f5689470430b69710f4a5647995389bfb909af9e4861efb63e7141311eb89a0,freqtrade::AlphaPilotBatchE_BollingerReversionLong4H,AlphaPilotBatchE_BollingerReversionLong4H,15m,freqtrade::938523c5835c92d5d84d::AlphaPilotBatchE_BollingerReversionLong4H,ZRX/USDT:USDT,long,2018-03-07 14:45:00+00:00,2018-03-07 16:30:00+00:00,0.7551,0.7399,-0.1055458233007718,-30.30025,-3.54211783,0.0,-5.62222222,0.28693799999999997,0.0,,alpha_batch_e_bollinger_reversion_long_4h,stop_loss,
1c4ab93e756746d58072c63aea2303e05a136731ad4235f43b9cf63911e80046,freqtrade::AlphaPilotBatchE_BollingerReversionLong4H,AlphaPilotBatchE_BollingerReversionLong4H,15m,freqtrade::938523c5835c92d5d84d::AlphaPilotBatchE_BollingerReversionLong4H,ZRX/USDT:USDT,long,2018-01-25 10:00:00+00:00,2018-01-25 10:15:00+00:00,1.69,1.6599,-0.09396174693718229,-30.8217015,-3.14446242,0.0,-2.98019802,0.32786000000000004,0.0,,alpha_batch_e_bollinger_reversion_long_4h,stop_loss,
e89f24f885af0a3c2e2a473f834ff35fba5107041f71d252e3490f321d57c599,freqtrade::AlphaPilotBatchE_BollingerReversionLong4H,AlphaPilotBatchE_BollingerReversionLong4H,15m,freqtrade::938523c5835c92d5d84d::AlphaPilotBatchE_BollingerReversionLong4H,ZIL/USDT:USDT,long,2018-06-21 05:45:00+00:00,2018-06-21 06:30:00+00:00,0.0882,0.08709,-0.0678597775941961,-16.527501,-2.30201246,0.0,-2.13461538,0.24343199999999998,0.0,,alpha_batch_e_bollinger_reversion_long_4h,stop_loss,
3f9a0d272851cc56303cf64b6e7aa5b79bbb942139d72c553965d13fd7449b5c,freqtrade::AlphaPilotBatchE_BollingerReversionLong4H,AlphaPilotBatchE_BollingerReversionLong4H,15m,freqtrade::938523c5835c92d5d84d::AlphaPilotBatchE_BollingerReversionLong4H,ZIL/USDT:USDT,long,2018-08-02 13:15:00+00:00,2018-08-02 13:30:00+00:00,0.05779,0.05709,-0.06550107884282465,-12.270528,-2.22665138,0.0,-4.11764706,0.1872396,0.0,,alpha_batch_e_bollinger_reversion_long_4h,stop_loss,
9ee6595de26a9b876ccdd70f8b91900a2d884514f3e7daa8b9c3430f94c6ef7a,freqtrade::AlphaPilotBatchE_BollingerReversionLong4H,AlphaPilotBatchE_BollingerReversionLong4H,15m,freqtrade::938523c5835c92d5d84d::AlphaPilotBatchE_BollingerReversionLong4H,ZIL/USDT:USDT,long,2019-02-05 05:45:00+00:00,2019-02-05 06:30:00+00:00,0.0177,0.0175,-0.061438207449947345,-4.48256,-2.17491254,0.0,-2.0,0.072924,0.0,,alpha_batch_e_bollinger_reversion_long_4h,stop_loss,
c48dba38edf80e39bc3369ecb825be82501d4332ad39f0e9172c99869c1ed30a,freqtrade::AlphaPilotBatchE_BollingerReversionLong4H,AlphaPilotBatchE_BollingerReversionLong4H,4h,freqtrade::8fc8c6c95b06ff997f0b::AlphaPilotBatchE_BollingerReversionLong4H,SOL/USDT:USDT,long,2026-01-26 04:00:00+00:00,2026-01-26 04:00:00+00:00,121.49,122.83,0.050095949638153184,5.1271064,1.69059914,2.84722222,0.0,0.10229458,0.0,,alpha_batch_e_bollinger_reversion_long_4h,roi,
9b61efd170689dce6c9ce5ddb4cf8f41de280a58d22577898bdd59ad946b2e62,freqtrade::AlphaPilotBatchE_BollingerReversionLong4H,AlphaPilotBatchE_BollingerReversionLong4H,4h,freqtrade::8fc8c6c95b06ff997f0b::AlphaPilotBatchE_BollingerReversionLong4H,SOL/USDT:USDT,long,2025-05-06 16:00:00+00:00,2025-05-06 16:00:00+00:00,143.1,144.68,0.05015346973613124,7.0800223,1.68869683,2.51764706,-0.89411765,0.1410966,0.0,,alpha_batch_e_bollinger_reversion_long_4h,roi,
238978e4ac3290d5e334991b39857fcc7ff56c6eee103d43f1bd512afa5d740e,freqtrade::AlphaPilotBatchE_BollingerReversionLong4H,AlphaPilotBatchE_BollingerReversionLong4H,4h,freqtrade::8fc8c6c95b06ff997f0b::AlphaPilotBatchE_BollingerReversionLong4H,SOL/USDT:USDT,long,2026-05-14 08:00:00+00:00,2026-05-14 12:00:00+00:00,90.83,91.83,0.05007527668112222,3.75880514,1.6845694,4.38888889,-0.68518519,0.07502558000000001,0.00599804032122592,,alpha_batch_e_bollinger_reversion_long_4h,roi,
8106054a198bf60ebd16875ea7d2261275f6c26acfcdc5e2da3a98aff0246943,freqtrade::AlphaPilotBatchE_BollingerReversionLong4H,AlphaPilotBatchE_BollingerReversionLong4H,4h,freqtrade::8fc8c6c95b06ff997f0b::AlphaPilotBatchE_BollingerReversionLong4H,SOL/USDT:USDT,long,2024-04-10 04:00:00+00:00,2024-04-10 04:00:00+00:00,171.41,173.3,0.05007836785183629,14.2908064,1.68312412,2.24509804,-0.51960784,0.28522624,0.0,,alpha_batch_e_bollinger_reversion_long_4h,roi,
1e86a6e155409e6ca7f7042e8af9cb114c1722b9eca0ea36e54db2a4e1b99b51,freqtrade::AlphaPilotBatchE_BollingerReversionLong4H,AlphaPilotBatchE_BollingerReversionLong4H,4h,freqtrade::8fc8c6c95b06ff997f0b::AlphaPilotBatchE_BollingerReversionLong4H,SOL/USDT:USDT,long,2025-05-13 08:00:00+00:00,2025-05-13 08:00:00+00:00,171.44,173.33,0.050068730217252555,7.213983,1.68309473,3.60784314,-0.61764706,0.14400960000000002,0.0,,alpha_batch_e_bollinger_reversion_long_4h,roi,
2f80e2d2c387badbef1bcea16dae3d372a9ec83acf2886540faa9e0a62f948eb,freqtrade::AlphaPilotBatchE_BollingerReversionLong4H,AlphaPilotBatchE_BollingerReversionLong4H,4h,freqtrade::8fc8c6c95b06ff997f0b::AlphaPilotBatchE_BollingerReversionLong4H,SOL/USDT:USDT,long,2025-12-02 00:00:00+00:00,2025-12-02 00:00:00+00:00,126.55,127.94,0.04986661153816612,5.0762751,1.68283192,2.53333333,-0.8,0.10174620000000001,0.0,,alpha_batch_e_bollinger_reversion_long_4h,roi,
a7b97dcb262d0aa12bb36bef08800dc48b1f8d4d28e129d6e967ffc1ded538e8,freqtrade::AlphaPilotBatchE_BollingerReversionLong4H,AlphaPilotBatchE_BollingerReversionLong4H,4h,freqtrade::8fc8c6c95b06ff997f0b::AlphaPilotBatchE_BollingerReversionLong4H,SOL/USDT:USDT,long,2026-06-18 20:00:00+00:00,2026-06-19 00:00:00+00:00,69.35,68.94,-0.03503021380441719,-2.62014368,-1.1850465,1.70731707,-1.90243902,0.0747593,-0.037552129999999996,,alpha_batch_e_bollinger_reversion_long_4h,stop_loss,
f51b2d6c6df8f0db61da9dd12defed95e58d361217dc480cc393339accb5626e,freqtrade::AlphaPilotBatchE_BollingerReversionLong4H,AlphaPilotBatchE_BollingerReversionLong4H,4h,freqtrade::8fc8c6c95b06ff997f0b::AlphaPilotBatchE_BollingerReversionLong4H,BTC/USDT:USDT,long,2026-03-27 00:00:00+00:00,2026-03-27 04:00:00+00:00,68799.5,68386.8,-0.03533897222184394,-2.87037274,-1.17824261,0.88320814,-1.31209111,0.08118341,-0.030743157603170083,,alpha_batch_e_bollinger_reversion_long_4h,stop_loss,
1f898cf0b81502b7a317a978bc4dd1d158886a47ca90aae7d3493e652bca483d,freqtrade::AlphaPilotBatchE_BollingerReversionLong4H,AlphaPilotBatchE_BollingerReversionLong4H,4h,freqtrade::8fc8c6c95b06ff997f0b::AlphaPilotBatchE_BollingerReversionLong4H,ETH/USDT:USDT,long,2026-05-13 20:00:00+00:00,2026-05-14 00:00:00+00:00,2255.75,2242.22,-0.03531604382500159,-2.70993593,-1.17759299,0.94900222,-1.36659276,0.0766955,-0.027508482622405454,,alpha_batch_e_bollinger_reversion_long_4h,stop_loss,
66b4cf33eecccd8d4d284217fe5334c4589f322f81f406f82741fa6dbaf60c1d,freqtrade::AlphaPilotBatchE_BollingerReversionLong4H,AlphaPilotBatchE_BollingerReversionLong4H,4h,freqtrade::8fc8c6c95b06ff997f0b::AlphaPilotBatchE_BollingerReversionLong4H,BTC/USDT:USDT,long,2026-05-13 20:00:00+00:00,2026-05-14 00:00:00+00:00,79607.7,79130.1,-0.03529431753392817,-2.69866012,-1.17659106,0.25272194,-1.55925461,0.076423392,-0.025209402158762002,,alpha_batch_e_bollinger_reversion_long_4h,stop_loss,
6bd83e726b41a6d345fbaf3e4a0a7186b0587c3a705da0abad5e8043275f911c,freqtrade::AlphaPilotBatchE_BollingerReversionLong4H,AlphaPilotBatchE_BollingerReversionLong4H,4h,freqtrade::8fc8c6c95b06ff997f0b::AlphaPilotBatchE_BollingerReversionLong4H,BTC/USDT:USDT,long,2026-06-30 20:00:00+00:00,2026-07-01 00:00:00+00:00,58789.7,58437.0,-0.035201959940308745,-2.60888975,-1.17352575,1.49645591,-2.94783102,0.074075022,-0.017615641571111167,,alpha_batch_e_bollinger_reversion_long_4h,stop_loss,
53845df59943c39b28ddbad96cf4e18bc340cf49be799fd2d78b75b4f0fcde63,freqtrade::AlphaPilotBatchE_BollingerReversionLong4H,AlphaPilotBatchE_BollingerReversionLong4H,4h,freqtrade::8fc8c6c95b06ff997f0b::AlphaPilotBatchE_BollingerReversionLong4H,ETH/USDT:USDT,long,2026-06-03 08:00:00+00:00,2026-06-03 12:00:00+00:00,1877.44,1866.18,-0.035141627323938336,-2.71958254,-1.17187028,1.36323268,-3.75310835,0.077350528,-0.0144296770420314,,alpha_batch_e_bollinger_reversion_long_4h,stop_loss,
d27b08f233028c24a1d3feb9b2077031ef8b0899d991aa4e1341454261275b75,freqtrade::AlphaPilotBatchF_BollingerReversionShort4H,AlphaPilotBatchF_BollingerReversionShort4H,15m,freqtrade::0bcee7fb9c88ab4ddcfc::AlphaPilotBatchF_BollingerReversionShort4H,ZRX/USDT:USDT,short,2018-04-21 01:15:00+00:00,2018-04-21 01:30:00+00:00,0.97,0.9402,0.14875943126202276,34.036982,4.97574649,6.15517241,0.0,0.22891999999999998,0.0,,alpha_batch_f_bollinger_reversion_short_4h,bb_middle_profit_exit,
d8714ac2616a54430a5d298326c9c5d27779051ce7df0d2d4536dd73f9745970,freqtrade::AlphaPilotBatchF_BollingerReversionShort4H,AlphaPilotBatchF_BollingerReversionShort4H,15m,freqtrade::0bcee7fb9c88ab4ddcfc::AlphaPilotBatchF_BollingerReversionShort4H,ZRX/USDT:USDT,short,2020-06-29 13:00:00+00:00,2020-06-29 13:30:00+00:00,0.333,0.329,0.05511764891454736,0.47697,3.67083542,4.0,0.0,0.008657999999999999,0.0,,alpha_batch_f_bollinger_reversion_short_4h,bb_middle_profit_exit,
831b39e886030231174a57adbc156a9ada7d7dd9966aea39a37e9614da3b8fcb,freqtrade::AlphaPilotBatchF_BollingerReversionShort4H,AlphaPilotBatchF_BollingerReversionShort4H,15m,freqtrade::0bcee7fb9c88ab4ddcfc::AlphaPilotBatchF_BollingerReversionShort4H,ZRX/USDT:USDT,short,2018-03-26 06:30:00+00:00,2018-03-26 09:00:00+00:00,0.5978,0.5848,0.1038383025570999,29.160445,3.54711642,22.08571429,0.0,0.280966,0.0,,alpha_batch_f_bollinger_reversion_short_4h,bb_middle_profit_exit,
f92a3e07513bca9ffc625ac551bf890d275d1479da6ed1c4eee6a32cbe9b27ce,freqtrade::AlphaPilotBatchF_BollingerReversionShort4H,AlphaPilotBatchF_BollingerReversionShort4H,15m,freqtrade::0bcee7fb9c88ab4ddcfc::AlphaPilotBatchF_BollingerReversionShort4H,ZIL/USDT:USDT,short,2018-09-23 11:30:00+00:00,2018-09-23 12:00:00+00:00,0.03679,0.0361,0.08886680361110155,15.3585425,2.97219064,4.95454545,0.0,0.172913,0.0,,alpha_batch_f_bollinger_reversion_short_4h,bb_middle_profit_exit,
efc99c3091f53dfef2ec77cb8972d4096db8be649668736e700f000b6ec71035,freqtrade::AlphaPilotBatchF_BollingerReversionShort4H,AlphaPilotBatchF_BollingerReversionShort4H,15m,freqtrade::0bcee7fb9c88ab4ddcfc::AlphaPilotBatchF_BollingerReversionShort4H,ZIL/USDT:USDT,short,2018-08-23 08:30:00+00:00,2018-08-23 09:30:00+00:00,0.0344,0.03379,0.08374899659131892,17.9106455,2.88096548,3.05,0.0,0.213968,0.0,,alpha_batch_f_bollinger_reversion_short_4h,bb_middle_profit_exit,
353d5b9d580108fffd6b52133540613aeffad698cbf0a593cfa0c20ffe8c1b12,freqtrade::AlphaPilotBatchF_BollingerReversionShort4H,AlphaPilotBatchF_BollingerReversionShort4H,15m,freqtrade::0bcee7fb9c88ab4ddcfc::AlphaPilotBatchF_BollingerReversionShort4H,ZRX/USDT:USDT,short,2020-08-13 00:30:00+00:00,2020-08-13 01:30:00+00:00,0.466,0.46,0.05943959104015527,0.38759,2.76988494,4.0,-0.5,0.006524,0.0,,alpha_batch_f_bollinger_reversion_short_4h,roi,
3fb5fc01df460b9ff8ab89f324ff97d79fb7953e0a6a8e33397e16d7d05a648c,freqtrade::AlphaPilotBatchF_BollingerReversionShort4H,AlphaPilotBatchF_BollingerReversionShort4H,15m,freqtrade::0bcee7fb9c88ab4ddcfc::AlphaPilotBatchF_BollingerReversionShort4H,ZRX/USDT:USDT,short,2018-03-27 12:00:00+00:00,2018-03-27 12:45:00+00:00,0.63,0.66,-0.24333595369113126,-69.8706,-8.28657572,0.0,-8.10810811,0.28728,0.0,,alpha_batch_f_bollinger_reversion_short_4h,stop_loss,
3c1ef80dde990b65a81fc085798177f4c4fa54d86178fa8609be911c524d139f,freqtrade::AlphaPilotBatchF_BollingerReversionShort4H,AlphaPilotBatchF_BollingerReversionShort4H,15m,freqtrade::0bcee7fb9c88ab4ddcfc::AlphaPilotBatchF_BollingerReversionShort4H,ZRX/USDT:USDT,short,2018-04-07 17:00:00+00:00,2018-04-07 23:15:00+00:00,0.53,0.545,-0.14665351543696376,-39.309875,-5.01460408,0.0,-4.83870968,0.26818000000000003,0.0,,alpha_batch_f_bollinger_reversion_short_4h,stop_loss,
ea0196641b725bcede2a6687ba1b72e19a15e1c57f11837c1cfc45db390b1051,freqtrade::AlphaPilotBatchF_BollingerReversionShort4H,AlphaPilotBatchF_BollingerReversionShort4H,15m,freqtrade::0bcee7fb9c88ab4ddcfc::AlphaPilotBatchF_BollingerReversionShort4H,ZRX/USDT:USDT,short,2018-04-12 12:00:00+00:00,2018-04-12 12:30:00+00:00,0.638,0.6538,-0.1289508390558916,-32.562882,-4.33003344,0.0,-4.15789474,0.252648,0.0,,alpha_batch_f_bollinger_reversion_short_4h,stop_loss,
ac8b7b7e9ec4b3e6f09365dd5a28ee1a6039181b858fd95c21b86d8c727df1e7,freqtrade::AlphaPilotBatchF_BollingerReversionShort4H,AlphaPilotBatchF_BollingerReversionShort4H,15m,freqtrade::0bcee7fb9c88ab4ddcfc::AlphaPilotBatchF_BollingerReversionShort4H,ZRX/USDT:USDT,short,2018-03-20 00:00:00+00:00,2018-03-20 00:15:00+00:00,0.4506,0.46,-0.10941222941697215,-31.832619,-3.65193708,0.0,-3.48148148,0.2910876,0.0,,alpha_batch_f_bollinger_reversion_short_4h,stop_loss,
3bbbe3a53cc9a7d4a79196cdf5ab2992e8fa352ae9777c6f7616dc367d851a6a,freqtrade::AlphaPilotBatchF_BollingerReversionShort4H,AlphaPilotBatchF_BollingerReversionShort4H,15m,freqtrade::0bcee7fb9c88ab4ddcfc::AlphaPilotBatchF_BollingerReversionShort4H,ZIL/USDT:USDT,short,2019-01-06 15:30:00+00:00,2019-01-06 17:15:00+00:00,0.0211,0.02149,-0.09751202615525771,-8.0202525,-3.42917292,1.75,-5.0,0.08229,0.0,,alpha_batch_f_bollinger_reversion_short_4h,stop_loss,
041cbade94a6c78fb21fdfbee199c47650e1e1cede6bc75200bc33d62669e634,freqtrade::AlphaPilotBatchF_BollingerReversionShort4H,AlphaPilotBatchF_BollingerReversionShort4H,15m,freqtrade::0bcee7fb9c88ab4ddcfc::AlphaPilotBatchF_BollingerReversionShort4H,ZRX/USDT:USDT,short,2018-04-14 21:45:00+00:00,2018-04-15 00:45:00+00:00,0.7388,0.751,-0.08765143264648026,-20.71184,-2.94349447,0.0,-2.79545455,0.23641600000000002,0.0,,alpha_batch_f_bollinger_reversion_short_4h,stop_loss,
064c5bd7a80fd47414d9ac5c2a13138b3f9abfe39c5bab84c3d8ab7907de430e,freqtrade::AlphaPilotBatchF_BollingerReversionShort4H,AlphaPilotBatchF_BollingerReversionShort4H,30m,freqtrade::c68b4d83280b4650f3b5::AlphaPilotBatchF_BollingerReversionShort4H,GMT/USDT:USDT,short,2026-03-15 13:00:00+00:00,2026-03-15 13:00:00+00:00,0.01143,0.0113,0.051922286602618904,0.77919468,1.97823912,2.16666667,-0.5,0.015014448,0.0,,alpha_batch_f_bollinger_reversion_short_4h,roi,
417da24d3f550610110decbf49520dfe89bcae11c07bba225e3725912bca14f3,freqtrade::AlphaPilotBatchF_BollingerReversionShort4H,AlphaPilotBatchF_BollingerReversionShort4H,30m,freqtrade::c68b4d83280b4650f3b5::AlphaPilotBatchF_BollingerReversionShort4H,SAND/USDT:USDT,short,2026-01-30 20:00:00+00:00,2026-01-30 20:00:00+00:00,0.1157,0.1144,0.051233481909494075,6.6949675,1.97590462,2.5,0.0,0.13074100000000002,0.0,,alpha_batch_f_bollinger_reversion_short_4h,roi,
978f82abfd234eb79c1fb75a89b23e20acac57567b6e4f09b338544c16cf1aa7,freqtrade::AlphaPilotBatchF_BollingerReversionShort4H,AlphaPilotBatchF_BollingerReversionShort4H,30m,freqtrade::c68b4d83280b4650f3b5::AlphaPilotBatchF_BollingerReversionShort4H,OP/USDT:USDT,short,2026-03-08 13:00:00+00:00,2026-03-08 13:00:00+00:00,0.116,0.1147,0.051088044022011,1.13134075,1.97540437,3.0,-0.33333333,0.022156,0.0,,alpha_batch_f_bollinger_reversion_short_4h,roi,
53a428f79b08a0253dd4fa5451458452e33a2ff5f9d9d8c0a1769467adea944e,freqtrade::AlphaPilotBatchF_BollingerReversionShort4H,AlphaPilotBatchF_BollingerReversionShort4H,30m,freqtrade::c68b4d83280b4650f3b5::AlphaPilotBatchF_BollingerReversionShort4H,GMT/USDT:USDT,short,2026-02-11 15:00:00+00:00,2026-02-11 15:00:00+00:00,0.01161,0.01148,0.051039731718874055,7.66202476,1.97523762,3.0,-0.66666667,0.150193926,0.0,,alpha_batch_f_bollinger_reversion_short_4h,roi,
1d33ac60b967fe8539f853db00e05353ac4de4635db99b210fa1c4ef39da623c,freqtrade::AlphaPilotBatchF_BollingerReversionShort4H,AlphaPilotBatchF_BollingerReversionShort4H,30m,freqtrade::c68b4d83280b4650f3b5::AlphaPilotBatchF_BollingerReversionShort4H,DOT/USDT:USDT,short,2026-04-09 23:00:00+00:00,2026-04-09 23:30:00+00:00,1.321,1.306,0.05182947264699722,0.0684325,1.95619238,3.85714286,0.0,0.001321,0.0,,alpha_batch_f_bollinger_reversion_short_4h,roi,
7baf8a5cb4ed450ae3f1ef583e6fae02ced3296f8fb1325dc6567814c1ac0b9e,freqtrade::AlphaPilotBatchF_BollingerReversionShort4H,AlphaPilotBatchF_BollingerReversionShort4H,30m,freqtrade::c68b4d83280b4650f3b5::AlphaPilotBatchF_BollingerReversionShort4H,XRP/USDT:USDT,short,2026-05-29 10:00:00+00:00,2026-05-29 11:30:00+00:00,1.322,1.307,0.051786483256756964,0.0136855,1.95604945,2.28571429,-0.14285714,0.00026440000000000003,0.0,,alpha_batch_f_bollinger_reversion_short_4h,roi,
24d7fcb105596565a7728d9d5b8419cf4616da32965951b8b59cedb6af4140b3,freqtrade::AlphaPilotBatchF_BollingerReversionShort4H,AlphaPilotBatchF_BollingerReversionShort4H,30m,freqtrade::c68b4d83280b4650f3b5::AlphaPilotBatchF_BollingerReversionShort4H,ORDI/USDT:USDT,short,2026-04-16 04:00:00+00:00,2026-04-16 04:00:00+00:00,4.129,4.153,-0.03959689251953936,-0.04575587,-1.36246308,3.83333333,-9.5,0.00115612,-0.006358473121015671,,alpha_batch_f_bollinger_reversion_short_4h,stop_loss,
188a64f5ccfcae007e30e97040fd91c71574cd948eac6a200eb6e35d6ea7511e,freqtrade::AlphaPilotBatchF_BollingerReversionShort4H,AlphaPilotBatchF_BollingerReversionShort4H,30m,freqtrade::c68b4d83280b4650f3b5::AlphaPilotBatchF_BollingerReversionShort4H,INJ/USDT:USDT,short,2026-04-25 16:00:00+00:00,2026-04-25 16:00:00+00:00,3.6,3.621,-0.03647945767755672,-0.0341277,-1.25072426,1.04761905,-2.14285714,0.0009360000000000001,-0.002134052789070852,,alpha_batch_f_bollinger_reversion_short_4h,stop_loss,
bbb7927d8ad87f0c300cd6b85c4434860664ab350f491f8c820dfe503428b34b,freqtrade::AlphaPilotBatchF_BollingerReversionShort4H,AlphaPilotBatchF_BollingerReversionShort4H,30m,freqtrade::c68b4d83280b4650f3b5::AlphaPilotBatchF_BollingerReversionShort4H,JUP/USDT:USDT,short,2026-04-10 12:00:00+00:00,2026-04-10 12:30:00+00:00,0.162,0.1629,-0.034740364009165074,-0.045001,-1.2506531,0.55555556,-1.88888889,0.001296,-0.0025030043216811115,,alpha_batch_f_bollinger_reversion_short_4h,stop_loss,
174e3ed3cd84ce74628a01d722fb5ba001f3a95d72a3341ec81ba69137730330,freqtrade::AlphaPilotBatchF_BollingerReversionShort4H,AlphaPilotBatchF_BollingerReversionShort4H,30m,freqtrade::c68b4d83280b4650f3b5::AlphaPilotBatchF_BollingerReversionShort4H,SEI/USDT:USDT,short,2026-06-07 04:00:00+00:00,2026-06-07 04:30:00+00:00,0.0484,0.04869,-0.03726863431715858,-0.0072116,-1.24400131,0.65517241,-1.79310345,0.0001936,-0.0004407026562707161,,alpha_batch_f_bollinger_reversion_short_4h,stop_loss,
8667df5e4874220f04841abca05082351e2aea1146cf07044962c87e45d94d74,freqtrade::AlphaPilotBatchF_BollingerReversionShort4H,AlphaPilotBatchF_BollingerReversionShort4H,30m,freqtrade::c68b4d83280b4650f3b5::AlphaPilotBatchF_BollingerReversionShort4H,SEI/USDT:USDT,short,2026-04-10 03:30:00+00:00,2026-04-10 04:30:00+00:00,0.05666,0.05699,-0.036052116041457694,-0.05308398,-1.23800782,0.84848485,-1.48484848,0.00147316,-0.002796729168187543,,alpha_batch_f_bollinger_reversion_short_4h,stop_loss,
066d630883ea879bfe93937c6fe65a5f4b03d996452b5a3171e3a6982500bd7f,freqtrade::AlphaPilotBatchF_BollingerReversionShort4H,AlphaPilotBatchF_BollingerReversionShort4H,30m,freqtrade::c68b4d83280b4650f3b5::AlphaPilotBatchF_BollingerReversionShort4H,OP/USDT:USDT,short,2026-05-13 04:00:00+00:00,2026-05-13 09:00:00+00:00,0.1547,0.1556,-0.03557486564872611,-0.01100136,-1.22298483,1.22222222,-2.11111111,0.00030940000000000004,-0.00044985795661158634,,alpha_batch_f_bollinger_reversion_short_4h,stop_loss,
4acd04bdc3ebc5c5d637c3dd568bb84478a46ff7d0f4081aad79e8ed4474192f,freqtrade::AlphaPilotBatchF_BollingerReversionShort4H,AlphaPilotBatchF_BollingerReversionShort4H,4h,freqtrade::7e0e1cd8428ad6d0b613::AlphaPilotBatchF_BollingerReversionShort4H,SOL/USDT:USDT,short,2026-05-04 08:00:00+00:00,2026-05-04 08:00:00+00:00,84.81,83.88,0.050053635075403335,7.13660198,1.69801952,3.24,-0.74,0.14265042,0.0246434318636452,,alpha_batch_f_bollinger_reversion_short_4h,roi,
15d2606c455709dbd38927eb9605e5be668ad5b2bec27c8f66895210bb4799a6,freqtrade::AlphaPilotBatchF_BollingerReversionShort4H,AlphaPilotBatchF_BollingerReversionShort4H,4h,freqtrade::7e0e1cd8428ad6d0b613::AlphaPilotBatchF_BollingerReversionShort4H,SOL/USDT:USDT,short,2026-04-22 16:00:00+00:00,2026-04-22 16:00:00+00:00,88.15,87.19,0.05000480955168452,6.57333424,1.69535537,2.13461538,-0.53846154,0.13151980000000002,0.06575244000000001,,alpha_batch_f_bollinger_reversion_short_4h,roi,
98cd3bf3cd6d8784ac646418578d0fb8c547072b12bf7e84781f04559841be15,freqtrade::AlphaPilotBatchF_BollingerReversionShort4H,AlphaPilotBatchF_BollingerReversionShort4H,4h,freqtrade::7e0e1cd8428ad6d0b613::AlphaPilotBatchF_BollingerReversionShort4H,SOL/USDT:USDT,short,2026-06-30 04:00:00+00:00,2026-06-30 08:00:00+00:00,74.15,73.34,0.05014864532244742,7.31439237,1.6902373,2.0,-0.18181818,0.1459272,0.06964316924470565,,alpha_batch_f_bollinger_reversion_short_4h,roi,
f9f92ddaa673c0637c87d1483516699eb2738dfe91c28e9313f7354985e7610f,freqtrade::AlphaPilotBatchF_BollingerReversionShort4H,AlphaPilotBatchF_BollingerReversionShort4H,4h,freqtrade::7e0e1cd8428ad6d0b613::AlphaPilotBatchF_BollingerReversionShort4H,SOL/USDT:USDT,short,2026-04-12 00:00:00+00:00,2026-04-12 00:00:00+00:00,84.88,83.96,0.04974606766154048,6.5837226,1.68897849,6.14,-0.16,0.1324128,0.06619860000000001,,alpha_batch_f_bollinger_reversion_short_4h,roi,
f52963a20241de0995fb8ad9f86428c63f337699b71d7f6004e3e6a8d1aa07a1,freqtrade::AlphaPilotBatchF_BollingerReversionShort4H,AlphaPilotBatchF_BollingerReversionShort4H,4h,freqtrade::7e0e1cd8428ad6d0b613::AlphaPilotBatchF_BollingerReversionShort4H,SOL/USDT:USDT,short,2025-03-03 04:00:00+00:00,2025-03-03 04:00:00+00:00,169.9,168.03,0.05008493063482889,11.10775855,1.68503559,10.00990099,-0.71287129,0.2218894,0.0,,alpha_batch_f_bollinger_reversion_short_4h,roi,
f01a0f56b775404320534848135388a5db442acf6852d479b3702ec88cb986ff,freqtrade::AlphaPilotBatchF_BollingerReversionShort4H,AlphaPilotBatchF_BollingerReversionShort4H,4h,freqtrade::7e0e1cd8428ad6d0b613::AlphaPilotBatchF_BollingerReversionShort4H,SOL/USDT:USDT,short,2024-10-21 12:00:00+00:00,2024-10-21 12:00:00+00:00,166.5,164.67,0.050007436150507685,14.0809509,1.68206831,5.19191919,-0.68686869,0.281718,0.0,,alpha_batch_f_bollinger_reversion_short_4h,roi,
73f94b750e03928e15235231a461719790e392310f7d035fc52b1833f4c3f1d0,freqtrade::AlphaPilotBatchF_BollingerReversionShort4H,AlphaPilotBatchF_BollingerReversionShort4H,4h,freqtrade::7e0e1cd8428ad6d0b613::AlphaPilotBatchF_BollingerReversionShort4H,BTC/USDT:USDT,short,2026-06-15 08:00:00+00:00,2026-06-15 08:00:00+00:00,65648.5,66042.3,-0.03537035846137143,-4.96661894,-1.1792844,0.45073641,-1.8321483,0.14048779,-0.04841316035194258,,alpha_batch_f_bollinger_reversion_short_4h,stop_loss,
1268cc8aafb21d6f00ea53a2bf17cfd3d4ba56787c3ffc2524b7c55b27a49e12,freqtrade::AlphaPilotBatchF_BollingerReversionShort4H,AlphaPilotBatchF_BollingerReversionShort4H,4h,freqtrade::7e0e1cd8428ad6d0b613::AlphaPilotBatchF_BollingerReversionShort4H,BTC/USDT:USDT,short,2026-05-04 20:00:00+00:00,2026-05-05 00:00:00+00:00,80006.0,80486.0,-0.03526984600717227,-5.07669912,-1.17574971,0.62395833,-2.23020833,0.1440108,-0.03448511597326017,,alpha_batch_f_bollinger_reversion_short_4h,stop_loss,
3196824bd837f9b5f5937bdefb964d1e8bd9c49ebf7be34449b6f23f22b6602f,freqtrade::AlphaPilotBatchF_BollingerReversionShort4H,AlphaPilotBatchF_BollingerReversionShort4H,4h,freqtrade::7e0e1cd8428ad6d0b613::AlphaPilotBatchF_BollingerReversionShort4H,SOL/USDT:USDT,short,2026-02-26 00:00:00+00:00,2026-02-26 00:00:00+00:00,88.02,88.54,-0.03457079596376239,-4.7324184,-1.17035441,0.96153846,-2.32692308,0.13695912000000002,0.0,,alpha_batch_f_bollinger_reversion_short_4h,stop_loss,
7ac09e38537a5b3fa45b7804820c406656f837b169153dac10bea4130242dde7,freqtrade::AlphaPilotBatchF_BollingerReversionShort4H,AlphaPilotBatchF_BollingerReversionShort4H,4h,freqtrade::7e0e1cd8428ad6d0b613::AlphaPilotBatchF_BollingerReversionShort4H,SOL/USDT:USDT,short,2026-03-16 16:00:00+00:00,2026-03-16 16:00:00+00:00,93.14,93.69,-0.034552482084266964,-4.54185201,-1.17026116,0.14545455,-4.18181818,0.13151368,0.0006578852983223858,,alpha_batch_f_bollinger_reversion_short_4h,stop_loss,
7498e829e28618c361d3a696bad05ec308986e5c767159a919ce24dc6d5d4cb3,freqtrade::AlphaPilotBatchF_BollingerReversionShort4H,AlphaPilotBatchF_BollingerReversionShort4H,4h,freqtrade::7e0e1cd8428ad6d0b613::AlphaPilotBatchF_BollingerReversionShort4H,SOL/USDT:USDT,short,2026-04-08 04:00:00+00:00,2026-04-08 04:00:00+00:00,84.53,85.03,-0.034607390054899684,-4.5554362,-1.17014507,1.38,-1.06,0.13169774,0.0,,alpha_batch_f_bollinger_reversion_short_4h,stop_loss,
28d9337af048f117162eb7b89ecaca28a75b37a80b4e2c7fad356a9c44dc6625,freqtrade::AlphaPilotBatchF_BollingerReversionShort4H,AlphaPilotBatchF_BollingerReversionShort4H,4h,freqtrade::7e0e1cd8428ad6d0b613::AlphaPilotBatchF_BollingerReversionShort4H,SOL/USDT:USDT,short,2026-03-13 16:00:00+00:00,2026-03-13 16:00:00+00:00,89.43,89.96,-0.03466426269156047,-4.66630335,-1.16982076,2.13207547,-1.33962264,0.13468158,0.0,,alpha_batch_f_bollinger_reversion_short_4h,stop_loss,
d9f9f8783e34564a108fb44c168e145d84c2952982a4240fde8c0a0c7068f4a4,freqtrade::AlphaPilotBatchG_RelativeStrengthLong4H,AlphaPilotBatchG_RelativeStrengthLong4H,15m,freqtrade::e8232b8e5e514b80fb16::AlphaPilotBatchG_RelativeStrengthLong4H,ZRX/USDT:USDT,long,2018-03-27 18:15:00+00:00,2018-03-27 19:45:00+00:00,0.6372,0.6726,0.27250263757010385,66.363141,6.94554723,7.08,0.0,0.24341040000000003,0.0,,alpha_batch_g_relative_strength_long_4h,roi,
b84b31c29a5aab15afc4eb8331fecdbfaa770e9bb62083c71455ff5987b7e7a3,freqtrade::AlphaPilotBatchG_RelativeStrengthLong4H,AlphaPilotBatchG_RelativeStrengthLong4H,15m,freqtrade::e8232b8e5e514b80fb16::AlphaPilotBatchG_RelativeStrengthLong4H,ZRX/USDT:USDT,long,2018-04-10 09:15:00+00:00,2018-04-11 00:00:00+00:00,0.5441,0.5711,0.24287066171013008,61.875216,6.14632219,6.30232558,0.0,0.2546388,0.0,,alpha_batch_g_relative_strength_long_4h,roi,
49be13da2ad18026467259f4c8f68b9487fd1ba5e626e366c2cb6000eb91a9b1,freqtrade::AlphaPilotBatchG_RelativeStrengthLong4H,AlphaPilotBatchG_RelativeStrengthLong4H,15m,freqtrade::e8232b8e5e514b80fb16::AlphaPilotBatchG_RelativeStrengthLong4H,ZRX/USDT:USDT,long,2018-04-15 01:00:00+00:00,2018-04-15 15:30:00+00:00,0.7511,0.78,0.18719471312140495,42.201675,4.68673163,4.81666667,-0.96666667,0.22533000000000003,0.0,,alpha_batch_g_relative_strength_long_4h,roi,
be2eb116157f1c00270b1d2d42a80650e4308bfc9e1ed9ce93e1d37e42c4fb81,freqtrade::AlphaPilotBatchG_RelativeStrengthLong4H,AlphaPilotBatchG_RelativeStrengthLong4H,15m,freqtrade::e8232b8e5e514b80fb16::AlphaPilotBatchG_RelativeStrengthLong4H,ZRX/USDT:USDT,long,2018-01-19 12:30:00+00:00,2018-01-19 12:45:00+00:00,1.7799,1.8403,0.16450536459957,59.761698,4.1239873,4.26056338,0.0,0.3630996,0.0,,alpha_batch_g_relative_strength_long_4h,roi,
03b548841f62096b2d6db45992f5232feee666f787725b02c8bc61338e4986c8,freqtrade::AlphaPilotBatchG_RelativeStrengthLong4H,AlphaPilotBatchG_RelativeStrengthLong4H,15m,freqtrade::e8232b8e5e514b80fb16::AlphaPilotBatchG_RelativeStrengthLong4H,ZRX/USDT:USDT,long,2020-05-01 04:00:00+00:00,2020-05-01 09:45:00+00:00,0.205,0.209,0.09246596214088076,0.03793,3.79110445,6.0,0.0,0.00041,0.0,,alpha_batch_g_relative_strength_long_4h,roi,
9147d57d611e7615ddc55d2f166458d978ec5b04133b335e5e8bec278b2df487,freqtrade::AlphaPilotBatchG_RelativeStrengthLong4H,AlphaPilotBatchG_RelativeStrengthLong4H,15m,freqtrade::e8232b8e5e514b80fb16::AlphaPilotBatchG_RelativeStrengthLong4H,ZRX/USDT:USDT,long,2020-05-06 02:15:00+00:00,2020-05-06 07:00:00+00:00,0.205,0.209,0.09246596214088076,0.03793,3.79110445,4.0,0.0,0.00041,0.0,,alpha_batch_g_relative_strength_long_4h,roi,
ef65d49c3507d59d69198da3781c2666c231a0928fe0211ef5f54cb40b052b56,freqtrade::AlphaPilotBatchG_RelativeStrengthLong4H,AlphaPilotBatchG_RelativeStrengthLong4H,15m,freqtrade::e8232b8e5e514b80fb16::AlphaPilotBatchG_RelativeStrengthLong4H,ZRX/USDT:USDT,long,2018-03-26 20:30:00+00:00,2018-03-26 20:45:00+00:00,0.7568,0.6602,-0.6425731373214028,-199.482425,-16.20997834,0.0,-22.98333333,0.310288,0.0,,alpha_batch_g_relative_strength_long_4h,stop_loss,
61987e3e4e9c10b1760cc25844ff8c0b0a8e9dba8988b3797f556d8959f631d6,freqtrade::AlphaPilotBatchG_RelativeStrengthLong4H,AlphaPilotBatchG_RelativeStrengthLong4H,15m,freqtrade::e8232b8e5e514b80fb16::AlphaPilotBatchG_RelativeStrengthLong4H,ZRX/USDT:USDT,long,2018-04-13 16:15:00+00:00,2018-04-13 16:45:00+00:00,0.775,0.711,-0.41748803017845915,-108.76824,-10.43720075,0.0,-10.32258065,0.26039999999999996,0.0,,alpha_batch_g_relative_strength_long_4h,stop_loss,
2c82e096c171179a45a44059fac2757f4c535c571dd12e7ce1658f8fa5a37164,freqtrade::AlphaPilotBatchG_RelativeStrengthLong4H,AlphaPilotBatchG_RelativeStrengthLong4H,15m,freqtrade::e8232b8e5e514b80fb16::AlphaPilotBatchG_RelativeStrengthLong4H,ZRX/USDT:USDT,long,2018-03-31 19:15:00+00:00,2018-03-31 20:30:00+00:00,0.5544,0.5292,-0.2320430693744037,-59.20614,-5.84748535,0.02272727,-5.72727273,0.25502400000000003,0.0,,alpha_batch_g_relative_strength_long_4h,stop_loss,
b6df6beb3b2c69390787bd0c368f27f143eaaf63ab31284b59db2d1b7353b197,freqtrade::AlphaPilotBatchG_RelativeStrengthLong4H,AlphaPilotBatchG_RelativeStrengthLong4H,15m,freqtrade::e8232b8e5e514b80fb16::AlphaPilotBatchG_RelativeStrengthLong4H,ZRX/USDT:USDT,long,2018-04-24 02:30:00+00:00,2018-04-24 02:45:00+00:00,1.062,1.0205,-0.2001882768596869,-54.8782125,-5.06190357,0.0,-4.95238095,0.27399599999999996,0.0,,alpha_batch_g_relative_strength_long_4h,stop_loss,
877a3a397afea6a3ffb19514634f4d10e29ac04f67a03eb67dcf2dbf69990144,freqtrade::AlphaPilotBatchG_RelativeStrengthLong4H,AlphaPilotBatchG_RelativeStrengthLong4H,15m,freqtrade::e8232b8e5e514b80fb16::AlphaPilotBatchG_RelativeStrengthLong4H,ZRX/USDT:USDT,long,2018-02-12 10:00:00+00:00,2018-02-12 10:15:00+00:00,1.1256,1.0818,-0.19936593536920239,-69.600735,-4.9868066,0.0,-4.86666667,0.34893599999999997,0.0,,alpha_batch_g_relative_strength_long_4h,stop_loss,
66bbc64bbadb7de2626c5f66065409891d494eefe8f99efbbe34862527a02cc2,freqtrade::AlphaPilotBatchG_RelativeStrengthLong4H,AlphaPilotBatchG_RelativeStrengthLong4H,15m,freqtrade::e8232b8e5e514b80fb16::AlphaPilotBatchG_RelativeStrengthLong4H,ZRX/USDT:USDT,long,2018-02-03 19:30:00+00:00,2018-02-03 20:30:00+00:00,1.4766,1.4314,-0.15789883738883637,-64.84906,-3.95175294,0.0,-3.83050847,0.4104948,0.0,,alpha_batch_g_relative_strength_long_4h,stop_loss,
f9f79686f58cdae0e1daf0dfe57c831a81e01650424a4d58ef7b703034bff7da,freqtrade::AlphaPilotBatchG_RelativeStrengthLong4H,AlphaPilotBatchG_RelativeStrengthLong4H,4h,freqtrade::30833a2db87cc47178ed::AlphaPilotBatchG_RelativeStrengthLong4H,SOL/USDT:USDT,long,2026-07-02 00:00:00+00:00,2026-07-02 00:00:00+00:00,77.42,78.74,0.0801019336160653,9.84048362,2.03327597,2.49180328,-0.91803279,0.12278812000000001,-0.007941975897211434,,alpha_batch_g_relative_strength_long_4h,roi,
9fd69d347a848ad69ba619c946a2fbef3c2dff8d3c1df7c17a44e2d3e759e441,freqtrade::AlphaPilotBatchG_RelativeStrengthLong4H,AlphaPilotBatchG_RelativeStrengthLong4H,4h,freqtrade::30833a2db87cc47178ed::AlphaPilotBatchG_RelativeStrengthLong4H,SOL/USDT:USDT,long,2026-03-04 08:00:00+00:00,2026-03-04 08:00:00+00:00,87.37,88.86,0.08018681514227435,12.18238065,2.03070204,5.88405797,-0.62318841,0.15184906,0.0,,alpha_batch_g_relative_strength_long_4h,roi,
4d5da142aaee9a332dc9112e0400683c3e70f4a3392648c24bc5930c2a4ed3f8,freqtrade::AlphaPilotBatchG_RelativeStrengthLong4H,AlphaPilotBatchG_RelativeStrengthLong4H,4h,freqtrade::30833a2db87cc47178ed::AlphaPilotBatchG_RelativeStrengthLong4H,SOL/USDT:USDT,long,2026-03-13 08:00:00+00:00,2026-03-13 08:00:00+00:00,88.63,90.14,0.0801029587880098,12.03260905,2.02843578,2.52857143,-0.51428571,0.15013922,0.0,,alpha_batch_g_relative_strength_long_4h,roi,
f4ebed02bd39e2e813b5e71527eeb0fc3742d702c698367da2b29ae8a85bbff2,freqtrade::AlphaPilotBatchG_RelativeStrengthLong4H,AlphaPilotBatchG_RelativeStrengthLong4H,4h,freqtrade::30833a2db87cc47178ed::AlphaPilotBatchG_RelativeStrengthLong4H,SOL/USDT:USDT,long,2026-01-02 04:00:00+00:00,2026-01-02 08:00:00+00:00,127.49,129.66,0.08002215066284413,12.493521,2.02020277,2.45544554,-0.78217822,0.15604776,0.0,,alpha_batch_g_relative_strength_long_4h,roi,
248beb552fae75a8afadfb8f7ab8efe9b6c14133045b1d0a721015e06d63adec,freqtrade::AlphaPilotBatchG_RelativeStrengthLong4H,AlphaPilotBatchG_RelativeStrengthLong4H,4h,freqtrade::30833a2db87cc47178ed::AlphaPilotBatchG_RelativeStrengthLong4H,SOL/USDT:USDT,long,2026-04-26 00:00:00+00:00,2026-04-27 00:00:00+00:00,86.13,87.59,0.07972737321607234,11.0475262,2.01968196,2.83823529,-0.51470588,0.13849704,0.007480598938538642,,alpha_batch_g_relative_strength_long_4h,roi,
87f307a094a9c7354cfd314e84d9dbdc6871e44633f65c1c6d936ebdd54296e8,freqtrade::AlphaPilotBatchG_RelativeStrengthLong4H,AlphaPilotBatchG_RelativeStrengthLong4H,4h,freqtrade::30833a2db87cc47178ed::AlphaPilotBatchG_RelativeStrengthLong4H,SOL/USDT:USDT,long,2026-07-01 20:00:00+00:00,2026-07-01 20:00:00+00:00,76.96,78.27,0.08002657974547031,9.5879553,2.01929363,3.21311475,-0.6557377,0.11974976,0.0,,alpha_batch_g_relative_strength_long_4h,roi,
27020cd294204ce5b6087f65d3c49f6c3ba324f1f68d2059fba7ab6ac87063c9,freqtrade::AlphaPilotBatchG_RelativeStrengthLong4H,AlphaPilotBatchG_RelativeStrengthLong4H,4h,freqtrade::30833a2db87cc47178ed::AlphaPilotBatchG_RelativeStrengthLong4H,ETH/USDT:USDT,long,2026-04-14 00:00:00+00:00,2026-04-14 12:00:00+00:00,2368.28,2349.34,-0.04561181982208493,-7.1113726,-1.14067118,2.5406547,-1.97888068,0.15583282399999998,-0.10406410754908126,,alpha_batch_g_relative_strength_long_4h,stop_loss,
bb2cad2385a766452097ced50e67be9f4084f7402501c1725322da75c865cd60,freqtrade::AlphaPilotBatchG_RelativeStrengthLong4H,AlphaPilotBatchG_RelativeStrengthLong4H,4h,freqtrade::30833a2db87cc47178ed::AlphaPilotBatchG_RelativeStrengthLong4H,SOL/USDT:USDT,long,2026-04-14 04:00:00+00:00,2026-04-14 12:00:00+00:00,86.03,85.35,-0.04497797596610273,-6.92204532,-1.13807508,2.36764706,-1.20588235,0.15382164,-0.07677671999999999,,alpha_batch_g_relative_strength_long_4h,stop_loss,
dacbc14f4aae8d457c6e9ac12ae5223cbb880f28a61fc9a5f50e07fd6f25d9a0,freqtrade::AlphaPilotBatchG_RelativeStrengthLong4H,AlphaPilotBatchG_RelativeStrengthLong4H,4h,freqtrade::30833a2db87cc47178ed::AlphaPilotBatchG_RelativeStrengthLong4H,SOL/USDT:USDT,long,2026-03-16 04:00:00+00:00,2026-03-16 12:00:00+00:00,93.14,92.4,-0.04518467628972716,-7.4948769,-1.13743264,2.63513514,-1.13513514,0.1657892,-0.08322390000000002,,alpha_batch_g_relative_strength_long_4h,stop_loss,
d94a3e1ae49ac1089beb688d6ac0dc03e08e446e331c66b972ecee808b9b6b62,freqtrade::AlphaPilotBatchG_RelativeStrengthLong4H,AlphaPilotBatchG_RelativeStrengthLong4H,4h,freqtrade::30833a2db87cc47178ed::AlphaPilotBatchG_RelativeStrengthLong4H,SOL/USDT:USDT,long,2026-04-17 00:00:00+00:00,2026-04-17 00:00:00+00:00,89.02,88.31,-0.04533601543420606,-6.46860366,-1.13684848,0.16901408,-2.26760563,0.14261004,-0.07129701000000001,,alpha_batch_g_relative_strength_long_4h,stop_loss,
0a543454c4b90520d9cdf5f2dfe260d4a65ab6da082cbe51a427408419117185,freqtrade::AlphaPilotBatchG_RelativeStrengthLong4H,AlphaPilotBatchG_RelativeStrengthLong4H,4h,freqtrade::30833a2db87cc47178ed::AlphaPilotBatchG_RelativeStrengthLong4H,SOL/USDT:USDT,long,2026-04-14 00:00:00+00:00,2026-04-14 00:00:00+00:00,86.51,85.82,-0.04533711643773536,-7.08687945,-1.13684462,0.33333333,-1.23188406,0.15623706,-0.0781095,,alpha_batch_g_relative_strength_long_4h,stop_loss,
1beb04a4b6956a0eb4b79ada4b32d275d6b4bb5acb94ed93d948edb1a29cb5f3,freqtrade::AlphaPilotBatchG_RelativeStrengthLong4H,AlphaPilotBatchG_RelativeStrengthLong4H,4h,freqtrade::30833a2db87cc47178ed::AlphaPilotBatchG_RelativeStrengthLong4H,SOL/USDT:USDT,long,2026-06-30 00:00:00+00:00,2026-06-30 00:00:00+00:00,75.12,74.52,-0.04539350399347716,-5.68383389,-1.13665334,0.11666667,-1.9,0.12514992,-0.06258329,,alpha_batch_g_relative_strength_long_4h,stop_loss,
847fe1e4f3c4a27214e6b7fda29156f4091a00fab819b60dd8a06922a16c55d2,freqtrade::AlphaPilotBatchH_VolatilityCompressionBreakout4H,AlphaPilotBatchH_VolatilityCompressionBreakout4H,15m,freqtrade::5ff57baa29c18497ec7f::AlphaPilotBatchH_VolatilityCompressionBreakout4H,ZRX/USDT:USDT,long,2020-04-27 18:30:00+00:00,2020-04-27 20:00:00+00:00,0.207,0.212,0.11565473301996346,12.07206,4.78810595,10.0,0.0,0.104328,0.0,,alpha_batch_h_volatility_compression_breakout_4h,roi,
3ee86578d90e5b018bc9c8b221327dd66ad2a388e590890222b3bfb46507fab3,freqtrade::AlphaPilotBatchH_VolatilityCompressionBreakout4H,AlphaPilotBatchH_VolatilityCompressionBreakout4H,15m,freqtrade::5ff57baa29c18497ec7f::AlphaPilotBatchH_VolatilityCompressionBreakout4H,ZRX/USDT:USDT,long,2018-03-31 10:30:00+00:00,2018-03-31 12:30:00+00:00,0.5193,0.5377,0.17198698936686097,55.222935,4.35672408,6.63414634,0.0,0.3209274,0.0,,alpha_batch_h_volatility_compression_breakout_4h,roi,
492896532b527f3305f8f97618617a2ba56dc2eae319e50ad3783ec3a37bb4ec,freqtrade::AlphaPilotBatchH_VolatilityCompressionBreakout4H,AlphaPilotBatchH_VolatilityCompressionBreakout4H,15m,freqtrade::5ff57baa29c18497ec7f::AlphaPilotBatchH_VolatilityCompressionBreakout4H,ZRX/USDT:USDT,long,2020-03-13 13:15:00+00:00,2020-03-13 13:30:00+00:00,0.175,0.179,0.10917398443635325,12.19537,3.82108946,10.0,0.0,0.11165000000000001,0.0,,alpha_batch_h_volatility_compression_breakout_4h,roi,
938afb3c7c93841c95bc133876b45d5aec61e2a50bb3daa6a4b81b7def559730,freqtrade::AlphaPilotBatchH_VolatilityCompressionBreakout4H,AlphaPilotBatchH_VolatilityCompressionBreakout4H,15m,freqtrade::5ff57baa29c18497ec7f::AlphaPilotBatchH_VolatilityCompressionBreakout4H,ZRX/USDT:USDT,long,2020-05-15 09:30:00+00:00,2020-05-15 09:45:00+00:00,0.357,0.365,0.10693532785428014,10.84738,3.8175912,4.5,-0.5,0.101388,0.0,,alpha_batch_h_volatility_compression_breakout_4h,roi,
2db324de420f74f287fc5a9d631375e9b44efff10d35cb9e66e0a4cc6f4232c6,freqtrade::AlphaPilotBatchH_VolatilityCompressionBreakout4H,AlphaPilotBatchH_VolatilityCompressionBreakout4H,15m,freqtrade::5ff57baa29c18497ec7f::AlphaPilotBatchH_VolatilityCompressionBreakout4H,ZRX/USDT:USDT,long,2020-03-13 14:00:00+00:00,2020-03-13 14:00:00+00:00,0.179,0.183,0.10662266632047106,12.2208,3.81709145,5.0,0.0,0.11456000000000001,0.0,,alpha_batch_h_volatility_compression_breakout_4h,roi,
77d125f446f7316fd1bdcb9b66401e4fdcca0c184bb90fbc8dead5013abda1dc,freqtrade::AlphaPilotBatchH_VolatilityCompressionBreakout4H,AlphaPilotBatchH_VolatilityCompressionBreakout4H,15m,freqtrade::5ff57baa29c18497ec7f::AlphaPilotBatchH_VolatilityCompressionBreakout4H,ZRX/USDT:USDT,long,2020-07-05 17:00:00+00:00,2020-07-05 19:00:00+00:00,0.373,0.381,0.10213391963535658,10.51974,3.8095952,5.0,-0.5,0.102948,0.0,,alpha_batch_h_volatility_compression_breakout_4h,roi,
6cd7d44735ef3caced9034fab1b0c8ec7ec927c557db8b79900ec34dc8fefe61,freqtrade::AlphaPilotBatchH_VolatilityCompressionBreakout4H,AlphaPilotBatchH_VolatilityCompressionBreakout4H,15m,freqtrade::5ff57baa29c18497ec7f::AlphaPilotBatchH_VolatilityCompressionBreakout4H,ZIL/USDT:USDT,long,2019-03-23 16:30:00+00:00,2019-03-23 17:00:00+00:00,0.0198,0.0195,-0.08067935729105144,-20.617425,-2.12993503,0.0,-2.0,0.25542,0.0,,alpha_batch_h_volatility_compression_breakout_4h,stop_loss,
bb03b3278be0f70e6f761e7874edfa1eeb7e1f909f2eccc29b6e72670923184d,freqtrade::AlphaPilotBatchH_VolatilityCompressionBreakout4H,AlphaPilotBatchH_VolatilityCompressionBreakout4H,15m,freqtrade::5ff57baa29c18497ec7f::AlphaPilotBatchH_VolatilityCompressionBreakout4H,ZRX/USDT:USDT,long,2019-08-27 09:30:00+00:00,2019-08-27 12:00:00+00:00,0.171,0.169,-0.06341858310610776,-10.6547,-1.66839657,0.69230769,-1.53846154,0.167922,0.0,,alpha_batch_h_volatility_compression_breakout_4h,stop_loss,
d43d0aedd3f1c53fa8b32a1b30485a2ce791e313e1a45a75c20964d3f7449948,freqtrade::AlphaPilotBatchH_VolatilityCompressionBreakout4H,AlphaPilotBatchH_VolatilityCompressionBreakout4H,15m,freqtrade::5ff57baa29c18497ec7f::AlphaPilotBatchH_VolatilityCompressionBreakout4H,ZRX/USDT:USDT,long,2024-08-06 05:45:00+00:00,2024-08-06 08:30:00+00:00,0.2787,0.2757,-0.05876502007338635,-0.032772,-1.48889192,1.22727273,-2.86363636,0.0005574,0.0,,alpha_batch_h_volatility_compression_breakout_4h,stop_loss,
25250c2734fbec41aa9846dc547dfc5523ac7c1bbacf5882f6b3b751d9c63487,freqtrade::AlphaPilotBatchH_VolatilityCompressionBreakout4H,AlphaPilotBatchH_VolatilityCompressionBreakout4H,15m,freqtrade::5ff57baa29c18497ec7f::AlphaPilotBatchH_VolatilityCompressionBreakout4H,ZIL/USDT:USDT,long,2019-03-25 23:30:00+00:00,2019-03-26 01:00:00+00:00,0.019,0.0188,-0.05757647492043452,-14.31606,-1.45860403,0.0,-1.33333333,0.24852000000000002,0.0,,alpha_batch_h_volatility_compression_breakout_4h,stop_loss,
2dc474ddae82a51431a3bdcc038e5884d62eaf427debec89bac8671eaa49367f,freqtrade::AlphaPilotBatchH_VolatilityCompressionBreakout4H,AlphaPilotBatchH_VolatilityCompressionBreakout4H,15m,freqtrade::5ff57baa29c18497ec7f::AlphaPilotBatchH_VolatilityCompressionBreakout4H,ZRX/USDT:USDT,long,2023-06-18 07:15:00+00:00,2023-06-18 14:00:00+00:00,0.179,0.1772,-0.05522657665580618,-0.079124,-1.41222246,0.21428571,-1.28571429,0.001432,0.0,,alpha_batch_h_volatility_compression_breakout_4h,stop_loss,
1bbb8ee6065d671a71a4cd2303314f0f9c2f277bcf17075f3013af6a6f6e1e8b,freqtrade::AlphaPilotBatchH_VolatilityCompressionBreakout4H,AlphaPilotBatchH_VolatilityCompressionBreakout4H,15m,freqtrade::5ff57baa29c18497ec7f::AlphaPilotBatchH_VolatilityCompressionBreakout4H,ZRX/USDT:USDT,long,2019-09-26 03:30:00+00:00,2019-09-26 04:30:00+00:00,0.22,0.2179,-0.05267707055563128,-8.765631,-1.36340653,1.17647059,-2.41176471,0.16632,0.0,,alpha_batch_h_volatility_compression_breakout_4h,stop_loss,
efce57329fff41d3a95ccf6876eb3cc9746ef777a5f1de34917738bcfa2c448d,freqtrade::AlphaPilotBatchH_VolatilityCompressionBreakout4H,AlphaPilotBatchH_VolatilityCompressionBreakout4H,30m,freqtrade::05123edbd8b3f0ada4d4::AlphaPilotBatchH_VolatilityCompressionBreakout4H,GMT/USDT:USDT,long,2026-02-21 01:00:00+00:00,2026-02-21 03:00:00+00:00,0.01218,0.01244,0.1016281678536758,12.38573845,2.75073574,3.11111111,-0.11111111,0.12181218,0.0,,alpha_batch_h_volatility_compression_breakout_4h,roi,
a23d33b665e82f4064b33076420aa5d2a6fd6fc3c5d338bccd9af9c3a42df46b,freqtrade::AlphaPilotBatchH_VolatilityCompressionBreakout4H,AlphaPilotBatchH_VolatilityCompressionBreakout4H,30m,freqtrade::05123edbd8b3f0ada4d4::AlphaPilotBatchH_VolatilityCompressionBreakout4H,GMT/USDT:USDT,long,2026-02-12 05:30:00+00:00,2026-02-12 08:00:00+00:00,0.01226,0.01252,0.10093240492315017,13.7695921,2.7498473,2.88888889,-0.11111111,0.13635571999999999,0.0,,alpha_batch_h_volatility_compression_breakout_4h,roi,
72bc4d1c0dfa7b18c51ced1faeaa32b1f7bcc74f99f7d3b4cfc4edd25b11b9db,freqtrade::AlphaPilotBatchH_VolatilityCompressionBreakout4H,AlphaPilotBatchH_VolatilityCompressionBreakout4H,30m,freqtrade::05123edbd8b3f0ada4d4::AlphaPilotBatchH_VolatilityCompressionBreakout4H,GMT/USDT:USDT,long,2026-02-12 08:30:00+00:00,2026-02-12 09:30:00+00:00,0.01239,0.01265,0.0998209531231156,14.07196028,2.74840358,3.88888889,-0.22222222,0.140901558,0.0,,alpha_batch_h_volatility_compression_breakout_4h,roi,
eedc01224cd6308e0064ba1642984b77246db58e8952641a3ac9ec5dd206e73c,freqtrade::AlphaPilotBatchH_VolatilityCompressionBreakout4H,AlphaPilotBatchH_VolatilityCompressionBreakout4H,30m,freqtrade::05123edbd8b3f0ada4d4::AlphaPilotBatchH_VolatilityCompressionBreakout4H,RENDER/USDT:USDT,long,2026-07-04 15:30:00+00:00,2026-07-04 17:00:00+00:00,1.603,1.637,0.10069700022103734,3.3268588,2.69028819,3.08333333,-0.16666667,0.0330218,-0.0082812,,alpha_batch_h_volatility_compression_breakout_4h,roi,
1fc444537f09be2c09f2ae980ebc9a4675d372b01574f8c136dd31ced34d2644,freqtrade::AlphaPilotBatchH_VolatilityCompressionBreakout4H,AlphaPilotBatchH_VolatilityCompressionBreakout4H,30m,freqtrade::05123edbd8b3f0ada4d4::AlphaPilotBatchH_VolatilityCompressionBreakout4H,JUP/USDT:USDT,long,2026-02-13 15:00:00+00:00,2026-02-13 15:00:00+00:00,0.1451,0.1482,0.1017186100264823,15.8594895,2.68352188,3.72727273,-0.36363636,0.15583740000000001,0.0,,alpha_batch_h_volatility_compression_breakout_4h,roi,
d520ed8bd9a4626a5128cdb10771c03d47acf2a58ef895f0ba6205d7fc5984de,freqtrade::AlphaPilotBatchH_VolatilityCompressionBreakout4H,AlphaPilotBatchH_VolatilityCompressionBreakout4H,30m,freqtrade::05123edbd8b3f0ada4d4::AlphaPilotBatchH_VolatilityCompressionBreakout4H,DOT/USDT:USDT,long,2026-03-17 21:30:00+00:00,2026-03-18 03:30:00+00:00,1.613,1.647,0.09978953486678854,20.613248,2.68267533,3.25,-0.25,0.206464,-0.10355200000000002,,alpha_batch_h_volatility_compression_breakout_4h,roi,
60f6f8b4d4bd56336e57232ffd06453fe27d93682e371a71de7494bf1189798a,freqtrade::AlphaPilotBatchH_VolatilityCompressionBreakout4H,AlphaPilotBatchH_VolatilityCompressionBreakout4H,30m,freqtrade::05123edbd8b3f0ada4d4::AlphaPilotBatchH_VolatilityCompressionBreakout4H,BNB/USDT:USDT,long,2026-03-25 04:00:00+00:00,2026-03-26 05:30:00+00:00,642.1,637.0,-0.04617797004005396,-7.6537506,-1.16277939,2.09803922,-1.56862745,0.1656618,-0.2497311,,alpha_batch_h_volatility_compression_breakout_4h,stop_loss,
48c2b543789341b1a3b2d4fb9cbf95fe8cf5dd01b4676d069d6453311555d40e,freqtrade::AlphaPilotBatchH_VolatilityCompressionBreakout4H,AlphaPilotBatchH_VolatilityCompressionBreakout4H,30m,freqtrade::05123edbd8b3f0ada4d4::AlphaPilotBatchH_VolatilityCompressionBreakout4H,SAND/USDT:USDT,long,2026-05-20 15:00:00+00:00,2026-05-21 12:00:00+00:00,0.07195,0.07138,-0.04593164448188851,-4.06691408,-1.15957257,1.59649123,-1.07017544,0.08849850000000001,-0.12067432870264472,,alpha_batch_h_volatility_compression_breakout_4h,stop_loss,
00899094fa2ad31190fe6324c9cb93980b85dd72267a4d8472c7c99ca85cb79c,freqtrade::AlphaPilotBatchH_VolatilityCompressionBreakout4H,AlphaPilotBatchH_VolatilityCompressionBreakout4H,30m,freqtrade::05123edbd8b3f0ada4d4::AlphaPilotBatchH_VolatilityCompressionBreakout4H,BNB/USDT:USDT,long,2026-06-21 02:00:00+00:00,2026-06-21 23:30:00+00:00,589.2,584.5,-0.04584325284743915,-1.9998019,-1.14939764,0.65957447,-1.29787234,0.0436008,-0.0436674,,alpha_batch_h_volatility_compression_breakout_4h,stop_loss,
6c19929861d19cbb26cc114957c40e987c90d99ec92c306d4ec5a537fce7cec8,freqtrade::AlphaPilotBatchH_VolatilityCompressionBreakout4H,AlphaPilotBatchH_VolatilityCompressionBreakout4H,30m,freqtrade::05123edbd8b3f0ada4d4::AlphaPilotBatchH_VolatilityCompressionBreakout4H,LINK/USDT:USDT,long,2026-07-03 19:30:00+00:00,2026-07-04 09:30:00+00:00,7.946,7.883,-0.04548994375761399,-1.52613694,-1.14750188,1.42857143,-1.11111111,0.03353212,-0.02984098896858226,,alpha_batch_h_volatility_compression_breakout_4h,stop_loss,
38dd907ffd9b88cc8311c6de310faa4a0cae14a7fb20c705b1d5fc2d58ed37b5,freqtrade::AlphaPilotBatchH_VolatilityCompressionBreakout4H,AlphaPilotBatchH_VolatilityCompressionBreakout4H,30m,freqtrade::05123edbd8b3f0ada4d4::AlphaPilotBatchH_VolatilityCompressionBreakout4H,ADA/USDT:USDT,long,2026-06-15 12:30:00+00:00,2026-06-15 19:00:00+00:00,0.1863,0.1849,-0.043033121312206414,-2.24590213,-1.14529579,2.57142857,-1.0,0.052164,-0.026062128834179216,,alpha_batch_h_volatility_compression_breakout_4h,stop_loss,
d824155f5e2fed82aff77d2c490b16a3d9d21f22f0a4bd53346094f50eb7660b,freqtrade::AlphaPilotBatchH_VolatilityCompressionBreakout4H,AlphaPilotBatchH_VolatilityCompressionBreakout4H,30m,freqtrade::05123edbd8b3f0ada4d4::AlphaPilotBatchH_VolatilityCompressionBreakout4H,TRX/USDT:USDT,long,2026-05-21 23:00:00+00:00,2026-05-22 13:30:00+00:00,0.365,0.3621,-0.04548861175148727,-4.25258111,-1.14505816,0.48275862,-2.24137931,0.09344,-0.07523710531148933,,alpha_batch_h_volatility_compression_breakout_4h,stop_loss,
ab74bfbe6cc92aae5bea9de1c748ce00abb31c52203cf3bb6d4a0b9767b7d5b1,freqtrade::AlphaPilotBatchH_VolatilityCompressionBreakout4H,AlphaPilotBatchH_VolatilityCompressionBreakout4H,4h,freqtrade::a40afd843e1725fffe15::AlphaPilotBatchH_VolatilityCompressionBreakout4H,SOL/USDT:USDT,long,2026-01-02 04:00:00+00:00,2026-01-02 16:00:00+00:00,127.49,130.17,0.10000372784037034,26.0729574,2.52464857,4.72277228,-0.78217822,0.26058956,0.0,,alpha_batch_h_volatility_compression_breakout_4h,roi,
704939f7959d7381c9555e48b11162ceaa530b658031ebb372565fab87efed17,freqtrade::AlphaPilotBatchH_VolatilityCompressionBreakout4H,AlphaPilotBatchH_VolatilityCompressionBreakout4H,4h,freqtrade::a40afd843e1725fffe15::AlphaPilotBatchH_VolatilityCompressionBreakout4H,SOL/USDT:USDT,long,2025-03-24 04:00:00+00:00,2025-03-24 08:00:00+00:00,138.17,141.07,0.09984079394044021,30.9990674,2.50818227,5.4,-0.36363636,0.31032982,0.0,,alpha_batch_h_volatility_compression_breakout_4h,roi,
8a2f772e527e15d9e0395cdecef4d467424385e6fd6dcfc86f571543294bb0e6,freqtrade::AlphaPilotBatchH_VolatilityCompressionBreakout4H,AlphaPilotBatchH_VolatilityCompressionBreakout4H,4h,freqtrade::a40afd843e1725fffe15::AlphaPilotBatchH_VolatilityCompressionBreakout4H,SOL/USDT:USDT,long,2025-10-26 12:00:00+00:00,2025-10-26 20:00:00+00:00,197.68,201.84,0.10011788925448242,25.939572,2.5052284,3.00632911,-0.56962025,0.2589608,0.0,,alpha_batch_h_volatility_compression_breakout_4h,roi,
16eeb810b69ba2ef6544a17cabbb554046032652cd6dd592601b10bfad99c2f1,freqtrade::AlphaPilotBatchH_VolatilityCompressionBreakout4H,AlphaPilotBatchH_VolatilityCompressionBreakout4H,4h,freqtrade::a40afd843e1725fffe15::AlphaPilotBatchH_VolatilityCompressionBreakout4H,SOL/USDT:USDT,long,2024-02-26 16:00:00+00:00,2024-02-26 16:00:00+00:00,105.04,107.25,0.10009537310552644,32.54663685,2.50333762,6.3452381,-0.52380952,0.32499376,0.0,,alpha_batch_h_volatility_compression_breakout_4h,roi,
84075fa077765d6353f8ad6356a3adc96fdee64789ec37d49a55edc37c5211c1,freqtrade::AlphaPilotBatchH_VolatilityCompressionBreakout4H,AlphaPilotBatchH_VolatilityCompressionBreakout4H,4h,freqtrade::a40afd843e1725fffe15::AlphaPilotBatchH_VolatilityCompressionBreakout4H,SOL/USDT:USDT,long,2025-09-11 16:00:00+00:00,2025-09-12 00:00:00+00:00,226.67,231.43,0.09989600867277129,26.9591525,2.50203627,4.96132597,-0.84530387,0.2697373,0.0,,alpha_batch_h_volatility_compression_breakout_4h,roi,
f0ff193b1e53f2703b2d57a9017081407520d41b758ee5c499d73ea4cf5abd2a,freqtrade::AlphaPilotBatchH_VolatilityCompressionBreakout4H,AlphaPilotBatchH_VolatilityCompressionBreakout4H,4h,freqtrade::a40afd843e1725fffe15::AlphaPilotBatchH_VolatilityCompressionBreakout4H,SOL/USDT:USDT,long,2024-07-19 16:00:00+00:00,2024-07-19 16:00:00+00:00,168.81,172.36,0.10004520279993881,31.4961478,2.50201936,2.92592593,-0.36296296,0.31466183999999997,0.0,,alpha_batch_h_volatility_compression_breakout_4h,roi,
9498da273e44952294083f16c0c75dcf79fa6d0f98d92ceeba1b0c209b93f29b,freqtrade::AlphaPilotBatchH_VolatilityCompressionBreakout4H,AlphaPilotBatchH_VolatilityCompressionBreakout4H,4h,freqtrade::a40afd843e1725fffe15::AlphaPilotBatchH_VolatilityCompressionBreakout4H,ETH/USDT:USDT,long,2026-04-17 20:00:00+00:00,2026-04-18 00:00:00+00:00,2426.45,2407.04,-0.04505725205429831,-11.70407022,-1.12652416,0.77794951,-1.48634724,0.25963015,-0.026761645540553512,,alpha_batch_h_volatility_compression_breakout_4h,stop_loss,
d55739d97777206f7a61be403823364e656ac522b24fabc8ea3bc017ad962580,freqtrade::AlphaPilotBatchH_VolatilityCompressionBreakout4H,AlphaPilotBatchH_VolatilityCompressionBreakout4H,4h,freqtrade::a40afd843e1725fffe15::AlphaPilotBatchH_VolatilityCompressionBreakout4H,SOL/USDT:USDT,long,2026-04-06 00:00:00+00:00,2026-04-06 04:00:00+00:00,81.86,81.21,-0.044700196069611044,-11.75177029,-1.12589478,1.66153846,-1.46153846,0.2627706,-0.010633537542569585,,alpha_batch_h_volatility_compression_breakout_4h,stop_loss,
823549dd3b7726e9c63fc5f3be3ccbe4b4cfba9583c92c2144805ce9b4c98b26,freqtrade::AlphaPilotBatchH_VolatilityCompressionBreakout4H,AlphaPilotBatchH_VolatilityCompressionBreakout4H,4h,freqtrade::a40afd843e1725fffe15::AlphaPilotBatchH_VolatilityCompressionBreakout4H,SOL/USDT:USDT,long,2026-06-29 20:00:00+00:00,2026-06-29 20:00:00+00:00,75.94,75.34,-0.04446288838725225,-10.1346,-1.12550391,0.05,-1.8,0.22782,0.0,,alpha_batch_h_volatility_compression_breakout_4h,stop_loss,
d5fe73c32a56fab98835aebc280fdb33e7301f94e2ce54e10ad41e3eb7fd323c,freqtrade::AlphaPilotBatchH_VolatilityCompressionBreakout4H,AlphaPilotBatchH_VolatilityCompressionBreakout4H,4h,freqtrade::a40afd843e1725fffe15::AlphaPilotBatchH_VolatilityCompressionBreakout4H,SOL/USDT:USDT,long,2026-04-11 20:00:00+00:00,2026-04-11 20:00:00+00:00,85.99,85.31,-0.044497462862939964,-11.913514,-1.12539319,0.20588235,-2.23529412,0.26760088000000004,0.0,,alpha_batch_h_volatility_compression_breakout_4h,stop_loss,
83610a9c74e6dbc62b74043fb27d9370a2659d75746bacf2732ffd761d227830,freqtrade::AlphaPilotBatchH_VolatilityCompressionBreakout4H,AlphaPilotBatchH_VolatilityCompressionBreakout4H,4h,freqtrade::a40afd843e1725fffe15::AlphaPilotBatchH_VolatilityCompressionBreakout4H,SOL/USDT:USDT,long,2026-03-13 04:00:00+00:00,2026-03-13 04:00:00+00:00,89.66,88.95,-0.04455194887499369,-11.509992,-1.12521908,0.05633803,-2.1971831,0.25822080000000003,0.0,,alpha_batch_h_volatility_compression_breakout_4h,stop_loss,
cedcfe28c58f81ddc6684a64ba54c012ae708683d420ebbe01866bcdcbf84f95,freqtrade::AlphaPilotBatchH_VolatilityCompressionBreakout4H,AlphaPilotBatchH_VolatilityCompressionBreakout4H,4h,freqtrade::a40afd843e1725fffe15::AlphaPilotBatchH_VolatilityCompressionBreakout4H,SOL/USDT:USDT,long,2024-09-09 20:00:00+00:00,2024-09-09 20:00:00+00:00,134.96,133.89,-0.044599254907223336,-14.15199375,-1.12506831,2.04672897,-1.22429907,0.317156,0.0,,alpha_batch_h_volatility_compression_breakout_4h,stop_loss,
8303339d0a6224d20876ae33ee71715a7af193a014d905c920fff55a71f4418a,freqtrade::AlphaPilotLowFrequencyDirectional4HV01,AlphaPilotLowFrequencyDirectional4HV01,15m,freqtrade::1db8540bdbb0238030ab::AlphaPilotLowFrequencyDirectional4HV01,ZRX/USDT:USDT,long,2018-03-20 15:45:00+00:00,2018-03-20 18:15:00+00:00,0.4786,0.5403,0.6389466152840838,294.938451,21.84284643,22.03571429,0.0,0.4613704,0.0,,lf_4h_long_score,profitable_long_momentum_exit,
b80a6e4e491dd2526915952822c4113ba86ae54cf51bec5de0f83e89369b6666,freqtrade::AlphaPilotLowFrequencyDirectional4HV01,AlphaPilotLowFrequencyDirectional4HV01,15m,freqtrade::1db8540bdbb0238030ab::AlphaPilotLowFrequencyDirectional4HV01,ZRX/USDT:USDT,long,2018-03-27 14:45:00+00:00,2018-03-27 15:00:00+00:00,0.624,0.673,0.3872382718896961,176.96649,13.06144225,13.27027027,0.0,0.456768,0.0,,lf_4h_long_score,roi,
cbdfdc962210e1ce996815da9d689d80cbce7d7ef932d0a36b9669fe52c6b8d9,freqtrade::AlphaPilotLowFrequencyDirectional4HV01,AlphaPilotLowFrequencyDirectional4HV01,15m,freqtrade::1db8540bdbb0238030ab::AlphaPilotLowFrequencyDirectional4HV01,ZRX/USDT:USDT,short,2018-02-02 03:00:00+00:00,2018-02-02 03:15:00+00:00,1.5443,1.4474,0.30904576810842777,118.301146,10.37520391,10.85869565,0.0,0.3829864,0.0,,lf_4h_short_score,roi,
6c938a33d8777df48b2bba7b861f0a50bd716ebc7d3b769634245f3b0dd038f7,freqtrade::AlphaPilotLowFrequencyDirectional4HV01,AlphaPilotLowFrequencyDirectional4HV01,15m,freqtrade::1db8540bdbb0238030ab::AlphaPilotLowFrequencyDirectional4HV01,ZRX/USDT:USDT,long,2018-04-03 13:45:00+00:00,2018-04-03 14:15:00+00:00,0.5855,0.6098,0.2023100320036395,99.3128465,6.76871564,6.94285714,0.0,0.490649,0.0,,lf_4h_long_score,profitable_long_momentum_exit,
ce488346893e09be355df104861ac72e948842dc0016bd83d52c250bbe68a758,freqtrade::AlphaPilotLowFrequencyDirectional4HV01,AlphaPilotLowFrequencyDirectional4HV01,15m,freqtrade::1db8540bdbb0238030ab::AlphaPilotLowFrequencyDirectional4HV01,ZRX/USDT:USDT,long,2018-02-01 22:00:00+00:00,2018-02-01 23:45:00+00:00,1.5725,1.6357,0.19575554035382942,70.219326,6.54948058,6.80851064,0.0,0.35852999999999996,0.0,,lf_4h_long_score,profitable_long_momentum_exit,
577c64acecdd308c2a58b04f6a1528dd8e5b2cb49ba7c1429aaf8a66fc841ce1,freqtrade::AlphaPilotLowFrequencyDirectional4HV01,AlphaPilotLowFrequencyDirectional4HV01,15m,freqtrade::1db8540bdbb0238030ab::AlphaPilotLowFrequencyDirectional4HV01,ZRX/USDT:USDT,short,2018-04-24 02:15:00+00:00,2018-04-24 02:45:00+00:00,1.0624,1.0205,0.19238982254681558,73.9539755,6.48872849,6.66666667,0.0,0.3845888,0.0,,lf_4h_short_score,profitable_short_momentum_exit,
c5dfdf5c2348ca801d5653412c5808a62e9363131fbb5a647fd6ad1e86c109c3,freqtrade::AlphaPilotLowFrequencyDirectional4HV01,AlphaPilotLowFrequencyDirectional4HV01,15m,freqtrade::1db8540bdbb0238030ab::AlphaPilotLowFrequencyDirectional4HV01,ZRX/USDT:USDT,long,2018-03-25 03:15:00+00:00,2018-03-25 11:45:00+00:00,0.6354,0.5601,-0.596945389439369,-352.9245375,-19.96311055,0.0,-19.84210526,0.5909220000000001,0.0,,lf_4h_long_score,stop_loss,
6bd21f3abcf7233891e62a7d3785e1d80205a2720374eea8928d3dded280af9e,freqtrade::AlphaPilotLowFrequencyDirectional4HV01,AlphaPilotLowFrequencyDirectional4HV01,15m,freqtrade::1db8540bdbb0238030ab::AlphaPilotLowFrequencyDirectional4HV01,ZRX/USDT:USDT,short,2018-01-29 19:00:00+00:00,2018-01-29 20:30:00+00:00,1.7459,1.8599,-0.3318083235443256,-126.225161,-11.14046446,0.0,-11.91346154,0.3806062,0.0,,lf_4h_short_score,stop_loss,
a4d9b31237fd4e52e22e5efe38207d0b7ddaddf235716b0efac746aa1c987cd7,freqtrade::AlphaPilotLowFrequencyDirectional4HV01,AlphaPilotLowFrequencyDirectional4HV01,15m,freqtrade::1db8540bdbb0238030ab::AlphaPilotLowFrequencyDirectional4HV01,ZRX/USDT:USDT,short,2018-04-06 15:15:00+00:00,2018-04-06 15:45:00+00:00,0.4864,0.5119,-0.26739469652589454,-145.59524,-8.96970899,0.0,-8.82758621,0.544768,0.0,,lf_4h_short_score,stop_loss,
3234061c1eb706d305fece888fd72bd7bd9bf8a5129157fc905aec1d04222767,freqtrade::AlphaPilotLowFrequencyDirectional4HV01,AlphaPilotLowFrequencyDirectional4HV01,15m,freqtrade::1db8540bdbb0238030ab::AlphaPilotLowFrequencyDirectional4HV01,ZRX/USDT:USDT,short,2018-03-26 17:30:00+00:00,2018-03-26 19:15:00+00:00,0.5151,0.5402,-0.24888827640378142,-122.500167,-8.54682341,0.0,-20.63333333,0.49243560000000003,0.0,,lf_4h_short_score,stop_loss,
e468d94b6b563aa6d054360b20cd1edb3c69cd96210e1fc4263983d65ed277b0,freqtrade::AlphaPilotLowFrequencyDirectional4HV01,AlphaPilotLowFrequencyDirectional4HV01,15m,freqtrade::1db8540bdbb0238030ab::AlphaPilotLowFrequencyDirectional4HV01,ZRX/USDT:USDT,short,2018-03-13 19:45:00+00:00,2018-03-13 21:00:00+00:00,0.5829,0.6101,-0.23855211187683395,-112.575825,-8.17953094,0.11764706,-8.0,0.472149,0.0,,lf_4h_short_score,stop_loss,
516ebac6bfa5099e119ef2521c7547210fca5f4a4b23689c520f68e58594f88f,freqtrade::AlphaPilotLowFrequencyDirectional4HV01,AlphaPilotLowFrequencyDirectional4HV01,15m,freqtrade::1db8540bdbb0238030ab::AlphaPilotLowFrequencyDirectional4HV01,ZRX/USDT:USDT,long,2018-03-31 19:15:00+00:00,2018-03-31 20:30:00+00:00,0.5544,0.5292,-0.2320430693744037,-122.530968,-7.79664713,0.03030303,-7.63636364,0.5277888000000001,0.0,,lf_4h_long_score,stop_loss,
da15ecbd8b428f37ba91cba30d14e13a1b1b55f00461169e51427f719bb99b2d,freqtrade::AlphaPilotLowFrequencyDirectional4HV01,AlphaPilotLowFrequencyDirectional4HV01,4h,freqtrade::f5106790ed05ff07ed70::AlphaPilotLowFrequencyDirectional4HV01,SOL/USDT:USDT,short,2026-06-10 04:00:00+00:00,2026-06-10 08:00:00+00:00,64.48,63.64,0.06026826999107494,0.00776831,2.04531476,4.18421053,-0.68421053,0.00012895999999999999,8.910982871236701e-06,,lf_4h_short_score,roi,
1dad96d90c46b4c275e160e4e825463ff0d6e8d8fd0a73044957a083f87cb762,freqtrade::AlphaPilotLowFrequencyDirectional4HV01,AlphaPilotLowFrequencyDirectional4HV01,4h,freqtrade::f5106790ed05ff07ed70::AlphaPilotLowFrequencyDirectional4HV01,SOL/USDT:USDT,short,2026-06-25 08:00:00+00:00,2026-06-25 08:00:00+00:00,69.4,68.49,0.06035150139911454,0.0083726,2.04311912,3.51219512,0.0,0.0001388,-3.7946253644928004e-05,,lf_4h_short_score,roi,
494e110fb4738bbf8738f8d62cc464d68a741e3cb190ccd4d3740fe416a56535,freqtrade::AlphaPilotLowFrequencyDirectional4HV01,AlphaPilotLowFrequencyDirectional4HV01,4h,freqtrade::f5106790ed05ff07ed70::AlphaPilotLowFrequencyDirectional4HV01,SOL/USDT:USDT,short,2026-06-07 12:00:00+00:00,2026-06-07 12:00:00+00:00,64.96,64.12,0.059717358679339666,0.0077546,2.04170506,3.63157895,-0.86842105,0.00012992,0.0,,lf_4h_short_score,roi,
9b951a4bcf077282188b3f544a2998cd56f497d19161d400d87bc8590fba9de7,freqtrade::AlphaPilotLowFrequencyDirectional4HV01,AlphaPilotLowFrequencyDirectional4HV01,4h,freqtrade::f5106790ed05ff07ed70::AlphaPilotLowFrequencyDirectional4HV01,SOL/USDT:USDT,short,2026-02-18 16:00:00+00:00,2026-02-18 16:00:00+00:00,82.93,81.85,0.06017780384223222,0.0099761,2.03695725,5.12244898,-0.2244898,0.00016586000000000001,0.0,,lf_4h_short_score,roi,
1b5ab26c4ed55f9783cdada22291efcd6142adb171474f8f854d4902a3f067c8,freqtrade::AlphaPilotLowFrequencyDirectional4HV01,AlphaPilotLowFrequencyDirectional4HV01,4h,freqtrade::f5106790ed05ff07ed70::AlphaPilotLowFrequencyDirectional4HV01,SOL/USDT:USDT,short,2026-02-10 20:00:00+00:00,2026-02-10 20:00:00+00:00,83.05,81.97,0.060083623991405696,0.0099749,2.03671223,2.55102041,-0.28571429,0.0001661,0.0,,lf_4h_short_score,roi,
0fd222a78ede4b06eb4cafeb90e623cfaff5965a0b126515c510ebc314a1bb17,freqtrade::AlphaPilotLowFrequencyDirectional4HV01,AlphaPilotLowFrequencyDirectional4HV01,4h,freqtrade::f5106790ed05ff07ed70::AlphaPilotLowFrequencyDirectional4HV01,SOL/USDT:USDT,short,2026-02-11 04:00:00+00:00,2026-02-11 04:00:00+00:00,83.26,82.18,0.05991946249367778,0.0099728,2.03628345,6.18367347,-0.42857143,0.00016652,0.0,,lf_4h_short_score,roi,
d2beeb31ba9b5d1f562dfe4e195b9234250381a4d12d313ff02f170a2c997c66,freqtrade::AlphaPilotLowFrequencyDirectional4HV01,AlphaPilotLowFrequencyDirectional4HV01,4h,freqtrade::f5106790ed05ff07ed70::AlphaPilotLowFrequencyDirectional4HV01,SOL/USDT:USDT,short,2026-03-18 16:00:00+00:00,2026-03-18 16:00:00+00:00,89.3,89.83,-0.035193464593438945,-0.00628241,-1.18595335,1.37735849,-2.79245283,0.0001786,-8.67615232664651e-05,,lf_4h_short_score,stop_loss,
58bb8e7a35885ce512b2b8f377e78b31c9d833dde1d01b257a651e1c767ea707,freqtrade::AlphaPilotLowFrequencyDirectional4HV01,AlphaPilotLowFrequencyDirectional4HV01,4h,freqtrade::f5106790ed05ff07ed70::AlphaPilotLowFrequencyDirectional4HV01,SOL/USDT:USDT,short,2026-03-31 16:00:00+00:00,2026-03-31 16:00:00+00:00,80.82,81.3,-0.03520350870807837,-0.00568745,-1.18547816,0.02083333,-5.45833333,0.00016164,-7.68536269531192e-05,,lf_4h_short_score,stop_loss,
6496c413ce06847040a4bb61dfd9c0848fbbea33d3af6a431cd836ff38de3846,freqtrade::AlphaPilotLowFrequencyDirectional4HV01,AlphaPilotLowFrequencyDirectional4HV01,4h,freqtrade::f5106790ed05ff07ed70::AlphaPilotLowFrequencyDirectional4HV01,SOL/USDT:USDT,short,2026-03-22 00:00:00+00:00,2026-03-22 00:00:00+00:00,87.47,87.99,-0.03522963036336964,-0.00615999,-1.18520606,2.48076923,-3.13461538,0.00017494000000000003,-8.268875720807568e-05,,lf_4h_short_score,stop_loss,
f536df6fadbff4b86ce9c24dc0733e7f2a7438b6d7bf00d979bc9cde302ae401,freqtrade::AlphaPilotLowFrequencyDirectional4HV01,AlphaPilotLowFrequencyDirectional4HV01,4h,freqtrade::f5106790ed05ff07ed70::AlphaPilotLowFrequencyDirectional4HV01,SOL/USDT:USDT,short,2026-03-23 00:00:00+00:00,2026-03-23 00:00:00+00:00,86.16,86.67,-0.03501425736080668,-0.00603064,-1.18306997,1.47058824,-2.0,0.00017232,-6.64896847542648e-05,,lf_4h_short_score,stop_loss,
b3a02776a1d68031f060d36892f8b38f65e078fcff3faf24da9d7dc2d2eec043,freqtrade::AlphaPilotLowFrequencyDirectional4HV01,AlphaPilotLowFrequencyDirectional4HV01,4h,freqtrade::f5106790ed05ff07ed70::AlphaPilotLowFrequencyDirectional4HV01,SOL/USDT:USDT,long,2026-06-26 08:00:00+00:00,2026-06-26 08:00:00+00:00,70.75,70.33,-0.035069814915863626,-0.00496486,-1.18151876,0.21428571,-5.71428571,0.0001415,-5.9458488664214e-05,,lf_4h_long_score,stop_loss,
48f080d303def7c6bb4c80d189048c24991abd36366a801a12f39a02569209e7,freqtrade::AlphaPilotLowFrequencyDirectional4HV01,AlphaPilotLowFrequencyDirectional4HV01,4h,freqtrade::f5106790ed05ff07ed70::AlphaPilotLowFrequencyDirectional4HV01,SOL/USDT:USDT,short,2026-06-12 20:00:00+00:00,2026-06-13 00:00:00+00:00,66.74,67.14,-0.035329022017751455,-0.00471336,-1.17892946,0.825,-1.85,0.00013348,-4.396373182045141e-05,,lf_4h_short_score,stop_loss,
24ea0cb83833ae5a8f7c532c3931cd67d7fcd70b94707f3d3a17d95ff210f390,freqtrade::AlphaPilotShortRejection1HV01,AlphaPilotShortRejection1HV01,15m,freqtrade::cf3c0a04cf43f7a295df::AlphaPilotShortRejection1HV01,ZRX/USDT:USDT,short,2018-03-22 14:00:00+00:00,2018-03-22 15:00:00+00:00,0.6098,0.5699,0.32248126359014206,56.9997175,13.1099383,13.3,0.0,0.17684200000000003,0.0,,short_rejection_score,profitable_short_momentum_exit,
c0b08b7dee83d8feac796e765ef22140bc16acb700f648fc8d67f7690e8f7e38,freqtrade::AlphaPilotShortRejection1HV01,AlphaPilotShortRejection1HV01,15m,freqtrade::cf3c0a04cf43f7a295df::AlphaPilotShortRejection1HV01,ZRX/USDT:USDT,short,2018-02-02 03:00:00+00:00,2018-02-02 03:15:00+00:00,1.5443,1.4474,0.30904576810842777,79.1854445,12.39634752,12.97402597,0.0,0.25635379999999997,0.0,,short_rejection_score,roi,
e07cc4329f39d30cd5a6e3df803cd5809e96dc9c4b284c1b1ce5bd0f27fe2b2b,freqtrade::AlphaPilotShortRejection1HV01,AlphaPilotShortRejection1HV01,15m,freqtrade::cf3c0a04cf43f7a295df::AlphaPilotShortRejection1HV01,ZRX/USDT:USDT,short,2018-03-01 00:45:00+00:00,2018-03-01 01:30:00+00:00,0.9265,0.8901,0.19163224353677105,39.750704,7.71944668,11.19565217,0.0,0.207536,0.0,,short_rejection_score,profitable_short_momentum_exit,
5199ef53b7b8f0561ce85fa5d513d7a5d6dfbed616a36e8d16a5e916f84fd57d,freqtrade::AlphaPilotShortRejection1HV01,AlphaPilotShortRejection1HV01,15m,freqtrade::cf3c0a04cf43f7a295df::AlphaPilotShortRejection1HV01,ZRX/USDT:USDT,short,2018-04-24 02:15:00+00:00,2018-04-24 02:45:00+00:00,1.0624,1.0205,0.19238982254681555,17.977762,7.71301689,7.9245283,0.0,0.09349120000000001,0.0,,short_rejection_score,profitable_short_momentum_exit,
615f30903f96caa6df7fde8fc5bd40c2baa9c267d231688999697ed49dae07a3,freqtrade::AlphaPilotShortRejection1HV01,AlphaPilotShortRejection1HV01,15m,freqtrade::cf3c0a04cf43f7a295df::AlphaPilotShortRejection1HV01,ZRX/USDT:USDT,short,2018-04-12 06:45:00+00:00,2018-04-12 07:00:00+00:00,0.6252,0.6031,0.1719177727059307,22.345284,6.93438655,7.83870968,-0.19354839,0.13004159999999998,0.0,,short_rejection_score,roi,
f51485d0c10d20cb59ac5fdbef5a565187b40a32279573df67ea52092ef21546,freqtrade::AlphaPilotShortRejection1HV01,AlphaPilotShortRejection1HV01,15m,freqtrade::cf3c0a04cf43f7a295df::AlphaPilotShortRejection1HV01,ZRX/USDT:USDT,short,2018-03-14 17:15:00+00:00,2018-03-14 21:15:00+00:00,0.55,0.5335,0.14514757378689344,27.9269375,5.91341967,6.11111111,0.0,0.1925,0.0,,short_rejection_score,profitable_short_momentum_exit,
ceb0dd6d3bd732f01fc7f8355c18673b724da275e19fcb85053d820cc369a277,freqtrade::AlphaPilotShortRejection1HV01,AlphaPilotShortRejection1HV01,15m,freqtrade::cf3c0a04cf43f7a295df::AlphaPilotShortRejection1HV01,ZRX/USDT:USDT,short,2018-03-19 15:15:00+00:00,2018-03-19 15:30:00+00:00,0.4238,0.46,-0.43251805232488827,-87.94056,-17.45725244,0.0,-17.23809524,0.20342400000000002,0.0,,short_rejection_score,stop_loss,
c80810660657ad53cb606c4330ae925bd21d73be4522ee9a0e23fcb6ae3baa8b,freqtrade::AlphaPilotShortRejection1HV01,AlphaPilotShortRejection1HV01,15m,freqtrade::cf3c0a04cf43f7a295df::AlphaPilotShortRejection1HV01,ZRX/USDT:USDT,short,2018-01-29 19:00:00+00:00,2018-01-29 20:30:00+00:00,1.7459,1.8599,-0.3318083235443256,-84.536117,-13.31733683,0.0,-14.24137931,0.2549014,0.0,,short_rejection_score,stop_loss,
93f0891d4f09d0a26f007ea55d57a0a71be2e9ef84aca6ffb7ed1de52992dfb7,freqtrade::AlphaPilotShortRejection1HV01,AlphaPilotShortRejection1HV01,15m,freqtrade::cf3c0a04cf43f7a295df::AlphaPilotShortRejection1HV01,ZRX/USDT:USDT,short,2018-03-27 18:30:00+00:00,2018-03-27 19:45:00+00:00,0.6372,0.6726,-0.28305819576454894,-52.640154,-11.63643112,0.0,-11.41935484,0.1860624,0.0,,short_rejection_score,stop_loss,
783cd85a92132f85285d5b62535015f0a55c9a6f0af2a10465f1dc1694c1337c,freqtrade::AlphaPilotShortRejection1HV01,AlphaPilotShortRejection1HV01,15m,freqtrade::cf3c0a04cf43f7a295df::AlphaPilotShortRejection1HV01,ZRX/USDT:USDT,short,2018-04-01 16:30:00+00:00,2018-04-01 19:15:00+00:00,0.4823,0.5069,-0.26028564769633417,-42.409874,-10.46131399,0.0,-10.25,0.1630174,0.0,,short_rejection_score,stop_loss,
f75d5b299f8c5e274209e40c0a28930ce0649b08600566ddf6a351c37bfeca33,freqtrade::AlphaPilotShortRejection1HV01,AlphaPilotShortRejection1HV01,15m,freqtrade::cf3c0a04cf43f7a295df::AlphaPilotShortRejection1HV01,ZRX/USDT:USDT,short,2018-03-26 17:30:00+00:00,2018-03-26 19:15:00+00:00,0.5151,0.5402,-0.2488882764037814,-50.742747,-10.25618809,0.0,-24.76,0.2039796,0.0,,short_rejection_score,stop_loss,
51688f152a03a24571b7e07a7d963f8d87271d82a96a3073370d21440a64b69d,freqtrade::AlphaPilotShortRejection1HV01,AlphaPilotShortRejection1HV01,15m,freqtrade::cf3c0a04cf43f7a295df::AlphaPilotShortRejection1HV01,ZRX/USDT:USDT,short,2018-03-13 19:45:00+00:00,2018-03-13 21:00:00+00:00,0.5829,0.6101,-0.23855211187683398,-50.867595,-9.5897949,0.13793103,-9.37931034,0.2133414,0.0,,short_rejection_score,stop_loss,
8b0eed8f30c6c73c04fad6361adef3d941916cef0630bc9b3867be87da5f4d2d,freqtrade::AlphaPilotShortRejection1HV01,AlphaPilotShortRejection1HV01,1h,freqtrade::937109e6d983de4dd028::AlphaPilotShortRejection1HV01,GMT/USDT:USDT,short,2026-03-30 16:00:00+00:00,2026-03-30 18:00:00+00:00,0.00963,0.00952,0.052167828462517864,0.00060255,2.51188094,4.0,-0.75,1.1556e-05,0.0,,short_rejection_score,roi,
4b462676090228387610a76e8304e936d6a1af06da9e5591bf7660b43f017611,freqtrade::AlphaPilotShortRejection1HV01,AlphaPilotShortRejection1HV01,1h,freqtrade::937109e6d983de4dd028::AlphaPilotShortRejection1HV01,SEI/USDT:USDT,short,2026-01-30 02:00:00+00:00,2026-01-30 02:00:00+00:00,0.0979,0.0968,0.051233481909494075,0.4912985,2.50787894,5.5,0.0,0.0095942,0.0,,short_rejection_score,roi,
addeed86e8c72031dfa3347fe819307ced85e81b7ded8258b89859be8d398dce,freqtrade::AlphaPilotShortRejection1HV01,AlphaPilotShortRejection1HV01,1h,freqtrade::937109e6d983de4dd028::AlphaPilotShortRejection1HV01,GMT/USDT:USDT,short,2026-03-28 22:00:00+00:00,2026-03-28 23:00:00+00:00,0.00983,0.00972,0.051004647796940174,0.00060135,2.50687844,2.75,-0.75,1.1796e-05,0.0,,short_rejection_score,roi,
4f61d5fad6ab6bc133e1139fcd9c866d6b051d97372e4235707511264c780ee0,freqtrade::AlphaPilotShortRejection1HV01,AlphaPilotShortRejection1HV01,1h,freqtrade::937109e6d983de4dd028::AlphaPilotShortRejection1HV01,GMT/USDT:USDT,short,2026-03-27 11:00:00+00:00,2026-03-27 12:00:00+00:00,0.00984,0.00973,0.05094772996254225,0.00060129,2.50662831,3.0,-0.75,1.1808000000000001e-05,0.0,,short_rejection_score,roi,
e667a95f9b559845da47863cca45187151ea488247877dbe171ce95dd35d9ae8,freqtrade::AlphaPilotShortRejection1HV01,AlphaPilotShortRejection1HV01,1h,freqtrade::937109e6d983de4dd028::AlphaPilotShortRejection1HV01,SEI/USDT:USDT,short,2026-01-29 18:00:00+00:00,2026-01-29 18:00:00+00:00,0.0999,0.0988,0.05010763640078297,0.4302795,2.50287644,4.25,-0.75,0.0085914,0.0,,short_rejection_score,roi,
fafd13cfa5ab6f10b7cb01d43eb0fc4619ebfe1e99d995e68b9973f52a01bac5,freqtrade::AlphaPilotShortRejection1HV01,AlphaPilotShortRejection1HV01,1h,freqtrade::937109e6d983de4dd028::AlphaPilotShortRejection1HV01,GMT/USDT:USDT,short,2026-03-01 20:00:00+00:00,2026-03-01 20:00:00+00:00,0.01141,0.01128,0.05202192098094038,0.00177982,2.37428047,4.4,-0.6,3.4229999999999996e-05,0.0,,short_rejection_score,roi,
cea933f3e2c80b799a143bfeecae984f18a7b30cf50972071a91cb32289e4ec9,freqtrade::AlphaPilotShortRejection1HV01,AlphaPilotShortRejection1HV01,1h,freqtrade::937109e6d983de4dd028::AlphaPilotShortRejection1HV01,APE/USDT:USDT,short,2026-04-18 16:00:00+00:00,2026-04-18 16:00:00+00:00,0.10394,0.10445,-0.03690271150583951,-0.0003067,-1.50418346,1.15686275,-3.25490196,8.3152e-06,-6.102071728132355e-05,,short_rejection_score,stop_loss,
df6db5fee400329469a7b34f084a783d3748b671ae04af2263208c04d3fbc5a7,freqtrade::AlphaPilotShortRejection1HV01,AlphaPilotShortRejection1HV01,1h,freqtrade::937109e6d983de4dd028::AlphaPilotShortRejection1HV01,GMT/USDT:USDT,short,2026-05-25 04:00:00+00:00,2026-05-25 04:00:00+00:00,0.011781,0.011839,-0.03287867514098276,-7.743e-05,-1.33566783,1.55172414,-3.74137931,2.3562e-06,-7.616870029460487e-06,,short_rejection_score,stop_loss,
14e52c657c4ae90cf87e9271c79548ad3a1bbcb833affcb1f08114084429214d,freqtrade::AlphaPilotShortRejection1HV01,AlphaPilotShortRejection1HV01,1h,freqtrade::937109e6d983de4dd028::AlphaPilotShortRejection1HV01,APE/USDT:USDT,short,2026-04-30 00:00:00+00:00,2026-04-30 00:00:00+00:00,0.14661,0.14734,-0.03306850888100076,-0.00019383,-1.32826687,2.21917808,-2.97260274,5.8644e-06,-1.8434968914749265e-05,,short_rejection_score,stop_loss,
c67b9fbc16b9ca956cc9408950a8b2351ed1ad40c62e56f2034e8e8d40052887,freqtrade::AlphaPilotShortRejection1HV01,AlphaPilotShortRejection1HV01,1h,freqtrade::937109e6d983de4dd028::AlphaPilotShortRejection1HV01,GMT/USDT:USDT,short,2026-05-20 12:00:00+00:00,2026-05-20 12:00:00+00:00,0.010082,0.010132,-0.032688433087799604,-0.00013176,-1.31825913,0.64,-1.56,4.0328e-06,-1.1548116278223329e-05,,short_rejection_score,stop_loss,
377cb2040d7012753d3a2e0e6c2c35e50c9d927eaf6dd72edea04994e1d7746c,freqtrade::AlphaPilotShortRejection1HV01,AlphaPilotShortRejection1HV01,1h,freqtrade::937109e6d983de4dd028::AlphaPilotShortRejection1HV01,APE/USDT:USDT,short,2026-05-01 08:00:00+00:00,2026-05-01 09:00:00+00:00,0.15736,0.15814,-0.03253088160755518,-0.00010233,-1.31257937,1.80769231,-3.56410256,3.1472e-06,-8.55385987891669e-06,,short_rejection_score,stop_loss,
0c3c176c80eaf49029dc292a4b42a41b72b1e44f8c9e5cadee83e1ad6b01e3d0,freqtrade::AlphaPilotShortRejection1HV01,AlphaPilotShortRejection1HV01,1h,freqtrade::937109e6d983de4dd028::AlphaPilotShortRejection1HV01,GALA/USDT:USDT,short,2026-04-19 23:00:00+00:00,2026-04-20 00:00:00+00:00,0.003188,0.003203,-0.03054067811823101,-0.00019463,-1.29818242,1.66666667,-2.2,6.376e-06,-1.267835120659465e-05,,short_rejection_score,stop_loss,
bd2e9278ec2577f68f8de640b1e531c945a16b6f409d0e50c3ed344a50688f8f,freqtrade::AlphaPilotTrendPullback1HV01,AlphaPilotTrendPullback1HV01,15m,freqtrade::36b5cfdcd092ba8c4cda::AlphaPilotTrendPullback1HV01,ZRX/USDT:USDT,long,2020-05-01 08:15:00+00:00,2020-05-01 09:45:00+00:00,0.206,0.209,0.06774525358679884,14.493075,2.79110445,5.0,0.0,0.21382800000000002,0.0,,trend_pullback_1h_v01,roi,
1787d48bf80db06276d0d32a3c01fea811d4506b19bab8f27d186598021c3c75,freqtrade::AlphaPilotTrendPullback1HV01,AlphaPilotTrendPullback1HV01,15m,freqtrade::36b5cfdcd092ba8c4cda::AlphaPilotTrendPullback1HV01,ZIL/USDT:USDT,long,2020-01-21 05:15:00+00:00,2020-01-21 06:30:00+00:00,0.00503,0.00509,0.05458503352697409,12.80102,2.74562719,3.5,-0.5,0.234398,0.0,,trend_pullback_1h_v01,roi,
078bc3b879c2da4c1068c271130223e5b670960b0d4ac0bf1a9ab7840d1a26c1,freqtrade::AlphaPilotTrendPullback1HV01,AlphaPilotTrendPullback1HV01,15m,freqtrade::36b5cfdcd092ba8c4cda::AlphaPilotTrendPullback1HV01,ZIL/USDT:USDT,long,2020-01-27 21:15:00+00:00,2020-01-27 22:00:00+00:00,0.00505,0.00511,0.054349063092216265,12.373476,2.74462769,3.0,0.0,0.227553,0.0,,trend_pullback_1h_v01,roi,
0314acfe0e3828111be7c48e0ac7fa7482abe87abcf626868b919823325beaea,freqtrade::AlphaPilotTrendPullback1HV01,AlphaPilotTrendPullback1HV01,15m,freqtrade::36b5cfdcd092ba8c4cda::AlphaPilotTrendPullback1HV01,ZIL/USDT:USDT,long,2020-04-29 09:15:00+00:00,2020-04-29 10:00:00+00:00,0.00508,0.00514,0.05399859125555331,10.92311,2.74312844,3.0,0.0,0.202184,0.0,,trend_pullback_1h_v01,roi,
2312d5335365085e08426258f199a30064030865dc0e3709ec0192c0ef1cdb89,freqtrade::AlphaPilotTrendPullback1HV01,AlphaPilotTrendPullback1HV01,15m,freqtrade::36b5cfdcd092ba8c4cda::AlphaPilotTrendPullback1HV01,ZIL/USDT:USDT,long,2020-04-29 10:15:00+00:00,2020-04-29 10:15:00+00:00,0.00512,0.00518,0.05353768428285857,11.02485,2.74112944,3.0,0.0,0.205824,0.0,,trend_pullback_1h_v01,roi,
b293226c29113e12148f36f7f5c9cee85e235ece7f28f75f8994546ee3b6add8,freqtrade::AlphaPilotTrendPullback1HV01,AlphaPilotTrendPullback1HV01,15m,freqtrade::36b5cfdcd092ba8c4cda::AlphaPilotTrendPullback1HV01,ZRX/USDT:USDT,long,2020-02-06 08:15:00+00:00,2020-02-06 08:30:00+00:00,0.258,0.261,0.05308392315470173,11.67453,2.73913043,3.0,0.0,0.219816,0.0,,trend_pullback_1h_v01,roi,
fff3b09c01ce1d894228ca00b4eff3c9dbb9a35a2c66d7951ce5f19163403c8e,freqtrade::AlphaPilotTrendPullback1HV01,AlphaPilotTrendPullback1HV01,15m,freqtrade::36b5cfdcd092ba8c4cda::AlphaPilotTrendPullback1HV01,ZRX/USDT:USDT,long,2018-04-23 05:15:00+00:00,2018-04-23 06:15:00+00:00,1.0097,0.9972,-0.06683520674049427,-22.955865,-2.69934033,0.06,-2.5,0.343298,0.0,,trend_pullback_1h_v01,stop_loss,
c88af63ef05f9980af4ed8fe71da18a0156b236c0de1ef9a9e3bf64bc3543b43,freqtrade::AlphaPilotTrendPullback1HV01,AlphaPilotTrendPullback1HV01,15m,freqtrade::36b5cfdcd092ba8c4cda::AlphaPilotTrendPullback1HV01,ZRX/USDT:USDT,long,2026-04-19 21:15:00+00:00,2026-04-19 22:00:00+00:00,0.10657,0.10537,-0.06124225116493082,-1.6716416,-2.46286291,0.45283019,-2.47169811,0.02728192,0.0,,trend_pullback_1h_v01,stop_loss,
10a8db54eb78fe94bdf425be486bd82209f361118713165a8253bd3fd3c566fd,freqtrade::AlphaPilotTrendPullback1HV01,AlphaPilotTrendPullback1HV01,15m,freqtrade::36b5cfdcd092ba8c4cda::AlphaPilotTrendPullback1HV01,ZIL/USDT:USDT,long,2019-04-01 22:15:00+00:00,2019-04-01 23:45:00+00:00,0.02079,0.0206,-0.05064687473483077,-15.338596,-2.10589705,1.0,-1.9,0.30270240000000004,0.0,,trend_pullback_1h_v01,stop_loss,
524b9822ff648099959f6ba9405337754db5e52e2e3313dd2246e83051be1b62,freqtrade::AlphaPilotTrendPullback1HV01,AlphaPilotTrendPullback1HV01,15m,freqtrade::36b5cfdcd092ba8c4cda::AlphaPilotTrendPullback1HV01,ZRX/USDT:USDT,long,2019-06-01 09:15:00+00:00,2019-06-01 11:15:00+00:00,0.34,0.337,-0.04907105270893965,-12.185525,-2.08551974,0.0,-1.875,0.2482,0.0,,trend_pullback_1h_v01,stop_loss,
973ac4191694f960c76e7d3cb5a9033556c143bd8a88fd84bf613d411beb5ea0,freqtrade::AlphaPilotTrendPullback1HV01,AlphaPilotTrendPullback1HV01,15m,freqtrade::36b5cfdcd092ba8c4cda::AlphaPilotTrendPullback1HV01,ZRX/USDT:USDT,long,2026-04-24 12:15:00+00:00,2026-04-24 12:45:00+00:00,0.11646,0.11555,-0.04402765987777192,-1.13886555,-1.76809009,0.0,-1.81034483,0.02585412,0.0,,trend_pullback_1h_v01,stop_loss,
da843f511f623d8f33d3a3ed77f738721a0b7d0a28b3f05022c0d71f163b8f5d,freqtrade::AlphaPilotTrendPullback1HV01,AlphaPilotTrendPullback1HV01,15m,freqtrade::36b5cfdcd092ba8c4cda::AlphaPilotTrendPullback1HV01,ZRX/USDT:USDT,long,2019-03-18 05:15:00+00:00,2019-03-18 05:30:00+00:00,0.268,0.266,-0.042273639299753106,-12.85389,-1.74297467,0.0,-2.30769231,0.30391199999999996,0.0,,trend_pullback_1h_v01,stop_loss,
864a4c0e21b97b2d65f58992904226119d013b024073360a994ac9fa8d2e0383,freqtrade::AlphaPilotTrendPullback1HV01,AlphaPilotTrendPullback1HV01,1h,freqtrade::12af5af3dc6a0d42344c::AlphaPilotTrendPullback1HV01,DOT/USDT:USDT,long,2026-05-10 11:00:00+00:00,2026-05-10 13:00:00+00:00,1.352,1.367,0.050420425881733684,3.4237655,2.27228053,2.83333333,-0.33333333,0.06787040000000001,0.0,,trend_pullback_1h_v01,roi,
8a46f2d43b2e05e86a393977c2c3f36de8cf1b800dbf4b8d185cb01461b48bd2,freqtrade::AlphaPilotTrendPullback1HV01,AlphaPilotTrendPullback1HV01,1h,freqtrade::12af5af3dc6a0d42344c::AlphaPilotTrendPullback1HV01,DOT/USDT:USDT,long,2026-03-13 12:00:00+00:00,2026-03-13 12:00:00+00:00,1.516,1.533,0.051015059752445684,7.025877,2.20968087,2.71428571,-0.57142857,0.13765280000000002,0.0,,trend_pullback_1h_v01,roi,
685f760b78bfda9e97e885d1a68cb8755c84a4a63b329702b1ebd5052c37d421,freqtrade::AlphaPilotTrendPullback1HV01,AlphaPilotTrendPullback1HV01,1h,freqtrade::12af5af3dc6a0d42344c::AlphaPilotTrendPullback1HV01,JUP/USDT:USDT,long,2026-01-12 02:00:00+00:00,2026-01-12 02:00:00+00:00,0.2136,0.216,0.05112612233209238,10.991556,2.18410795,3.6,-0.1,0.2148816,0.0,,trend_pullback_1h_v01,roi,
65ad19f3e51cd8b4f7b59eef5e01915cd8c015c9cd78defc85862efbbba81701,freqtrade::AlphaPilotTrendPullback1HV01,AlphaPilotTrendPullback1HV01,1h,freqtrade::12af5af3dc6a0d42344c::AlphaPilotTrendPullback1HV01,ARB/USDT:USDT,long,2026-01-18 20:00:00+00:00,2026-01-18 20:00:00+00:00,0.2181,0.2205,0.04996813835173197,6.9062769,2.17961019,2.6,-0.4,0.13814454,0.0,,trend_pullback_1h_v01,roi,
b63704e88632f24ed323d57158c1e3043aabd4c6ba3d8e36f31b0280b0c4598b,freqtrade::AlphaPilotTrendPullback1HV01,AlphaPilotTrendPullback1HV01,1h,freqtrade::12af5af3dc6a0d42344c::AlphaPilotTrendPullback1HV01,JUP/USDT:USDT,long,2026-04-15 19:00:00+00:00,2026-04-15 19:00:00+00:00,0.1685,0.1704,0.051325969062946265,6.4895625,2.16210645,2.375,-0.125,0.12637500000000002,0.0,,trend_pullback_1h_v01,roi,
ff23d0d995932252b720648ce697c37cf0b34c8ee9aab4ca194084ffd777664b,freqtrade::AlphaPilotTrendPullback1HV01,AlphaPilotTrendPullback1HV01,1h,freqtrade::12af5af3dc6a0d42344c::AlphaPilotTrendPullback1HV01,NEAR/USDT:USDT,long,2026-01-11 10:00:00+00:00,2026-01-11 12:00:00+00:00,1.698,1.717,0.0508947528591417,9.54546,2.16048226,2.375,-0.5,0.18745920000000002,0.0,,trend_pullback_1h_v01,roi,
931c9d15698f357e7b2e0a10ecf3d1a6451da63fe46a609ad036cc80d2363d9d,freqtrade::AlphaPilotTrendPullback1HV01,AlphaPilotTrendPullback1HV01,1h,freqtrade::12af5af3dc6a0d42344c::AlphaPilotTrendPullback1HV01,GMT/USDT:USDT,long,2026-03-17 13:00:00+00:00,2026-03-17 13:00:00+00:00,0.0119,0.01185,-0.02598490666740769,-3.33970312,-1.23688156,1.2,-2.6,0.1284605,0.0,,trend_pullback_1h_v01,stop_loss,
6550b8768f2bfe8e8bff28df0280e61ada2ee6cd7158b7313069707442aaf518,freqtrade::AlphaPilotTrendPullback1HV01,AlphaPilotTrendPullback1HV01,1h,freqtrade::12af5af3dc6a0d42344c::AlphaPilotTrendPullback1HV01,GMT/USDT:USDT,long,2026-03-17 12:00:00+00:00,2026-03-17 12:00:00+00:00,0.01188,0.01183,-0.02602023903872979,-3.37320057,-1.23648176,1.6,-1.6,0.12957278400000002,0.0,,trend_pullback_1h_v01,stop_loss,
d1f8cd873a8cfa0aeaccb48441612c24a0d9b205a8e1ee47ab21e39d292fcc4d,freqtrade::AlphaPilotTrendPullback1HV01,AlphaPilotTrendPullback1HV01,1h,freqtrade::12af5af3dc6a0d42344c::AlphaPilotTrendPullback1HV01,JUP/USDT:USDT,long,2026-05-02 15:00:00+00:00,2026-05-02 18:00:00+00:00,0.1798,0.179,-0.027472498456000034,-2.4710125,-1.23488881,1.75,-1.75,0.08990000000000001,-0.0225125,,trend_pullback_1h_v01,stop_loss,
a90745c7046854c0ef18ac3b76baf23be750df51541c2cb2c2f3344a3ee771b3,freqtrade::AlphaPilotTrendPullback1HV01,AlphaPilotTrendPullback1HV01,1h,freqtrade::12af5af3dc6a0d42344c::AlphaPilotTrendPullback1HV01,PEPE/USDT:USDT,long,2026-05-03 12:00:00+00:00,2026-05-03 17:00:00+00:00,3.946e-06,3.927e-06,-0.029549087595077274,-2.5198344,-1.22737579,1.42105263,-1.05263158,0.08523359999999999,-0.042692400000000005,,trend_pullback_1h_v01,stop_loss,
74fd96dfb163c6b79dd705d8af9576b995122b6c61093f6c2c1cd57da13f85be,freqtrade::AlphaPilotTrendPullback1HV01,AlphaPilotTrendPullback1HV01,1h,freqtrade::12af5af3dc6a0d42344c::AlphaPilotTrendPullback1HV01,STX/USDT:USDT,long,2026-05-10 23:00:00+00:00,2026-05-11 00:00:00+00:00,0.2685,0.2672,-0.029681062634418356,-2.04755628,-1.2260562,1.07692308,-3.30769231,0.0689508,-0.03443688,,trend_pullback_1h_v01,stop_loss,
61c200f6383ff968b34d4bb05ca100ad7d6bc281b94db23d2a9d0fb4a9a508b0,freqtrade::AlphaPilotTrendPullback1HV01,AlphaPilotTrendPullback1HV01,1h,freqtrade::12af5af3dc6a0d42344c::AlphaPilotTrendPullback1HV01,FIL/USDT:USDT,long,2026-01-06 16:00:00+00:00,2026-01-06 16:00:00+00:00,1.589,1.582,-0.027001917543430926,-6.14120815,-1.22588706,1.71428571,-5.42857143,0.22732234,0.0,,trend_pullback_1h_v01,stop_loss,
e47b26e9e4b391aa1d62c0c50828e8d9feccc954df9bb653550ba45c4883b6f6,freqtrade::AlphaPilotVolumeReboundV01,AlphaPilotVolumeReboundV01,15m,freqtrade::6112b4965cddc13c6367::AlphaPilotVolumeReboundV01,JUP/USDT:USDT,long,2026-04-06 07:00:00+00:00,2026-04-06 08:30:00+00:00,0.1643,0.1655,0.03148456204034319,0.31053,1.14953634,2.11111111,-0.77777778,0.009858,0.0,,volume_rebound_v0_1,roi,
0c95c65512335ae224a76e92881e4037d8ae275dba113568592402e80ca91b42,freqtrade::AlphaPilotVolumeReboundV01,AlphaPilotVolumeReboundV01,15m,freqtrade::6112b4965cddc13c6367::AlphaPilotVolumeReboundV01,NEAR/USDT:USDT,long,2026-05-20 13:45:00+00:00,2026-05-20 14:00:00+00:00,1.648,1.66,0.03137387616871176,0.031038,1.14898107,2.22222222,-0.33333333,0.0009888,0.0,,volume_rebound_v0_1,roi,
664fc8e869c365a56a045b70f78a1ce6a36006ff614536e6b7615b250e4f7cf4,freqtrade::AlphaPilotVolumeReboundV01,AlphaPilotVolumeReboundV01,15m,freqtrade::6112b4965cddc13c6367::AlphaPilotVolumeReboundV01,RENDER/USDT:USDT,long,2026-03-29 23:15:00+00:00,2026-03-30 00:15:00+00:00,1.649,1.661,0.031351819542017954,0.33104,1.14887001,4.55555556,-0.88888889,0.0105536,0.0,,volume_rebound_v0_1,roi,
cf2fc559000d9cac5807abc08b4cfc69cdfb40593d712850b0653e80706a8400,freqtrade::AlphaPilotVolumeReboundV01,AlphaPilotVolumeReboundV01,15m,freqtrade::6112b4965cddc13c6367::AlphaPilotVolumeReboundV01,JUP/USDT:USDT,long,2026-04-06 09:15:00+00:00,2026-04-06 10:30:00+00:00,0.1656,0.1668,0.031198169031426314,0.320478,1.14809262,1.44444444,-0.33333333,0.0102672,0.0,,volume_rebound_v0_1,roi,
a1a7aa9f75e3f68ffa3da04ebb5cfe4607b4d84adc7a4b3a4f3d797dacffc58b,freqtrade::AlphaPilotVolumeReboundV01,AlphaPilotVolumeReboundV01,15m,freqtrade::6112b4965cddc13c6367::AlphaPilotVolumeReboundV01,GMT/USDT:USDT,long,2026-01-06 01:00:00+00:00,2026-01-06 01:15:00+00:00,0.01657,0.01669,0.0311763249334898,10.7174016,1.14798156,1.44444444,-0.33333333,0.34359552000000004,0.0,,volume_rebound_v0_1,roi,
e6feb34ec85b61cfdecfce7d2493524a144c776a2eed6b3caab476cbcd409a9a,freqtrade::AlphaPilotVolumeReboundV01,AlphaPilotVolumeReboundV01,15m,freqtrade::6112b4965cddc13c6367::AlphaPilotVolumeReboundV01,RENDER/USDT:USDT,long,2026-03-29 01:15:00+00:00,2026-03-29 02:45:00+00:00,1.661,1.673,0.031089211565198737,0.361655,1.14753734,1.55555556,-0.88888889,0.011627,0.0,,volume_rebound_v0_1,roi,
7d3f64c74875483bd2b7ed16c7bb896e6e27d6a0303af7d66ad8209381c5398e,freqtrade::AlphaPilotVolumeReboundV01,AlphaPilotVolumeReboundV01,15m,freqtrade::6112b4965cddc13c6367::AlphaPilotVolumeReboundV01,NEAR/USDT:USDT,long,2026-05-07 15:45:00+00:00,2026-05-07 16:00:00+00:00,1.486,1.478,-0.03238690210749269,-0.0770416,-1.20317341,0.375,-2.125,0.0023776,-0.0011856,,volume_rebound_v0_1,stop_loss,
40a576b9b4b4264c9d3a9012e303ccb02efe68427d1c23328767155085c15fe7,freqtrade::AlphaPilotVolumeReboundV01,AlphaPilotVolumeReboundV01,15m,freqtrade::6112b4965cddc13c6367::AlphaPilotVolumeReboundV01,RENDER/USDT:USDT,long,2026-04-15 00:00:00+00:00,2026-04-15 00:15:00+00:00,1.831,1.821,-0.03252756472664814,-0.2145159,-1.19115942,1.2,-1.1,0.0065915999999999995,-0.0016479,,volume_rebound_v0_1,stop_loss,
a30d9af8cb518bbc89af5eef9e10ff485c0738cd8e4bfbcad7bd1ec6dbec7f35,freqtrade::AlphaPilotVolumeReboundV01,AlphaPilotVolumeReboundV01,15m,freqtrade::6112b4965cddc13c6367::AlphaPilotVolumeReboundV01,RENDER/USDT:USDT,long,2026-05-17 16:00:00+00:00,2026-05-17 16:45:00+00:00,1.829,1.819,-0.032557395441153124,-0.03574635,-1.19094953,0.2,-1.4,0.0010974,-0.00027435000000000003,,volume_rebound_v0_1,stop_loss,
60fd710dea81c179acbccd08c0d545245ff26250f4ba9495cbc6566dbbb77d20,freqtrade::AlphaPilotVolumeReboundV01,AlphaPilotVolumeReboundV01,15m,freqtrade::6112b4965cddc13c6367::AlphaPilotVolumeReboundV01,TAO/USDT:USDT,long,2026-05-25 16:00:00+00:00,2026-05-25 16:00:00+00:00,278.3,276.7,-0.0342142978097728,-0.0381064,-1.19022989,0.125,-1.1875,0.0011132,-0.0005564000000000001,,volume_rebound_v0_1,stop_loss,
c68aba058b7ab338555a74519f30bd62ca4a8487b1eb9ac82ec4f6b1e1a5b831,freqtrade::AlphaPilotVolumeReboundV01,AlphaPilotVolumeReboundV01,15m,freqtrade::6112b4965cddc13c6367::AlphaPilotVolumeReboundV01,UNI/USDT:USDT,long,2026-05-06 16:00:00+00:00,2026-05-06 16:15:00+00:00,3.478,3.458,-0.03422066999852575,-0.0714474,-1.1901949,0.75,-1.35,0.0020868,-0.0010434,,volume_rebound_v0_1,stop_loss,
e6ff7a6f09e5b7f976173fbe98da278a70c0b1f5e461b6a8b059c8fbb51dea47,freqtrade::AlphaPilotVolumeReboundV01,AlphaPilotVolumeReboundV01,15m,freqtrade::6112b4965cddc13c6367::AlphaPilotVolumeReboundV01,NEAR/USDT:USDT,long,2026-05-09 15:30:00+00:00,2026-05-09 16:00:00+00:00,1.559,1.55,-0.03433177574137883,-0.07497,-1.1894053,0.22222222,-1.0,0.0021826,-0.0010885,,volume_rebound_v0_1,stop_loss,
cb690efb6770d6ef72a973ea1ffa72fee15a8201d513f1e2739195f6196cdbe0,freqtrade::AlphaPilotVolumeReboundV02ATrendStrict,AlphaPilotVolumeReboundV02ATrendStrict,15m,freqtrade::b849b61ff7c7f677243e::AlphaPilotVolumeReboundV02ATrendStrict,SOL/USDT:USDT,long,2026-07-01 21:15:00+00:00,2026-07-01 21:30:00+00:00,77.84,78.39,0.030296067279823598,8.6071824,1.02532429,1.73913043,-0.43478261,0.28396032000000004,0.0,,volume_rebound_v0_1,roi,
0458ee78afdf074b786ad028c073baa9bfd61c57b43f6006d22fa3029edf4288,freqtrade::AlphaPilotVolumeReboundV02ATrendStrict,AlphaPilotVolumeReboundV02ATrendStrict,15m,freqtrade::b849b61ff7c7f677243e::AlphaPilotVolumeReboundV02ATrendStrict,SOL/USDT:USDT,long,2026-04-17 12:30:00+00:00,2026-04-17 12:45:00+00:00,88.15,88.77,0.030134677414554206,9.594297,1.02168147,1.38461538,-0.19230769,0.3182215,0.0,,volume_rebound_v0_1,roi,
32c51b28aa4d386252a3eba5244715937fcde85dc4de1a999d4a961541bb43e4,freqtrade::AlphaPilotVolumeReboundV02ATrendStrict,AlphaPilotVolumeReboundV02ATrendStrict,15m,freqtrade::b849b61ff7c7f677243e::AlphaPilotVolumeReboundV02ATrendStrict,SOL/USDT:USDT,long,2026-07-03 00:15:00+00:00,2026-07-03 01:00:00+00:00,80.69,81.26,0.030287557918896542,8.59216925,1.01829294,1.22916667,-0.4375,0.28354466,0.0,,volume_rebound_v0_1,roi,
d649f439598791d289ee5832707f515aeba6af2cd0e0060ecf47f5961f485fdf,freqtrade::AlphaPilotVolumeReboundV02ATrendStrict,AlphaPilotVolumeReboundV02ATrendStrict,15m,freqtrade::b849b61ff7c7f677243e::AlphaPilotVolumeReboundV02ATrendStrict,SOL/USDT:USDT,long,2026-06-30 15:30:00+00:00,2026-06-30 15:45:00+00:00,73.18,73.69,0.02981325680422975,8.2248846,1.01476006,2.3255814,-0.44186047,0.27574223999999997,0.0,,volume_rebound_v0_1,roi,
f3a8e8674be80c93a6f928b96af4be7f280291629adf10f8bb1604d21e51d0e8,freqtrade::AlphaPilotVolumeReboundV02ATrendStrict,AlphaPilotVolumeReboundV02ATrendStrict,15m,freqtrade::b849b61ff7c7f677243e::AlphaPilotVolumeReboundV02ATrendStrict,SOL/USDT:USDT,long,2026-07-04 03:15:00+00:00,2026-07-04 03:30:00+00:00,82.24,82.82,0.030229899641618877,8.6410539,1.01473753,1.20408163,-0.06122449,0.28570175999999997,0.0,,volume_rebound_v0_1,roi,
adbe060730421a76df6583178efd0d4cd044dfb8f7a4df7f4278c57cb988fab5,freqtrade::AlphaPilotVolumeReboundV02ATrendStrict,AlphaPilotVolumeReboundV02ATrendStrict,15m,freqtrade::b849b61ff7c7f677243e::AlphaPilotVolumeReboundV02ATrendStrict,SOL/USDT:USDT,long,2026-06-30 14:15:00+00:00,2026-06-30 14:30:00+00:00,73.33,73.84,0.029742049744253745,8.1260473,1.0144114,1.27906977,-0.62790698,0.27308092,0.0,,volume_rebound_v0_1,roi,
6094ae3c4cd11b2d034b7e52b75f9aff565b326ac13c25f440d6413dec57564b,freqtrade::AlphaPilotVolumeReboundV02ATrendStrict,AlphaPilotVolumeReboundV02ATrendStrict,15m,freqtrade::b849b61ff7c7f677243e::AlphaPilotVolumeReboundV02ATrendStrict,ETH/USDT:USDT,long,2026-04-20 15:30:00+00:00,2026-04-20 16:15:00+00:00,2316.38,2302.49,-0.035128178013851416,-11.2998321,-1.17163728,0.0,-1.28581713,0.32151354400000004,-0.05742420618321585,,volume_rebound_v0_1,stop_loss,
3fb233696ee906f01e0d0ba8fd14aba6d0391f5d3f0597cc545df508e424893a,freqtrade::AlphaPilotVolumeReboundV02ATrendStrict,AlphaPilotVolumeReboundV02ATrendStrict,15m,freqtrade::b849b61ff7c7f677243e::AlphaPilotVolumeReboundV02ATrendStrict,SOL/USDT:USDT,long,2026-07-02 01:45:00+00:00,2026-07-02 02:00:00+00:00,78.28,77.82,-0.03434984092011225,-9.857076,-1.16908937,0.17391304,-1.13043478,0.28681792,0.0,,volume_rebound_v0_1,stop_loss,
7ddeb21e3daf9ac2b8190f1af67696b393e0a423c6a2d7a71589b4a78021df2c,freqtrade::AlphaPilotVolumeReboundV02ATrendStrict,AlphaPilotVolumeReboundV02ATrendStrict,15m,freqtrade::b849b61ff7c7f677243e::AlphaPilotVolumeReboundV02ATrendStrict,SOL/USDT:USDT,long,2026-06-30 01:30:00+00:00,2026-06-30 01:30:00+00:00,74.62,74.18,-0.034450745680496664,-9.521544,-1.16850666,0.0,-1.04545455,0.27624324,0.0,,volume_rebound_v0_1,stop_loss,
62b1dacf3898def3afcd3730ebf024c52cdf3949d72d13ab95cd828f5a1aebc7,freqtrade::AlphaPilotVolumeReboundV02ATrendStrict,AlphaPilotVolumeReboundV02ATrendStrict,15m,freqtrade::b849b61ff7c7f677243e::AlphaPilotVolumeReboundV02ATrendStrict,SOL/USDT:USDT,long,2026-05-12 14:45:00+00:00,2026-05-12 15:00:00+00:00,94.89,94.33,-0.034475859340853336,-10.146455,-1.16836225,0.03571429,-1.03571429,0.294159,0.0,,volume_rebound_v0_1,stop_loss,
30735c49a0d2110efe88fb72cfc4e69aaceaeb4debbe1189528b14c4fd64fad0,freqtrade::AlphaPilotVolumeReboundV02ATrendStrict,AlphaPilotVolumeReboundV02ATrendStrict,15m,freqtrade::b849b61ff7c7f677243e::AlphaPilotVolumeReboundV02ATrendStrict,SOL/USDT:USDT,long,2026-04-08 23:15:00+00:00,2026-04-08 23:15:00+00:00,82.86,82.37,-0.03453589401292595,-11.81304745,-1.16801803,0.26530612,-1.18367347,0.34188036,0.0,,volume_rebound_v0_1,stop_loss,
94421ea1b6331998da00feaf652213654ae742ec845c5c2e8594665908267155,freqtrade::AlphaPilotVolumeReboundV02ATrendStrict,AlphaPilotVolumeReboundV02ATrendStrict,15m,freqtrade::b849b61ff7c7f677243e::AlphaPilotVolumeReboundV02ATrendStrict,SOL/USDT:USDT,long,2026-04-08 13:15:00+00:00,2026-04-08 13:30:00+00:00,84.53,84.03,-0.034543239441441,-11.948526,-1.16797601,0.74,-1.26,0.3457277,0.0,,volume_rebound_v0_1,stop_loss,
d54dec519b2f035c1d6f1195d0f24fccca6d1f0946fb965aac75d4f908e9ed00,freqtrade::AlphaPilotVolumeReboundV02BVolumeQuality,AlphaPilotVolumeReboundV02BVolumeQuality,15m,freqtrade::84f7cf003472353c0361::AlphaPilotVolumeReboundV02BVolumeQuality,ATOM/USDT:USDT,long,2026-04-09 15:15:00+00:00,2026-04-09 15:30:00+00:00,1.79,1.803,0.03127905321082475,9.3997365,1.1197901,3.6,0.0,0.300362,0.0,,volume_rebound_v0_1,roi,
a613dd26443f99aae35e175dd928e02ac880a4b9c46d56c5a7e82b13facea150,freqtrade::AlphaPilotVolumeReboundV02BVolumeQuality,AlphaPilotVolumeReboundV02BVolumeQuality,15m,freqtrade::84f7cf003472353c0361::AlphaPilotVolumeReboundV02BVolumeQuality,ATOM/USDT:USDT,long,2026-04-17 06:45:00+00:00,2026-04-17 07:45:00+00:00,1.791,1.804,0.031258798294878244,8.5026975,1.11969015,1.4,-0.4,0.2718738,0.0,,volume_rebound_v0_1,roi,
446a2f44e7e5188a4413151ea8c84de86eed24738e49d43beeb19a4468423db9,freqtrade::AlphaPilotVolumeReboundV02BVolumeQuality,AlphaPilotVolumeReboundV02BVolumeQuality,15m,freqtrade::84f7cf003472353c0361::AlphaPilotVolumeReboundV02BVolumeQuality,ATOM/USDT:USDT,long,2026-04-10 12:30:00+00:00,2026-04-10 13:00:00+00:00,1.818,1.831,0.03072033840065666,9.3762445,1.1169915,1.3,-0.5,0.3050604,0.0,,volume_rebound_v0_1,roi,
df0b63e8992feea8bd941bab71281aac1161f1dcc8eb89850185f8d888c53bdb,freqtrade::AlphaPilotVolumeReboundV02BVolumeQuality,AlphaPilotVolumeReboundV02BVolumeQuality,15m,freqtrade::84f7cf003472353c0361::AlphaPilotVolumeReboundV02BVolumeQuality,ADA/USDT:USDT,long,2026-05-04 01:45:00+00:00,2026-05-04 01:45:00+00:00,0.2499,0.2517,0.03098090810537108,5.360232,1.10601842,1.85714286,-0.07142857,0.1729308,0.0,,volume_rebound_v0_1,roi,
856524cc2787ed26284adef15bb381c0bac59c82a24fdd51848118af2f0d4e89,freqtrade::AlphaPilotVolumeReboundV02BVolumeQuality,AlphaPilotVolumeReboundV02BVolumeQuality,15m,freqtrade::84f7cf003472353c0361::AlphaPilotVolumeReboundV02BVolumeQuality,ATOM/USDT:USDT,long,2026-04-21 06:45:00+00:00,2026-04-21 08:45:00+00:00,1.787,1.8,0.030892785770468098,7.56692249,1.10410816,1.4,-0.8,0.24481899999999998,-0.1095300100235689,,volume_rebound_v0_1,roi,
6c5cd654885838276d84f42dd3ac35e50578a60be3aa643703755aca27a783da,freqtrade::AlphaPilotVolumeReboundV02BVolumeQuality,AlphaPilotVolumeReboundV02BVolumeQuality,15m,freqtrade::84f7cf003472353c0361::AlphaPilotVolumeReboundV02BVolumeQuality,OP/USDT:USDT,long,2026-04-27 01:00:00+00:00,2026-04-27 01:45:00+00:00,0.1264,0.1273,0.030568181099323757,6.15659345,1.10394803,1.42857143,-0.42857143,0.20130464,0.0,,volume_rebound_v0_1,roi,
0c91bf39f6ea0dbd87bde3098db609e4ab2330a265a2d656749f67fb45695813,freqtrade::AlphaPilotVolumeReboundV02BVolumeQuality,AlphaPilotVolumeReboundV02BVolumeQuality,15m,freqtrade::84f7cf003472353c0361::AlphaPilotVolumeReboundV02BVolumeQuality,INJ/USDT:USDT,long,2026-05-02 23:30:00+00:00,2026-05-03 00:00:00+00:00,3.797,3.775,-0.03443840365832359,-6.40010576,-1.18875108,1.0,-1.40909091,0.18574923999999998,-0.09285016,,volume_rebound_v0_1,stop_loss,
7ec2cf6a570b7009245b6c0a751f013887b38a96314719dfcab2e94f3db1ca08,freqtrade::AlphaPilotVolumeReboundV02BVolumeQuality,AlphaPilotVolumeReboundV02BVolumeQuality,15m,freqtrade::84f7cf003472353c0361::AlphaPilotVolumeReboundV02BVolumeQuality,OP/USDT:USDT,long,2026-05-06 07:30:00+00:00,2026-05-06 07:45:00+00:00,0.1328,0.1321,-0.03132658068556084,-6.1851035,-1.18861998,0.14285714,-1.28571429,0.1973408,0.0,,volume_rebound_v0_1,stop_loss,
979f40ed1f951770326738ed9fac0005375a75a6424d5b719d7785e782ff1898,freqtrade::AlphaPilotVolumeReboundV02BVolumeQuality,AlphaPilotVolumeReboundV02BVolumeQuality,15m,freqtrade::84f7cf003472353c0361::AlphaPilotVolumeReboundV02BVolumeQuality,NEAR/USDT:USDT,long,2026-05-28 07:45:00+00:00,2026-05-28 08:00:00+00:00,2.411,2.397,-0.03450245014365484,-3.8617328,-1.18836296,0.57142857,-1.35714286,0.11187040000000001,-0.0560048,,volume_rebound_v0_1,stop_loss,
046b11e5ac09cf53feb94e3d3bee6858419946aa7b68168ef20e61df782f37d9,freqtrade::AlphaPilotVolumeReboundV02BVolumeQuality,AlphaPilotVolumeReboundV02BVolumeQuality,15m,freqtrade::84f7cf003472353c0361::AlphaPilotVolumeReboundV02BVolumeQuality,OP/USDT:USDT,long,2026-05-17 01:15:00+00:00,2026-05-17 01:30:00+00:00,0.1324,0.1317,-0.03140612473219583,-3.57698295,-1.18804883,0.14285714,-1.14285714,0.11383752,0.0,,volume_rebound_v0_1,stop_loss,
60c3d68fbe9c0122915a3d2b32bdad9e8791ba1bb5019b50bc5e9d9995b19e90,freqtrade::AlphaPilotVolumeReboundV02BVolumeQuality,AlphaPilotVolumeReboundV02BVolumeQuality,15m,freqtrade::84f7cf003472353c0361::AlphaPilotVolumeReboundV02BVolumeQuality,ATOM/USDT:USDT,long,2026-05-27 07:00:00+00:00,2026-05-27 08:00:00+00:00,2.23,2.217,-0.03461789284729832,-4.0780872,-1.18766002,1.0,-1.23076923,0.117744,-0.0590832,,volume_rebound_v0_1,stop_loss,
9a7687e0f89fbfdb834896c3a76c631d56f1ad0e19c6417cf1906f570c31a550,freqtrade::AlphaPilotVolumeReboundV02BVolumeQuality,AlphaPilotVolumeReboundV02BVolumeQuality,15m,freqtrade::84f7cf003472353c0361::AlphaPilotVolumeReboundV02BVolumeQuality,DOT/USDT:USDT,long,2026-05-08 12:45:00+00:00,2026-05-08 12:45:00+00:00,1.317,1.31,-0.03154648947356239,-5.952466,-1.18704933,0.0,-1.28571429,0.18859440000000002,0.0,,volume_rebound_v0_1,stop_loss,
d43388fd8f7593a511d177fbcaa7c79bed1d15e715a92e8f350a7ecc9adc8739,freqtrade::AlphaPilotVolumeReboundV02CExitCleanup,AlphaPilotVolumeReboundV02CExitCleanup,15m,freqtrade::199947f9260edf176042::AlphaPilotVolumeReboundV02CExitCleanup,NEAR/USDT:USDT,long,2026-05-20 13:45:00+00:00,2026-05-20 14:00:00+00:00,1.648,1.66,0.03137387616871177,2.131276,1.14898107,2.22222222,-0.33333333,0.0678976,0.0,,volume_rebound_v0_1,roi,
c426c63c0e317600eb874e6b1dc00d36e3bec112a6be4221b83b5408e5c27dca,freqtrade::AlphaPilotVolumeReboundV02CExitCleanup,AlphaPilotVolumeReboundV02CExitCleanup,15m,freqtrade::199947f9260edf176042::AlphaPilotVolumeReboundV02CExitCleanup,WIF/USDT:USDT,long,2026-07-03 20:15:00+00:00,2026-07-03 20:45:00+00:00,0.1786,0.1799,0.03136029969337839,1.1678215,1.12018991,1.5,-0.7,0.037220239999999995,0.0,,volume_rebound_v0_1,roi,
3c1ba0503a90fdcf28ddd8ff620eb8ae3ff189c8378666f38dba9b505e10382b,freqtrade::AlphaPilotVolumeReboundV02CExitCleanup,AlphaPilotVolumeReboundV02CExitCleanup,15m,freqtrade::199947f9260edf176042::AlphaPilotVolumeReboundV02CExitCleanup,ATOM/USDT:USDT,long,2026-04-09 15:15:00+00:00,2026-04-09 15:30:00+00:00,1.79,1.803,0.031279053210824755,7.685601,1.1197901,3.6,0.0,0.245588,0.0,,volume_rebound_v0_1,roi,
9b77b61b74d257ea3507354c11f86771fee864a9b00d1f98495adcecb81a3562,freqtrade::AlphaPilotVolumeReboundV02CExitCleanup,AlphaPilotVolumeReboundV02CExitCleanup,15m,freqtrade::199947f9260edf176042::AlphaPilotVolumeReboundV02CExitCleanup,ATOM/USDT:USDT,long,2026-04-17 06:45:00+00:00,2026-04-17 07:45:00+00:00,1.791,1.804,0.031258798294878244,6.7215,1.11969015,1.4,-0.4,0.21492,0.0,,volume_rebound_v0_1,roi,
f56c9f78a2ad16a3b9f4028075c28c9d8a79eece776cdf584dac9735259d1e34,freqtrade::AlphaPilotVolumeReboundV02CExitCleanup,AlphaPilotVolumeReboundV02CExitCleanup,15m,freqtrade::199947f9260edf176042::AlphaPilotVolumeReboundV02CExitCleanup,ATOM/USDT:USDT,long,2026-04-10 12:30:00+00:00,2026-04-10 13:00:00+00:00,1.818,1.831,0.030720338400656653,7.9681315,1.1169915,1.3,-0.5,0.2592468,0.0,,volume_rebound_v0_1,roi,
d42a303fac221f8f2942c2a1ef170ead14a694aef21aab7db2ae76a0f41aa8b1,freqtrade::AlphaPilotVolumeReboundV02CExitCleanup,AlphaPilotVolumeReboundV02CExitCleanup,15m,freqtrade::199947f9260edf176042::AlphaPilotVolumeReboundV02CExitCleanup,OP/USDT:USDT,long,2026-05-01 17:15:00+00:00,2026-05-01 19:00:00+00:00,0.1222,0.1231,0.031790569527020446,3.793468,1.10994503,1.28571429,-0.42857143,0.1192672,0.0,,volume_rebound_v0_1,roi,
20c7abb5e023eb5ae91ae472a140b13d9532f1deecb963e74a386fb4819c8d56,freqtrade::AlphaPilotVolumeReboundV02CExitCleanup,AlphaPilotVolumeReboundV02CExitCleanup,15m,freqtrade::199947f9260edf176042::AlphaPilotVolumeReboundV02CExitCleanup,NEAR/USDT:USDT,long,2026-05-07 15:45:00+00:00,2026-05-07 16:00:00+00:00,1.486,1.478,-0.032386902107492684,-4.2180276,-1.20317341,0.375,-2.125,0.1301736,-0.0649116,,volume_rebound_v0_1,stop_loss,
2ae288e645d2b5d1911bf46c3caf6b47954fcc4c74f553afed7cb36594a4d254,freqtrade::AlphaPilotVolumeReboundV02CExitCleanup,AlphaPilotVolumeReboundV02CExitCleanup,15m,freqtrade::199947f9260edf176042::AlphaPilotVolumeReboundV02CExitCleanup,OP/USDT:USDT,long,2026-04-22 14:15:00+00:00,2026-04-22 16:15:00+00:00,0.1264,0.1257,-0.033157471896962915,-5.23646816,-1.19745841,0.85714286,-1.0,0.15784832000000001,-0.07861196000000001,,volume_rebound_v0_1,stop_loss,
b7645237046ca58d4dad2b98d9ce9c6ae1cbd29f51c08f6bd3c49de5bcca7efd,freqtrade::AlphaPilotVolumeReboundV02CExitCleanup,AlphaPilotVolumeReboundV02CExitCleanup,15m,freqtrade::199947f9260edf176042::AlphaPilotVolumeReboundV02CExitCleanup,ATOM/USDT:USDT,long,2026-04-08 05:45:00+00:00,2026-04-08 08:30:00+00:00,1.796,1.786,-0.03330795626685544,-10.6055972,-1.19642179,0.6,-1.1,0.3182512,-0.15877120000000003,,volume_rebound_v0_1,stop_loss,
398700151c0fb1eb1fdaa825b88ef86d872a50d87771399fcac47b89d574845c,freqtrade::AlphaPilotVolumeReboundV02CExitCleanup,AlphaPilotVolumeReboundV02CExitCleanup,15m,freqtrade::199947f9260edf176042::AlphaPilotVolumeReboundV02CExitCleanup,ADA/USDT:USDT,long,2026-04-21 15:15:00+00:00,2026-04-21 16:45:00+00:00,0.2485,0.2471,-0.03363811052220369,-5.3692065,-1.19415292,0.5,-1.5,0.159537,-0.0797685,,volume_rebound_v0_1,stop_loss,
94607930cd5b68bea36c30b8d7934b9e08b75362edc5642ae723ecfc7d28edd5,freqtrade::AlphaPilotVolumeReboundV02CExitCleanup,AlphaPilotVolumeReboundV02CExitCleanup,15m,freqtrade::199947f9260edf176042::AlphaPilotVolumeReboundV02CExitCleanup,ADA/USDT:USDT,long,2026-04-28 07:45:00+00:00,2026-04-28 08:30:00+00:00,0.247,0.2456,-0.0338086017719885,-4.5784852,-1.19296066,0.57142857,-1.0,0.135356,-0.06762320000000001,,volume_rebound_v0_1,stop_loss,
575364ab5145b9a4b5983f73b06219fa290c3f04e970cc141d16dbd32baa124b,freqtrade::AlphaPilotVolumeReboundV02CExitCleanup,AlphaPilotVolumeReboundV02CExitCleanup,15m,freqtrade::199947f9260edf176042::AlphaPilotVolumeReboundV02CExitCleanup,XRP/USDT:USDT,long,2026-05-02 23:30:00+00:00,2026-05-03 00:45:00+00:00,1.395,1.387,-0.03414135226293663,-4.0408048,-1.19067966,0.125,-1.125,0.11829600000000001,-0.0590208,,volume_rebound_v0_1,stop_loss,
b4c677d222dc218b4ec9b7785c206b4b209074741c2bc3fd160b4ffda5f7115c,freqtrade::AlphaPilotVolumeReboundV02DEarlyFailureExit,AlphaPilotVolumeReboundV02DEarlyFailureExit,15m,freqtrade::a54a2c85edee45dc8686::AlphaPilotVolumeReboundV02DEarlyFailureExit,SOL/USDT:USDT,long,2026-06-16 12:30:00+00:00,2026-06-16 12:30:00+00:00,74.98,75.51,0.030309931723921983,8.003688,1.03301758,1.20454545,-0.47727273,0.2639296,0.0,,volume_rebound_v0_1,roi,
fce5b03a079c665aa00f2da21c844487d19d48b575d8d05e93f0101ddc6faadb,freqtrade::AlphaPilotVolumeReboundV02DEarlyFailureExit,AlphaPilotVolumeReboundV02DEarlyFailureExit,15m,freqtrade::a54a2c85edee45dc8686::AlphaPilotVolumeReboundV02DEarlyFailureExit,SOL/USDT:USDT,long,2026-07-01 21:15:00+00:00,2026-07-01 21:30:00+00:00,77.84,78.39,0.030296067279823598,8.2202367,1.02532429,1.73913043,-0.43478261,0.27119456000000003,0.0,,volume_rebound_v0_1,roi,
81aa41cfae413befdc356291ac994198e282b4aca04d16a6a2a4b80f8bbec003,freqtrade::AlphaPilotVolumeReboundV02DEarlyFailureExit,AlphaPilotVolumeReboundV02DEarlyFailureExit,15m,freqtrade::a54a2c85edee45dc8686::AlphaPilotVolumeReboundV02DEarlyFailureExit,SOL/USDT:USDT,long,2026-04-17 12:30:00+00:00,2026-04-17 12:45:00+00:00,88.15,88.77,0.030134677414554206,9.195642,1.02168147,1.38461538,-0.19230769,0.304999,0.0,,volume_rebound_v0_1,roi,
34a1f5122676bfb3312ec16d6cff8c8ca2afa0ae67bc79d6c0ceb392a8d875e0,freqtrade::AlphaPilotVolumeReboundV02DEarlyFailureExit,AlphaPilotVolumeReboundV02DEarlyFailureExit,15m,freqtrade::a54a2c85edee45dc8686::AlphaPilotVolumeReboundV02DEarlyFailureExit,SOL/USDT:USDT,long,2026-04-06 07:00:00+00:00,2026-04-06 08:30:00+00:00,81.46,82.04,0.030069282254539167,9.92520724,1.02060156,1.5625,-0.35416667,0.329913,-0.1643552620574861,,volume_rebound_v0_1,roi,
7ed2504e4c27622a53f045ff1383e8cbf664adcfcf9de5bdaa496b4717eb33b8,freqtrade::AlphaPilotVolumeReboundV02DEarlyFailureExit,AlphaPilotVolumeReboundV02DEarlyFailureExit,15m,freqtrade::a54a2c85edee45dc8686::AlphaPilotVolumeReboundV02DEarlyFailureExit,SOL/USDT:USDT,long,2026-07-03 00:15:00+00:00,2026-07-03 01:00:00+00:00,80.69,81.26,0.030287557918896542,8.2058395,1.01829294,1.22916667,-0.4375,0.27079564,0.0,,volume_rebound_v0_1,roi,
e21383f41db83caddaf0ea37f62c64a408c483c726fcf0e7079c8eca31e785dd,freqtrade::AlphaPilotVolumeReboundV02DEarlyFailureExit,AlphaPilotVolumeReboundV02DEarlyFailureExit,15m,freqtrade::a54a2c85edee45dc8686::AlphaPilotVolumeReboundV02DEarlyFailureExit,SOL/USDT:USDT,long,2026-04-09 15:00:00+00:00,2026-04-09 15:30:00+00:00,82.15,82.73,0.030268493264019238,10.000956,1.01492111,2.87755102,-0.59183673,0.330243,0.0,,volume_rebound_v0_1,roi,
eec81f56ec95c1a80a5d5a97f336f02572ac91164fe5368cc1c8c203a9ffe092,freqtrade::AlphaPilotVolumeReboundV02DEarlyFailureExit,AlphaPilotVolumeReboundV02DEarlyFailureExit,15m,freqtrade::a54a2c85edee45dc8686::AlphaPilotVolumeReboundV02DEarlyFailureExit,ETH/USDT:USDT,long,2026-04-20 15:30:00+00:00,2026-04-20 16:15:00+00:00,2316.38,2302.49,-0.03512817799460687,-10.94162416,-1.17163728,0.0,-1.28581713,0.31132147200000004,-0.055603842298445325,,volume_rebound_v0_1,stop_loss,
2ef2a847dd8e21b385dc966eeeef95324d76454ced1b8b09fa61235d4e641df2,freqtrade::AlphaPilotVolumeReboundV02DEarlyFailureExit,AlphaPilotVolumeReboundV02DEarlyFailureExit,15m,freqtrade::a54a2c85edee45dc8686::AlphaPilotVolumeReboundV02DEarlyFailureExit,ETH/USDT:USDT,long,2026-05-15 07:30:00+00:00,2026-05-15 08:15:00+00:00,2265.89,2252.3,-0.035079824597777434,-9.6704549,-1.16978696,0.05077263,-1.04930096,0.275532224,-0.03420514025116873,,volume_rebound_v0_1,stop_loss,
04bcca36fac10711e1ce2c3bfded23561f50e33b4b9c64fd0a8130e38659563f,freqtrade::AlphaPilotVolumeReboundV02DEarlyFailureExit,AlphaPilotVolumeReboundV02DEarlyFailureExit,15m,freqtrade::a54a2c85edee45dc8686::AlphaPilotVolumeReboundV02DEarlyFailureExit,SOL/USDT:USDT,long,2026-06-16 12:45:00+00:00,2026-06-16 13:00:00+00:00,74.94,74.5,-0.034324977890024824,-9.1517216,-1.16923357,0.13636364,-2.40909091,0.26648664000000005,0.0,,volume_rebound_v0_1,stop_loss,
801b2eeb1e58a43656e002c5b69353b95cb0b3fbd6fe3cbecd9c948470205f49,freqtrade::AlphaPilotVolumeReboundV02DEarlyFailureExit,AlphaPilotVolumeReboundV02DEarlyFailureExit,15m,freqtrade::a54a2c85edee45dc8686::AlphaPilotVolumeReboundV02DEarlyFailureExit,SOL/USDT:USDT,long,2026-07-02 01:45:00+00:00,2026-07-02 02:00:00+00:00,78.28,77.82,-0.03434984092011225,-9.415875,-1.16908937,0.17391304,-1.13043478,0.27398,0.0,,volume_rebound_v0_1,stop_loss,
d48b9def42560780efb1f5c5fa230f06b07f856f5a62e900ceac926d185be86c,freqtrade::AlphaPilotVolumeReboundV02DEarlyFailureExit,AlphaPilotVolumeReboundV02DEarlyFailureExit,15m,freqtrade::a54a2c85edee45dc8686::AlphaPilotVolumeReboundV02DEarlyFailureExit,SOL/USDT:USDT,long,2026-06-30 01:30:00+00:00,2026-06-30 01:30:00+00:00,74.62,74.18,-0.03445074568049666,-9.094592,-1.16850666,0.0,-1.04545455,0.26385632,0.0,,volume_rebound_v0_1,stop_loss,
f4962a5fd657e2e241e3c163f156372c7bdb68036eecbc63e6a5835745bc1c9e,freqtrade::AlphaPilotVolumeReboundV02DEarlyFailureExit,AlphaPilotVolumeReboundV02DEarlyFailureExit,15m,freqtrade::a54a2c85edee45dc8686::AlphaPilotVolumeReboundV02DEarlyFailureExit,SOL/USDT:USDT,long,2026-05-12 14:45:00+00:00,2026-05-12 15:00:00+00:00,94.89,94.33,-0.034475859340853336,-9.7405968,-1.16836225,0.03571429,-1.03571429,0.28239264,0.0,,volume_rebound_v0_1,stop_loss,
821b016f835c61c7fd3cc27aa2320f171e3bf1d679fb5178f1a6f9c41bef689d,freqtrade::AlphaPilotVolumeReboundV02EPairRiskWatchlist,AlphaPilotVolumeReboundV02EPairRiskWatchlist,15m,freqtrade::baeb4e036b741f722929::AlphaPilotVolumeReboundV02EPairRiskWatchlist,NEAR/USDT:USDT,long,2026-05-20 13:45:00+00:00,2026-05-20 14:00:00+00:00,1.648,1.66,0.03137387616871176,1.996778,1.14898107,2.22222222,-0.33333333,0.0636128,0.0,,volume_rebound_v0_1,roi,
17927b71c11770c049c9229ee79f3ad62b4342bcafc61ac3c190ec268d6207c3,freqtrade::AlphaPilotVolumeReboundV02EPairRiskWatchlist,AlphaPilotVolumeReboundV02EPairRiskWatchlist,15m,freqtrade::baeb4e036b741f722929::AlphaPilotVolumeReboundV02EPairRiskWatchlist,WIF/USDT:USDT,long,2026-07-03 20:15:00+00:00,2026-07-03 20:45:00+00:00,0.1786,0.1799,0.03136029969337839,1.0512635,1.12018991,1.5,-0.7,0.033505360000000005,0.0,,volume_rebound_v0_1,roi,
497535e134516c5a43b9aba303c25428c566b35b27db23ef6300169cdcbdcd06,freqtrade::AlphaPilotVolumeReboundV02EPairRiskWatchlist,AlphaPilotVolumeReboundV02EPairRiskWatchlist,15m,freqtrade::baeb4e036b741f722929::AlphaPilotVolumeReboundV02EPairRiskWatchlist,ATOM/USDT:USDT,long,2026-04-09 15:15:00+00:00,2026-04-09 15:30:00+00:00,1.79,1.803,0.031279053210824755,8.3914215,1.1197901,3.6,0.0,0.268142,0.0,,volume_rebound_v0_1,roi,
15ecdcbeb0fdbdef644384af6f8564769356224d82e39bf8552a4eca99556af3,freqtrade::AlphaPilotVolumeReboundV02EPairRiskWatchlist,AlphaPilotVolumeReboundV02EPairRiskWatchlist,15m,freqtrade::baeb4e036b741f722929::AlphaPilotVolumeReboundV02EPairRiskWatchlist,ATOM/USDT:USDT,long,2026-04-17 06:45:00+00:00,2026-04-17 07:45:00+00:00,1.791,1.804,0.031258798294878244,7.6961175,1.11969015,1.4,-0.4,0.2460834,0.0,,volume_rebound_v0_1,roi,
8447c5070b222e6e69ab34e5e9a33ab18b5c2b81c787eec6bed9ce59ecc9f4c8,freqtrade::AlphaPilotVolumeReboundV02EPairRiskWatchlist,AlphaPilotVolumeReboundV02EPairRiskWatchlist,15m,freqtrade::baeb4e036b741f722929::AlphaPilotVolumeReboundV02EPairRiskWatchlist,OP/USDT:USDT,long,2026-05-04 01:45:00+00:00,2026-05-04 01:45:00+00:00,0.1229,0.1238,0.03158103617027938,3.4467727,1.10894553,2.71428571,0.0,0.10908604,0.0,,volume_rebound_v0_1,roi,
1e629d0d8b888cc3abf762b73b4c7f896b56af3fce3893c154624c7aac9603e7,freqtrade::AlphaPilotVolumeReboundV02EPairRiskWatchlist,AlphaPilotVolumeReboundV02EPairRiskWatchlist,15m,freqtrade::baeb4e036b741f722929::AlphaPilotVolumeReboundV02EPairRiskWatchlist,OP/USDT:USDT,long,2026-04-29 09:30:00+00:00,2026-04-29 09:45:00+00:00,0.1234,0.1243,0.03143282491655307,3.91412445,1.1082316,2.42857143,0.0,0.12446124,0.0,,volume_rebound_v0_1,roi,
d888fac52db5d6f94a0907c170677b7b366d1cc63cde811625659900488a5dfa,freqtrade::AlphaPilotVolumeReboundV02EPairRiskWatchlist,AlphaPilotVolumeReboundV02EPairRiskWatchlist,15m,freqtrade::baeb4e036b741f722929::AlphaPilotVolumeReboundV02EPairRiskWatchlist,NEAR/USDT:USDT,long,2026-05-07 15:45:00+00:00,2026-05-07 16:00:00+00:00,1.486,1.478,-0.032386902107492684,-3.9098612,-1.20317341,0.375,-2.125,0.12066320000000001,-0.0601692,,volume_rebound_v0_1,stop_loss,
47a9cb6bab65e0c12fd98ac6c39aeec6336a2355abec03edd471f4c627f1801d,freqtrade::AlphaPilotVolumeReboundV02EPairRiskWatchlist,AlphaPilotVolumeReboundV02EPairRiskWatchlist,15m,freqtrade::baeb4e036b741f722929::AlphaPilotVolumeReboundV02EPairRiskWatchlist,UNI/USDT:USDT,long,2026-05-06 16:00:00+00:00,2026-05-06 16:15:00+00:00,3.478,3.458,-0.03422066999852576,-4.5964494,-1.1901949,0.75,-1.35,0.1342508,-0.06712540000000002,,volume_rebound_v0_1,stop_loss,
389281e7b74ca12c6e851b9d75d38ece766e2cb6167b094153a442487a62338e,freqtrade::AlphaPilotVolumeReboundV02EPairRiskWatchlist,AlphaPilotVolumeReboundV02EPairRiskWatchlist,15m,freqtrade::baeb4e036b741f722929::AlphaPilotVolumeReboundV02EPairRiskWatchlist,NEAR/USDT:USDT,long,2026-05-09 15:30:00+00:00,2026-05-09 16:00:00+00:00,1.559,1.55,-0.03433177574137883,-3.61998,-1.1894053,0.22222222,-1.0,0.10538840000000001,-0.052559,,volume_rebound_v0_1,stop_loss,
c13fa1e78f5188e98fa5a8ac8300f41515fddc23713795623484138b053c776f,freqtrade::AlphaPilotVolumeReboundV02EPairRiskWatchlist,AlphaPilotVolumeReboundV02EPairRiskWatchlist,15m,freqtrade::baeb4e036b741f722929::AlphaPilotVolumeReboundV02EPairRiskWatchlist,INJ/USDT:USDT,long,2026-05-02 23:30:00+00:00,2026-05-03 00:00:00+00:00,3.797,3.775,-0.03443840365832359,-3.78354576,-1.18875108,1.0,-1.40909091,0.10980924,-0.05489016,,volume_rebound_v0_1,stop_loss,
45a0b337c5cb6986430b5a51c6482c0e89c57244d3712e201e326fb07649316c,freqtrade::AlphaPilotVolumeReboundV02EPairRiskWatchlist,AlphaPilotVolumeReboundV02EPairRiskWatchlist,15m,freqtrade::baeb4e036b741f722929::AlphaPilotVolumeReboundV02EPairRiskWatchlist,NEAR/USDT:USDT,long,2026-05-28 07:45:00+00:00,2026-05-28 08:00:00+00:00,2.411,2.397,-0.03450245014365484,-1.8642848,-1.18836296,0.57142857,-1.35714286,0.0540064,-0.0270368,,volume_rebound_v0_1,stop_loss,
9d61a4d713b032f9e74bd2421289ee7c72c3c0ce5c9e6ae019fb2ec1c7e18859,freqtrade::AlphaPilotVolumeReboundV02EPairRiskWatchlist,AlphaPilotVolumeReboundV02EPairRiskWatchlist,15m,freqtrade::baeb4e036b741f722929::AlphaPilotVolumeReboundV02EPairRiskWatchlist,OP/USDT:USDT,long,2026-04-18 05:15:00+00:00,2026-04-18 05:30:00+00:00,0.1325,0.1318,-0.03138619369560503,-7.83968515,-1.18819162,0.14285714,-1.0,0.2496565,0.0,,volume_rebound_v0_1,stop_loss,
3e369c34dd30dbedd3f1169738e19957d675f033240151599954077b65e28fe0,freqtrade::BenchmarkBollingerRebound,BenchmarkBollingerRebound,15m,freqtrade::3b07c18cc63a502448eb::BenchmarkBollingerRebound,ZIL/USDT:USDT,long,2019-02-16 10:45:00+00:00,2019-02-16 14:00:00+00:00,0.01689,0.0172,0.08668105260572793,4.1892565,4.88014326,5.16666667,0.0,0.0483054,0.0,,benchmark_bollinger_rebound,roi,
ec56c494dceeb6fed23df2e09c8cbe5ba54c0aad1b8919546a1e47c9ad8dba1c,freqtrade::BenchmarkBollingerRebound,BenchmarkBollingerRebound,15m,freqtrade::3b07c18cc63a502448eb::BenchmarkBollingerRebound,ZRX/USDT:USDT,long,2018-01-29 02:15:00+00:00,2018-01-29 03:15:00+00:00,1.9079,1.9417,0.08349302994081868,26.456416,4.19200926,4.44736842,0.0,0.31671140000000003,0.0,,benchmark_bollinger_rebound,roi,
1bfb741debc6a23d538af022e1d8a92487afad95b3ab936e72230a8e6c0c1cdf,freqtrade::BenchmarkBollingerRebound,BenchmarkBollingerRebound,15m,freqtrade::3b07c18cc63a502448eb::BenchmarkBollingerRebound,ZIL/USDT:USDT,long,2018-08-06 13:45:00+00:00,2018-08-06 14:00:00+00:00,0.05249,0.0533,0.07208293357607727,10.296628,3.78363318,4.05,0.0,0.1427728,0.0,,benchmark_bollinger_rebound,roi,
e7830f527e0670759a552b92a2b3be60312600f120780d00162a385f1cb0128f,freqtrade::BenchmarkBollingerRebound,BenchmarkBollingerRebound,15m,freqtrade::3b07c18cc63a502448eb::BenchmarkBollingerRebound,ZIL/USDT:USDT,long,2018-12-28 05:15:00+00:00,2018-12-28 06:15:00+00:00,0.01629,0.0165,0.05939479615624968,3.6591345,3.22513743,3.5,0.0,0.061576200000000005,0.0,,benchmark_bollinger_rebound,roi,
6691ab91c07e17039d31442c3b5993a86e9c2ac32562d7e9af71344ed599306a,freqtrade::BenchmarkBollingerRebound,BenchmarkBollingerRebound,15m,freqtrade::3b07c18cc63a502448eb::BenchmarkBollingerRebound,ZIL/USDT:USDT,long,2020-03-29 06:15:00+00:00,2020-03-29 07:00:00+00:00,0.00371,0.00374,0.03539335453567017,0.2706325,2.62618691,3.0,0.0,0.0076426,0.0,,benchmark_bollinger_rebound,roi,
588027ea86a421d2f665f286db63e91f41bfabb71b15a74cab09c3bd3ec971e7,freqtrade::BenchmarkBollingerRebound,BenchmarkBollingerRebound,15m,freqtrade::3b07c18cc63a502448eb::BenchmarkBollingerRebound,ZRX/USDT:USDT,long,2019-08-08 14:00:00+00:00,2019-08-08 14:45:00+00:00,0.19,0.192,0.047581472421683896,0.95877,2.58299422,2.85714286,0.0,0.02014,0.0,,benchmark_bollinger_rebound,roi,
f76032f926cc8b9a871d7962a6e1e0e3c2b6fa293c6c180750a538b5ca7ce99e,freqtrade::BenchmarkBollingerRebound,BenchmarkBollingerRebound,15m,freqtrade::3b07c18cc63a502448eb::BenchmarkBollingerRebound,ZRX/USDT:USDT,long,2018-02-03 03:30:00+00:00,2018-02-03 04:15:00+00:00,1.2257,1.1571,-0.28455789238447593,-91.426734,-14.23602484,0.0,-14.0,0.3211334,0.0,,benchmark_bollinger_rebound,stop_loss,
6039c86c3cdfbbe997e24697e95e5db824f06201eb0477ac3f5d917ac5111fa5,freqtrade::BenchmarkBollingerRebound,BenchmarkBollingerRebound,15m,freqtrade::3b07c18cc63a502448eb::BenchmarkBollingerRebound,ZRX/USDT:USDT,long,2018-03-07 14:45:00+00:00,2018-03-07 16:30:00+00:00,0.7551,0.7399,-0.10554582330077181,-30.93815,-5.31317674,0.0,-8.43333333,0.2929788,0.0,,benchmark_bollinger_rebound,stop_loss,
9810a5acffd1d05a2a74f90b40a01a7043e911651e6982ad41b86339a4258d76,freqtrade::BenchmarkBollingerRebound,BenchmarkBollingerRebound,15m,freqtrade::3b07c18cc63a502448eb::BenchmarkBollingerRebound,ZRX/USDT:USDT,long,2018-01-25 10:00:00+00:00,2018-01-25 10:15:00+00:00,1.69,1.6599,-0.0939617469371823,-31.139451,-4.74015977,0.0,-4.49253731,0.33124000000000003,0.0,,benchmark_bollinger_rebound,stop_loss,
9ffb35a80b40536a3277a863e02a91bfaebfbe403beb0946bc8bb715f60aaa26,freqtrade::BenchmarkBollingerRebound,BenchmarkBollingerRebound,15m,freqtrade::3b07c18cc63a502448eb::BenchmarkBollingerRebound,ZIL/USDT:USDT,long,2018-06-21 05:45:00+00:00,2018-06-21 06:30:00+00:00,0.0882,0.08709,-0.0678597775941961,-13.413624,-3.42013279,0.0,-3.17142857,0.19756800000000002,0.0,,benchmark_bollinger_rebound,stop_loss,
c58ccd28969aedb5f900fb29d83ee103ca241db44120083dd4ba6e50869a0b58,freqtrade::BenchmarkBollingerRebound,BenchmarkBollingerRebound,15m,freqtrade::3b07c18cc63a502448eb::BenchmarkBollingerRebound,ZIL/USDT:USDT,long,2018-08-02 13:15:00+00:00,2018-08-02 13:30:00+00:00,0.05779,0.05709,-0.06550107884282465,-9.695232,-3.29157161,0.0,-6.08695652,0.1479424,0.0,,benchmark_bollinger_rebound,stop_loss,
1e81ebd7e72c6aecd8258cbef51fc5be5a030eaa6c95fe4d10df9dca4772cfd0,freqtrade::BenchmarkBollingerRebound,BenchmarkBollingerRebound,15m,freqtrade::3b07c18cc63a502448eb::BenchmarkBollingerRebound,ZRX/USDT:USDT,long,2018-04-26 00:30:00+00:00,2018-04-26 01:00:00+00:00,1.0019,0.9899,-0.06482386115057055,-17.804383,-3.24735132,0.0,-3.0,0.2745206,0.0,,benchmark_bollinger_rebound,stop_loss,
cf9740a823022c55a9c11dbc330b5d5424d30e430b9ce6bd852eb2f3d0c5f8a5,freqtrade::BenchmarkBollingerRebound,BenchmarkBollingerRebound,1h,freqtrade::2ccf3926d26a367304b1::BenchmarkBollingerRebound,XRP/USDT:USDT,long,2026-05-12 17:00:00+00:00,2026-05-12 17:00:00+00:00,1.422,1.431,0.02661643861613497,1.81764,1.51394303,2.4,-0.2,0.068256,0.0,,benchmark_bollinger_rebound,roi,
7eada10b43787ada70b96a531a0fb2d9c7405ff8e3ebd912785d708c74e93ad4,freqtrade::BenchmarkBollingerRebound,BenchmarkBollingerRebound,1h,freqtrade::2ccf3926d26a367304b1::BenchmarkBollingerRebound,XRP/USDT:USDT,long,2026-05-13 17:00:00+00:00,2026-05-13 18:00:00+00:00,1.422,1.431,0.026616438616134972,1.8403605,1.51394303,2.2,0.0,0.06910920000000001,0.0,,benchmark_bollinger_rebound,roi,
4e4689441623d4cb9c80f15e4c4b8e840cafa1076bad6e9dc7261991845fdba6,freqtrade::BenchmarkBollingerRebound,BenchmarkBollingerRebound,1h,freqtrade::2ccf3926d26a367304b1::BenchmarkBollingerRebound,ADA/USDT:USDT,long,2026-06-04 03:00:00+00:00,2026-06-04 03:00:00+00:00,0.1948,0.196,0.02577253467721991,1.637498,1.43442564,7.57142857,0.0,0.0635048,0.0,,benchmark_bollinger_rebound,roi,
7a664b93429a19f476e368ba234917348db14ffa6e804928b1c8eb1e9e13affb,freqtrade::BenchmarkBollingerRebound,BenchmarkBollingerRebound,1h,freqtrade::2ccf3926d26a367304b1::BenchmarkBollingerRebound,ADA/USDT:USDT,long,2026-06-22 01:00:00+00:00,2026-06-22 01:00:00+00:00,0.1594,0.1604,0.02633877540527102,1.369363,1.39946693,5.66666667,-0.83333333,0.0519644,0.0,,benchmark_bollinger_rebound,roi,
e2c5a08bf23694ff44df831a2840fc6b76cf3c6091e579707c2da13fc48c6c75,freqtrade::BenchmarkBollingerRebound,BenchmarkBollingerRebound,1h,freqtrade::2ccf3926d26a367304b1::BenchmarkBollingerRebound,ADA/USDT:USDT,long,2026-04-23 04:00:00+00:00,2026-04-23 06:00:00+00:00,0.246,0.2475,0.025459831060079714,1.829745,1.3918041,2.44444444,-0.22222222,0.071832,0.0,,benchmark_bollinger_rebound,roi,
b3076c5f64c7872bff60b2ba6f1de76a6894af7da892f12940eecb5712a8720d,freqtrade::BenchmarkBollingerRebound,BenchmarkBollingerRebound,1h,freqtrade::2ccf3926d26a367304b1::BenchmarkBollingerRebound,ADA/USDT:USDT,long,2026-04-25 19:00:00+00:00,2026-04-25 22:00:00+00:00,0.2486,0.2501,0.025141290979610757,1.875975,1.38891665,1.88888889,-0.44444444,0.07458,0.0,,benchmark_bollinger_rebound,roi,
9009f64055d3d6872bbe9a7addfc50eeb0060b8b6b43cb9bd2b2addfe2414b94,freqtrade::BenchmarkBollingerRebound,BenchmarkBollingerRebound,1h,freqtrade::2ccf3926d26a367304b1::BenchmarkBollingerRebound,APT/USDT:USDT,long,2026-01-31 20:00:00+00:00,2026-01-31 20:00:00+00:00,1.223,1.219,-0.021334385955019217,-4.145474,-1.3045977,5.25,-3.0,0.1942124,0.0,,benchmark_bollinger_rebound,stop_loss,
863cdf3432718f72cfd9084d85d0911d8d918f593f7015780fc549c6244a072b,freqtrade::BenchmarkBollingerRebound,BenchmarkBollingerRebound,1h,freqtrade::2ccf3926d26a367304b1::BenchmarkBollingerRebound,APT/USDT:USDT,long,2026-01-29 17:00:00+00:00,2026-01-29 17:00:00+00:00,1.497,1.492,-0.02168087632870272,-4.637073,-1.29825087,2.6,-6.2,0.2137716,0.0,,benchmark_bollinger_rebound,stop_loss,
b1a812ff17c90a7f03ff7062ab81980d38d113e24e2e8321e177c91b21db886f,freqtrade::BenchmarkBollingerRebound,BenchmarkBollingerRebound,1h,freqtrade::2ccf3926d26a367304b1::BenchmarkBollingerRebound,ADA/USDT:USDT,long,2026-06-24 12:00:00+00:00,2026-06-24 13:00:00+00:00,0.1481,0.1476,-0.021861115357243735,-1.16613,-1.29505247,1.2,-7.6,0.053316,0.0,,benchmark_bollinger_rebound,stop_loss,
6640ce45044f1029f8b2ceb2ef66beaeb707c3ad4df63042605a01f3492002a1,freqtrade::BenchmarkBollingerRebound,BenchmarkBollingerRebound,1h,freqtrade::2ccf3926d26a367304b1::BenchmarkBollingerRebound,APT/USDT:USDT,long,2026-01-25 22:00:00+00:00,2026-01-25 22:00:00+00:00,1.476,1.471,-0.02191824142129477,-5.127012,-1.29405297,0.4,-3.0,0.2337984,0.0,,benchmark_bollinger_rebound,stop_loss,
b805160289f63addfffbd408cbbfe5b03e84401e96d00da6831e5de9a0f1a264,freqtrade::BenchmarkBollingerRebound,BenchmarkBollingerRebound,1h,freqtrade::2ccf3926d26a367304b1::BenchmarkBollingerRebound,ADA/USDT:USDT,long,2026-06-27 23:00:00+00:00,2026-06-27 23:00:00+00:00,0.1455,0.145,-0.022162458289755462,-1.0001375,-1.28985507,0.8,-1.4,0.045105,0.0,,benchmark_bollinger_rebound,stop_loss,
8390e2db72c0984e3cfbbb1d6e16623286ce360ecb79f4377d6e78e823cef165,freqtrade::BenchmarkBollingerRebound,BenchmarkBollingerRebound,1h,freqtrade::2ccf3926d26a367304b1::BenchmarkBollingerRebound,ADA/USDT:USDT,long,2026-06-16 18:00:00+00:00,2026-06-16 18:00:00+00:00,0.1745,0.1739,-0.022172294941354538,-1.23872,-1.28968849,3.16666667,-1.33333333,0.05584000000000001,0.0,,benchmark_bollinger_rebound,stop_loss,
3c4338d92754f4d619962a18e2f23414b9cc25232c21119bf444ea1181b156b3,freqtrade::BenchmarkEMATrend,BenchmarkEMATrend,15m,freqtrade::3939a90ef8cb1315fdcc::BenchmarkEMATrend,ZRX/USDT:USDT,long,2018-03-20 13:00:00+00:00,2018-03-20 18:15:00+00:00,0.4763,0.5403,0.6661764645705701,183.491013,27.59129131,27.82608696,0.0,0.27530140000000003,0.0,,benchmark_ema_trend,roi,
fb26f4d13e11acf8b78c9ef111aa65b4293c9734e8523e9d6ccaa6e6bcd2c301,freqtrade::BenchmarkEMATrend,BenchmarkEMATrend,15m,freqtrade::3939a90ef8cb1315fdcc::BenchmarkEMATrend,ZRX/USDT:USDT,long,2018-04-05 19:30:00+00:00,2018-04-05 20:00:00+00:00,0.5785,0.6381,0.5096129549745438,79.638795,21.05793532,50.42857143,0.0,0.156195,0.0,,benchmark_ema_trend,roi,
e8bde62bc054549b073498b968bc2a9c5c4a9bdca2229d329f4843ae53a72a23,freqtrade::BenchmarkEMATrend,BenchmarkEMATrend,15m,freqtrade::3939a90ef8cb1315fdcc::BenchmarkEMATrend,ZRX/USDT:USDT,long,2018-03-25 22:00:00+00:00,2018-03-25 22:15:00+00:00,0.6343,0.6756,0.3202328364432005,82.103001,13.10475407,40.16129032,0.0,0.2562572,0.0,,benchmark_ema_trend,roi,
90cdc061a91531bb96c68385b8e9497a6cff76ea13a5389fc368270ced793ccb,freqtrade::BenchmarkEMATrend,BenchmarkEMATrend,15m,freqtrade::3939a90ef8cb1315fdcc::BenchmarkEMATrend,ZRX/USDT:USDT,long,2018-04-11 14:00:00+00:00,2018-04-11 14:30:00+00:00,0.5946,0.624,0.24198042250317828,50.095818,9.92286615,15.0,0.0,0.20692080000000002,0.0,,benchmark_ema_trend,roi,
25e07bf8103eb247258d7de300e75ec90752bd78d1571cd481c0f9116668cbbd,freqtrade::BenchmarkEMATrend,BenchmarkEMATrend,15m,freqtrade::3939a90ef8cb1315fdcc::BenchmarkEMATrend,ZRX/USDT:USDT,long,2018-03-27 12:00:00+00:00,2018-03-27 12:45:00+00:00,0.63,0.66,0.23285976059589253,36.4002,9.46462253,9.67741935,0.0,0.15624000000000002,0.0,,benchmark_ema_trend,roi,
3cd1f6ad3b80f0c17898847dd589acdcde7e067a4b3b440fa0f3b02785aee88e,freqtrade::BenchmarkEMATrend,BenchmarkEMATrend,15m,freqtrade::3939a90ef8cb1315fdcc::BenchmarkEMATrend,ZRX/USDT:USDT,long,2018-04-03 13:45:00+00:00,2018-04-03 14:15:00+00:00,0.5855,0.6098,0.2023100320036395,30.813055,8.16913957,8.37931034,0.0,0.15223,0.0,,benchmark_ema_trend,roi,
479459b3c877475418c6ca09c6cfa024ac4763da15994396c685201945e7c61c,freqtrade::BenchmarkEMATrend,BenchmarkEMATrend,15m,freqtrade::3939a90ef8cb1315fdcc::BenchmarkEMATrend,ZRX/USDT:USDT,long,2018-03-25 22:30:00+00:00,2018-03-25 22:45:00+00:00,0.7587,0.6136,-0.9602826766398007,-271.162239,-39.38197118,0.0,-42.43243243,0.2822364,0.0,,benchmark_ema_trend,stop_loss,
7dc20c97202f0c5f594eefb808c50197cedb80acb233616f1b17a41bfbeea7f9,freqtrade::BenchmarkEMATrend,BenchmarkEMATrend,15m,freqtrade::3939a90ef8cb1315fdcc::BenchmarkEMATrend,ZRX/USDT:USDT,long,2018-03-26 20:30:00+00:00,2018-03-26 20:45:00+00:00,0.7568,0.6602,-0.6425731373214028,-126.50105,-26.28645137,0.0,-37.27027027,0.196768,0.0,,benchmark_ema_trend,stop_loss,
e3e49f684495e1894025829ad7e59533940caa086447ae38be1a0afb3f55807d,freqtrade::BenchmarkEMATrend,BenchmarkEMATrend,15m,freqtrade::3939a90ef8cb1315fdcc::BenchmarkEMATrend,ZRX/USDT:USDT,long,2018-03-25 03:15:00+00:00,2018-03-25 11:45:00+00:00,0.6354,0.5601,-0.596945389439369,-187.4674425,-24.47090971,0.0,-24.32258065,0.31388760000000004,0.0,,benchmark_ema_trend,stop_loss,
6ae4595ed93fa574a92b9fdaa3fdbe2f649cdc14b460c848ca597fcb1a992e0e,freqtrade::BenchmarkEMATrend,BenchmarkEMATrend,15m,freqtrade::3939a90ef8cb1315fdcc::BenchmarkEMATrend,ZRX/USDT:USDT,long,2018-03-27 18:00:00+00:00,2018-03-27 18:15:00+00:00,0.6996,0.6372,-0.45052088021169523,-76.943448,-18.54025928,0.0,-18.35294118,0.1707024,0.0,,benchmark_ema_trend,stop_loss,
729f16e8c51af58a0f595b74931bc3f6498df0d8104cd135fdba5f5a23947a8a,freqtrade::BenchmarkEMATrend,BenchmarkEMATrend,15m,freqtrade::3939a90ef8cb1315fdcc::BenchmarkEMATrend,ZRX/USDT:USDT,long,2018-04-13 16:15:00+00:00,2018-04-13 16:45:00+00:00,0.775,0.711,-0.41748803017845915,-87.40305,-17.02911702,0.0,-16.84210526,0.20925,0.0,,benchmark_ema_trend,stop_loss,
03f1d6c2f34bfc593a951ad6b8805eb1c26d01b8cf821932ec2b46b7588fac07,freqtrade::BenchmarkEMATrend,BenchmarkEMATrend,15m,freqtrade::3939a90ef8cb1315fdcc::BenchmarkEMATrend,ZRX/USDT:USDT,long,2018-03-23 10:00:00+00:00,2018-03-23 13:00:00+00:00,0.5815,0.5361,-0.39497706005122973,-144.310632,-15.8399421,0.0,-15.65517241,0.365182,0.0,,benchmark_ema_trend,stop_loss,
f981da4c72aeadbee8313f6f4b629f90f8ac16fe52267a4dda2e77e48102b2ba,freqtrade::BenchmarkEMATrend,BenchmarkEMATrend,1h,freqtrade::147fcb5c43cfa36c190c::BenchmarkEMATrend,APT/USDT:USDT,long,2026-01-26 21:00:00+00:00,2026-01-26 21:00:00+00:00,1.538,1.555,0.050213839764123136,10.0602285,2.20653959,2.57142857,-0.57142857,0.2002476,0.0,,benchmark_ema_trend,roi,
d65658aa044d26128a148832c0ff6e5626dd7951d6945d99be304e2b226f2d57,freqtrade::BenchmarkEMATrend,BenchmarkEMATrend,1h,freqtrade::147fcb5c43cfa36c190c::BenchmarkEMATrend,APT/USDT:USDT,long,2026-01-26 23:00:00+00:00,2026-01-27 05:00:00+00:00,1.548,1.565,0.04985717735447522,10.069162,2.20511173,4.42857143,-0.71428571,0.2018592,0.0,,benchmark_ema_trend,roi,
dd493e023f89345ae096b7f56dcd41c7a1c0553ef12a3e15cdc576ed598e1b73,freqtrade::BenchmarkEMATrend,BenchmarkEMATrend,1h,freqtrade::147fcb5c43cfa36c190c::BenchmarkEMATrend,APT/USDT:USDT,long,2026-01-27 20:00:00+00:00,2026-01-27 20:00:00+00:00,1.562,1.579,0.04936552210450473,10.4766305,2.20311273,3.71428571,-0.28571429,0.2121196,0.0,,benchmark_ema_trend,roi,
5efb4ab8d424bc50031698dd58535999fdbf2e75e904b08f9a1a42f2d075225f,freqtrade::BenchmarkEMATrend,BenchmarkEMATrend,1h,freqtrade::147fcb5c43cfa36c190c::BenchmarkEMATrend,ADA/USDT:USDT,long,2026-03-16 04:00:00+00:00,2026-03-16 04:00:00+00:00,0.2773,0.2804,0.050842771906509786,0.2539035,2.16903087,5.76923077,0.0,0.0049914,0.0,,benchmark_ema_trend,roi,
8ac252a7ea82cc4bc83b581ca939647be257d88bcbc0e62d242743503acb20b4,freqtrade::BenchmarkEMATrend,BenchmarkEMATrend,1h,freqtrade::147fcb5c43cfa36c190c::BenchmarkEMATrend,ADA/USDT:USDT,long,2026-03-13 13:00:00+00:00,2026-03-13 13:00:00+00:00,0.2783,0.2814,0.050642124140947854,0.338418,2.16826202,2.46153846,-0.84615385,0.0066792,0.0,,benchmark_ema_trend,roi,
7195c4996e98f079124659542a343b5f2040135beb81866a789762d5d8814fcf,freqtrade::BenchmarkEMATrend,BenchmarkEMATrend,1h,freqtrade::147fcb5c43cfa36c190c::BenchmarkEMATrend,ADA/USDT:USDT,long,2026-02-14 11:00:00+00:00,2026-02-14 11:00:00+00:00,0.2785,0.2816,0.050602167497938645,5.2169075,2.16810825,4.38461538,-0.15384615,0.103045,0.0,,benchmark_ema_trend,roi,
db729a020c4bb322bec01ef6fed0a8b3ca9a4a2a3ccb7afea2bae47b89e3733f,freqtrade::BenchmarkEMATrend,BenchmarkEMATrend,1h,freqtrade::147fcb5c43cfa36c190c::BenchmarkEMATrend,XRP/USDT:USDT,long,2026-05-03 12:00:00+00:00,2026-05-03 21:00:00+00:00,1.394,1.388,-0.02699654476922227,-0.0075304,-1.25443945,0.83333333,-1.0,0.0002788,-0.0001394,,benchmark_ema_trend,stop_loss,
fd173181ea1394a49aec6c0fe3573e413630c16f93f73cf3ca663809f6a8df6a,freqtrade::BenchmarkEMATrend,BenchmarkEMATrend,1h,freqtrade::147fcb5c43cfa36c190c::BenchmarkEMATrend,XRP/USDT:USDT,long,2026-05-01 15:00:00+00:00,2026-05-01 17:00:00+00:00,1.394,1.388,-0.026696336193452772,-0.00744666,-1.24048976,0.83333333,-1.16666667,0.0002788,-5.5659741424817995e-05,,benchmark_ema_trend,stop_loss,
db46c4e6c1d08a37e4f56f37ddfde2071dcb96a7a33b13023c4173325b118424,freqtrade::BenchmarkEMATrend,BenchmarkEMATrend,1h,freqtrade::147fcb5c43cfa36c190c::BenchmarkEMATrend,LINK/USDT:USDT,long,2026-04-22 05:00:00+00:00,2026-04-22 16:00:00+00:00,9.48,9.433,-0.030673046915360887,-0.02327407,-1.23736376,1.53191489,-1.23404255,0.0007584,-0.0006914702705454573,,benchmark_ema_trend,stop_loss,
5ea00c811898331f0d82f4241ca530fac08a228aec990b932859f22cb168944c,freqtrade::BenchmarkEMATrend,BenchmarkEMATrend,1h,freqtrade::147fcb5c43cfa36c190c::BenchmarkEMATrend,ADA/USDT:USDT,long,2026-04-16 21:00:00+00:00,2026-04-17 01:00:00+00:00,0.2579,0.2567,-0.02874096104332479,-0.029664,-1.23538231,2.0,-2.33333333,0.0010316000000000001,-0.000518,,benchmark_ema_trend,stop_loss,
3f193789502ca5c6584498c39268ee9335dcd1c8d2f895deda387d7b2caaff45,freqtrade::BenchmarkEMATrend,BenchmarkEMATrend,1h,freqtrade::147fcb5c43cfa36c190c::BenchmarkEMATrend,ADA/USDT:USDT,long,2026-04-22 14:00:00+00:00,2026-04-22 16:00:00+00:00,0.2549,0.2537,-0.02901217104276422,-0.0147978,-1.23253373,1.0,-2.0,0.0005098,-0.0002548,,benchmark_ema_trend,stop_loss,
3d9ee3d88615474dba1bd21e40c798cad0e30fe9a1bba41b883c25c152b8f8ec,freqtrade::BenchmarkEMATrend,BenchmarkEMATrend,1h,freqtrade::147fcb5c43cfa36c190c::BenchmarkEMATrend,XRP/USDT:USDT,long,2026-05-15 00:00:00+00:00,2026-05-15 02:00:00+00:00,1.485,1.478,-0.029042381166319197,-0.0086299,-1.23222674,2.14285714,-1.42857143,0.000297,-0.0001484,,benchmark_ema_trend,stop_loss,
e34afd253f6218089a49fcb4e0c2b0f9dfabbe9bfe3a4024c8bf5b6d74201a8d,freqtrade::BenchmarkMACDVolume,BenchmarkMACDVolume,15m,freqtrade::ff4e6f88fc354d7917bc::BenchmarkMACDVolume,ZRX/USDT:USDT,long,2018-01-19 12:30:00+00:00,2018-01-19 12:45:00+00:00,1.7799,1.8403,0.16450536459957,45.700122,6.65461587,6.875,0.0,0.27766440000000003,0.0,,benchmark_macd_volume,roi,
ce95ba50449e31d9ecac6d70ffe2df0886fb1d88a93be8856f80a38df059c100,freqtrade::BenchmarkMACDVolume,BenchmarkMACDVolume,15m,freqtrade::ff4e6f88fc354d7917bc::BenchmarkMACDVolume,ZRX/USDT:USDT,long,2018-03-22 05:00:00+00:00,2018-03-22 05:30:00+00:00,0.6095,0.628,0.14661455162492587,31.2921875,5.95743795,6.16666667,-0.23333333,0.213325,0.0,,benchmark_macd_volume,roi,
3a94121c8e5e4475acc17e51f45a3e6bd5d17ae0cc6fbdcf248688350016949f,freqtrade::BenchmarkMACDVolume,BenchmarkMACDVolume,15m,freqtrade::ff4e6f88fc354d7917bc::BenchmarkMACDVolume,ZRX/USDT:USDT,long,2018-03-12 00:15:00+00:00,2018-03-12 00:30:00+00:00,0.6749,0.6944,0.1393239518927749,29.728253,5.69877183,5.90909091,0.0,0.21326840000000002,0.0,,benchmark_macd_volume,roi,
4451525a0bac67a221af61f4897990639a0aad576cfb23521884afa9eb58c83c,freqtrade::BenchmarkMACDVolume,BenchmarkMACDVolume,15m,freqtrade::ff4e6f88fc354d7917bc::BenchmarkMACDVolume,ZRX/USDT:USDT,long,2018-04-12 12:00:00+00:00,2018-04-12 12:30:00+00:00,0.638,0.6538,0.1187031875911574,26.671216,4.88597637,5.09677419,0.0,0.224576,0.0,,benchmark_macd_volume,benchmark_macd_volume_weakness,
d5e1098c00786ebf9a1f9550bb2a8a78d71fa8bda7b40432a62403243e98e659,freqtrade::BenchmarkMACDVolume,BenchmarkMACDVolume,15m,freqtrade::ff4e6f88fc354d7917bc::BenchmarkMACDVolume,ZRX/USDT:USDT,long,2018-02-07 13:00:00+00:00,2018-02-07 13:15:00+00:00,1.0853,1.1099,0.10822194173345467,27.967856,4.35012124,7.81481481,0.0,0.2583014,0.0,,benchmark_macd_volume,roi,
8f51fe2f6f14482a1cef075ff5fa2005bed1c7ddecf3358d04a723f396820842,freqtrade::BenchmarkMACDVolume,BenchmarkMACDVolume,15m,freqtrade::ff4e6f88fc354d7917bc::BenchmarkMACDVolume,ZRX/USDT:USDT,long,2018-03-27 10:15:00+00:00,2018-03-27 11:15:00+00:00,0.6208,0.6341,0.10201527779924471,21.6700605,4.08587642,10.51612903,0.0,0.21231360000000002,0.0,,benchmark_macd_volume,roi,
cda9ff2c4c52a1aa4b0cb24c6bdae67611a75461031cea1fdefc4375b3eb5527,freqtrade::BenchmarkMACDVolume,BenchmarkMACDVolume,15m,freqtrade::ff4e6f88fc354d7917bc::BenchmarkMACDVolume,ZRX/USDT:USDT,long,2018-01-19 08:45:00+00:00,2018-01-19 09:15:00+00:00,1.75,1.673,-0.2247776111944028,-68.479005,-9.04277746,0.0,-8.85057471,0.3045,0.0,,benchmark_macd_volume,stop_loss,
faaaa86e0e3054507ffe61cf55a29f4cc57a406f3671a9ad2a08c6800d421c60,freqtrade::BenchmarkMACDVolume,BenchmarkMACDVolume,15m,freqtrade::ff4e6f88fc354d7917bc::BenchmarkMACDVolume,ZRX/USDT:USDT,long,2018-03-01 10:30:00+00:00,2018-03-01 11:15:00+00:00,0.9747,0.9362,-0.20229676892342788,-46.1628765,-8.21577753,0.0,-8.02083333,0.2280798,0.0,,benchmark_macd_volume,stop_loss,
b0595e627958b24fb473a7dbb86abd66fbff21f9e8cbe70b15c0440deb444560,freqtrade::BenchmarkMACDVolume,BenchmarkMACDVolume,15m,freqtrade::ff4e6f88fc354d7917bc::BenchmarkMACDVolume,ZRX/USDT:USDT,long,2018-04-24 02:30:00+00:00,2018-04-24 02:45:00+00:00,1.062,1.0205,-0.20018827685968693,-37.0108875,-8.02263962,0.0,-7.8490566,0.184788,0.0,,benchmark_macd_volume,stop_loss,
087d012f9fefd830c0ca27076f4865d49b9490224a7af0fa084584ca7d912663,freqtrade::BenchmarkMACDVolume,BenchmarkMACDVolume,15m,freqtrade::ff4e6f88fc354d7917bc::BenchmarkMACDVolume,ZRX/USDT:USDT,long,2018-01-19 07:15:00+00:00,2018-01-19 07:30:00+00:00,1.6575,1.5949,-0.19364736937715155,-62.941676,-7.82854914,0.0,-7.68292683,0.32487,0.0,,benchmark_macd_volume,stop_loss,
563778cd99c0a2fe15d208029ce0894648870fc3ab6d6f3b80b90f34fdaf1618,freqtrade::BenchmarkMACDVolume,BenchmarkMACDVolume,15m,freqtrade::ff4e6f88fc354d7917bc::BenchmarkMACDVolume,ZIL/USDT:USDT,long,2018-12-16 12:45:00+00:00,2018-12-16 13:00:00+00:00,0.01359,0.0132,-0.14834194381837779,-0.484074,-6.71989005,0.0,-8.16666667,0.0032616,0.0,,benchmark_macd_volume,stop_loss,
2a88057a4dc0a8d83c4eaac78ff77a4a73691ef9b91526169fbb49fc16593810,freqtrade::BenchmarkMACDVolume,BenchmarkMACDVolume,15m,freqtrade::ff4e6f88fc354d7917bc::BenchmarkMACDVolume,ZRX/USDT:USDT,long,2018-02-14 12:30:00+00:00,2018-02-14 12:45:00+00:00,1.0498,1.0209,-0.14250519053675675,-35.6230665,-5.75392112,0.0,-5.55769231,0.2498524,0.0,,benchmark_macd_volume,stop_loss,
da5b113f54a1944dbd1adaa38f17cc500cd9e764c223e79536d92411056d0a55,freqtrade::BenchmarkMACDVolume,BenchmarkMACDVolume,1h,freqtrade::f73fe55eb4cf3402ec28::BenchmarkMACDVolume,ADA/USDT:USDT,long,2026-07-03 17:00:00+00:00,2026-07-03 17:00:00+00:00,0.1742,0.1758,0.040880822504935826,0.04275,1.78035982,3.375,-0.375,0.0010452,0.0,,benchmark_macd_volume,roi,
2e0072398029625da58e0e8d8652f56febf4d1f5d9a65a9bc29e5a18e0b95264,freqtrade::BenchmarkMACDVolume,BenchmarkMACDVolume,1h,freqtrade::f73fe55eb4cf3402ec28::BenchmarkMACDVolume,ADA/USDT:USDT,long,2026-07-03 18:00:00+00:00,2026-07-03 18:00:00+00:00,0.1756,0.1772,0.04051504999208824,0.042708,1.77861069,6.5,-0.5,0.0010536,0.0,,benchmark_macd_volume,roi,
c35c1fc61e17ea792ebbad95d5313b94165479eac61e8f8c60cbd8673d6f19e9,freqtrade::BenchmarkMACDVolume,BenchmarkMACDVolume,1h,freqtrade::f73fe55eb4cf3402ec28::BenchmarkMACDVolume,ADA/USDT:USDT,long,2026-07-01 14:00:00+00:00,2026-07-01 14:00:00+00:00,0.1537,0.1551,0.04050024434757247,0.037368,1.7785393,5.28571429,-0.57142857,0.0009222000000000001,0.0,,benchmark_macd_volume,roi,
504587226da99446242067a46029b546b95276461f1fe3e28eefa515e1b4f2f7,freqtrade::BenchmarkMACDVolume,BenchmarkMACDVolume,1h,freqtrade::f73fe55eb4cf3402ec28::BenchmarkMACDVolume,ADA/USDT:USDT,long,2026-07-01 15:00:00+00:00,2026-07-01 15:00:00+00:00,0.1554,0.1568,0.04000252126189158,0.049756,1.77611194,3.57142857,-0.85714286,0.0012432,0.0,,benchmark_macd_volume,roi,
c2fa05f955ff505db0c1501675af3853436c6fb7902a1ba4e4699b1dbdba2e06,freqtrade::BenchmarkMACDVolume,BenchmarkMACDVolume,1h,freqtrade::f73fe55eb4cf3402ec28::BenchmarkMACDVolume,APT/USDT:USDT,long,2026-01-26 15:00:00+00:00,2026-01-26 15:00:00+00:00,1.56,1.574,0.03982944425223286,7.770625,1.77525523,4.28571429,-0.71428571,0.195,0.0,,benchmark_macd_volume,roi,
e329ca2fc6bd3e9e680a27a5d190bb090aafd74564c476415fa532ee4cc7117b,freqtrade::BenchmarkMACDVolume,BenchmarkMACDVolume,1h,freqtrade::f73fe55eb4cf3402ec28::BenchmarkMACDVolume,ADA/USDT:USDT,long,2026-07-03 19:00:00+00:00,2026-07-03 19:00:00+00:00,0.1787,0.1803,0.03972552056372486,0.042615,1.77473763,5.5,-0.75,0.0010722000000000001,0.0,,benchmark_macd_volume,roi,
00cf28b7363895656e053728c24b9d263936e8b0fc85d6e80b1d17b2c1d351b6,freqtrade::BenchmarkMACDVolume,BenchmarkMACDVolume,1h,freqtrade::f73fe55eb4cf3402ec28::BenchmarkMACDVolume,XRP/USDT:USDT,long,2026-05-01 16:00:00+00:00,2026-05-01 17:00:00+00:00,1.395,1.389,-0.026680780353550825,-0.47665022,-1.24065629,0.5,-1.33333333,0.017856,-0.0035622234511883516,,benchmark_macd_volume,stop_loss,
da6c0b9f774710815544886c435852467f5080f82e5058a3034eea36c86d8f14,freqtrade::BenchmarkMACDVolume,BenchmarkMACDVolume,1h,freqtrade::f73fe55eb4cf3402ec28::BenchmarkMACDVolume,ADA/USDT:USDT,long,2026-06-13 16:00:00+00:00,2026-06-13 16:00:00+00:00,0.1749,0.1741,-0.028344318406834313,-0.0595188,-1.23935532,0.0,-3.125,0.0020988,-0.0010488000000000001,,benchmark_macd_volume,stop_loss,
293a8db502f6d8912c20299c4d03110c60bcc3ac542ebb91ce28605397e3c8f6,freqtrade::BenchmarkMACDVolume,BenchmarkMACDVolume,1h,freqtrade::f73fe55eb4cf3402ec28::BenchmarkMACDVolume,ADA/USDT:USDT,long,2026-06-01 00:00:00+00:00,2026-06-01 01:00:00+00:00,0.2356,0.2345,-0.02881857034131491,-0.1086888,-1.23448276,1.54545455,-2.27272727,0.0037696,-0.0018848,,benchmark_macd_volume,stop_loss,
6ca032c5e78c2fc51b9bfa86ad39e9f7685e59051c5a1a3f0606efd1262290f0,freqtrade::BenchmarkMACDVolume,BenchmarkMACDVolume,1h,freqtrade::f73fe55eb4cf3402ec28::BenchmarkMACDVolume,ADA/USDT:USDT,long,2026-04-09 16:00:00+00:00,2026-04-09 16:00:00+00:00,0.2545,0.2533,-0.029049129659138997,-1.6124806,-1.23216725,1.41666667,-1.41666667,0.055481,-0.027729600000000004,,benchmark_macd_volume,stop_loss,
4e70f75768b6524f794933cc21bc2e70fd7641b04efdd189fdbd71e2d48c6fda,freqtrade::BenchmarkMACDVolume,BenchmarkMACDVolume,1h,freqtrade::f73fe55eb4cf3402ec28::BenchmarkMACDVolume,XRP/USDT:USDT,long,2026-05-01 14:00:00+00:00,2026-05-01 14:00:00+00:00,1.398,1.392,-0.02643528021397027,-0.48807,-1.23188406,0.16666667,-1.66666667,0.0184536,0.0,,benchmark_macd_volume,stop_loss,
009fed62d6228214ce343a38dab111bfd08e45c40de2ded736c6148511d3c9ca,freqtrade::BenchmarkMACDVolume,BenchmarkMACDVolume,1h,freqtrade::f73fe55eb4cf3402ec28::BenchmarkMACDVolume,XRP/USDT:USDT,long,2026-05-11 16:00:00+00:00,2026-05-11 16:00:00+00:00,1.483,1.476,-0.029070538549797395,-0.32781205,-1.23176025,0.57142857,-1.85714286,0.0112708,-0.005591047618300098,,benchmark_macd_volume,stop_loss,
a69ca9a489ac13da4e1b3e69381e4122569636e0501d056c72428d8380a004ce,freqtrade::BenchmarkRSIMeanReversion,BenchmarkRSIMeanReversion,15m,freqtrade::1e09bcc8cc2e3d318f4e::BenchmarkRSIMeanReversion,ZRX/USDT:USDT,long,2018-03-28 18:00:00+00:00,2018-03-28 18:30:00+00:00,0.53,0.6309,0.9459378801165454,392.2494405,47.74734062,48.04761905,0.0,0.41446,0.0,,benchmark_rsi_mean_reversion,roi,
9c6493d884176a5485728561f511678b9bbac9e43194a37524d8787fb2bbcd2d,freqtrade::BenchmarkRSIMeanReversion,BenchmarkRSIMeanReversion,15m,freqtrade::1e09bcc8cc2e3d318f4e::BenchmarkRSIMeanReversion,ZRX/USDT:USDT,long,2018-02-02 04:30:00+00:00,2018-02-02 05:30:00+00:00,1.25,1.361,0.43855872063968016,138.21507,21.92793603,22.22,0.0,0.315,0.0,,benchmark_rsi_mean_reversion,roi,
c332338b1f99cc7a7f9c34ddbd93e2577b1956b203f264b7f08c556a600c80e7,freqtrade::BenchmarkRSIMeanReversion,BenchmarkRSIMeanReversion,15m,freqtrade::1e09bcc8cc2e3d318f4e::BenchmarkRSIMeanReversion,ZRX/USDT:USDT,long,2018-03-19 15:15:00+00:00,2018-03-19 15:30:00+00:00,0.4238,0.457,0.38630519567964955,126.452056,20.46451774,22.625,0.0,0.3271736,0.0,,benchmark_rsi_mean_reversion,roi,
733d06373a9d9656b10325a1da6ed59f2d802409dd84d3cb310b5e29d16a979d,freqtrade::BenchmarkRSIMeanReversion,BenchmarkRSIMeanReversion,15m,freqtrade::1e09bcc8cc2e3d318f4e::BenchmarkRSIMeanReversion,ZRX/USDT:USDT,long,2018-01-29 19:00:00+00:00,2018-01-29 20:30:00+00:00,1.7459,1.8554,0.3082809073726497,96.929415,15.60080105,17.95652174,0.0,0.314262,0.0,,benchmark_rsi_mean_reversion,roi,
954eade8e138a9de53f27b1b4d0526c7855d6313e79ee2dfb49289964093c0a3,freqtrade::BenchmarkRSIMeanReversion,BenchmarkRSIMeanReversion,15m,freqtrade::1e09bcc8cc2e3d318f4e::BenchmarkRSIMeanReversion,ZRX/USDT:USDT,long,2018-03-28 00:45:00+00:00,2018-03-28 01:00:00+00:00,0.6108,0.6437,0.26405224041548314,101.6591625,13.44025904,13.70833333,0.0,0.384804,0.0,,benchmark_rsi_mean_reversion,roi,
abfce5b8bd751738d4063a79fa7c7a635462944b80e9e8dabea68f293762592e,freqtrade::BenchmarkRSIMeanReversion,BenchmarkRSIMeanReversion,15m,freqtrade::1e09bcc8cc2e3d318f4e::BenchmarkRSIMeanReversion,ZRX/USDT:USDT,long,2018-03-23 14:00:00+00:00,2018-03-23 15:15:00+00:00,0.53,0.5584,0.26265923641952604,85.795864,13.25803765,23.52380952,0.0,0.32648000000000005,0.0,,benchmark_rsi_mean_reversion,roi,
1fd4ab19ccc85fdc2f6f3d40289e799af47cebebec58aa13651a3bd4c813a12b,freqtrade::BenchmarkRSIMeanReversion,BenchmarkRSIMeanReversion,15m,freqtrade::1e09bcc8cc2e3d318f4e::BenchmarkRSIMeanReversion,ZRX/USDT:USDT,long,2018-03-22 14:00:00+00:00,2018-03-22 15:00:00+00:00,0.6098,0.5699,-0.33182695303709253,-123.089144,-16.86233966,0.0,-16.625,0.3707584,0.0,,benchmark_rsi_mean_reversion,stop_loss,
b9cd76e585c9ca73dd6951b78b4488a343533a42ff098e807850afd237b6246c,freqtrade::BenchmarkRSIMeanReversion,BenchmarkRSIMeanReversion,15m,freqtrade::1e09bcc8cc2e3d318f4e::BenchmarkRSIMeanReversion,ZRX/USDT:USDT,long,2018-02-03 03:30:00+00:00,2018-02-03 04:15:00+00:00,1.2257,1.1571,-0.28455789238447593,-102.593358,-14.23602484,0.0,-14.0,0.3603558,0.0,,benchmark_rsi_mean_reversion,stop_loss,
145f9268b98a6a785a9c42769e8101afe6f8005ad3a7d269039f9929169c72a0,freqtrade::BenchmarkRSIMeanReversion,BenchmarkRSIMeanReversion,15m,freqtrade::1e09bcc8cc2e3d318f4e::BenchmarkRSIMeanReversion,ZRX/USDT:USDT,long,2018-04-04 00:45:00+00:00,2018-04-04 02:45:00+00:00,0.5918,0.5597,-0.2759329189747809,-145.4070875,-14.19974795,0.0,-13.95652174,0.526702,0.0,,benchmark_rsi_mean_reversion,stop_loss,
61b04fd3a776847efa6f2b4afd07bbaf82fa3773ca4e1288b91e04da1c4f7a1d,freqtrade::BenchmarkRSIMeanReversion,BenchmarkRSIMeanReversion,15m,freqtrade::1e09bcc8cc2e3d318f4e::BenchmarkRSIMeanReversion,ZRX/USDT:USDT,long,2018-03-01 00:45:00+00:00,2018-03-01 01:30:00+00:00,0.9265,0.8901,-0.2012393695219309,-68.274189,-10.07828518,0.0,-13.91891892,0.339099,0.0,,benchmark_rsi_mean_reversion,stop_loss,
d490721ad0c304dd53c9dcb17c62e118e26f79aa578e970ef436ea8a0d2e0325,freqtrade::BenchmarkRSIMeanReversion,BenchmarkRSIMeanReversion,15m,freqtrade::1e09bcc8cc2e3d318f4e::BenchmarkRSIMeanReversion,ZRX/USDT:USDT,long,2018-04-12 06:45:00+00:00,2018-04-12 07:00:00+00:00,0.6252,0.6031,-0.18156428823336251,-79.953808,-9.08111944,0.24,-9.72,0.4401408,0.0,,benchmark_rsi_mean_reversion,stop_loss,
b7da5aa14ca4c1600689095aa52da851ca6c70ad95d4ea2cfaf50f9f4893e30a,freqtrade::BenchmarkRSIMeanReversion,BenchmarkRSIMeanReversion,15m,freqtrade::1e09bcc8cc2e3d318f4e::BenchmarkRSIMeanReversion,ZRX/USDT:USDT,long,2018-03-14 21:30:00+00:00,2018-03-14 23:30:00+00:00,0.5335,0.5168,-0.16135465538083815,-62.1827915,-8.1983532,0.0,-7.95238095,0.385187,0.0,,benchmark_rsi_mean_reversion,stop_loss,
70734d10be42024da5df85900de88581e1e844e31e41b31bc1369c0a007ecb0f,freqtrade::BenchmarkRSIMeanReversion,BenchmarkRSIMeanReversion,1h,freqtrade::36c325d71a2abb19733d::BenchmarkRSIMeanReversion,XRP/USDT:USDT,long,2026-05-12 16:00:00+00:00,2026-05-12 17:00:00+00:00,1.423,1.432,0.02667888356126458,0.04557964,1.51856205,2.2,-0.8,0.0017076,0.00014464092276154081,,benchmark_rsi_mean_reversion,roi,
46ea2f693a4d9ea4a0cceabf8809569d6feec7685770d6e2e0cb794aeb2baaae,freqtrade::BenchmarkRSIMeanReversion,BenchmarkRSIMeanReversion,1h,freqtrade::36c325d71a2abb19733d::BenchmarkRSIMeanReversion,ADA/USDT:USDT,long,2026-06-28 23:00:00+00:00,2026-06-28 23:00:00+00:00,0.1417,0.1426,0.02672799097981002,0.015157,1.51494253,5.2,-0.4,0.0005668,0.0,,benchmark_rsi_mean_reversion,roi,
37196d805a99eeb7267ed2bf4dde4de9c53c6e3f9a088c5608aba6b2bebe0689,freqtrade::BenchmarkRSIMeanReversion,BenchmarkRSIMeanReversion,1h,freqtrade::36c325d71a2abb19733d::BenchmarkRSIMeanReversion,ADA/USDT:USDT,long,2026-06-28 07:00:00+00:00,2026-06-28 07:00:00+00:00,0.144,0.1449,0.02622126436781609,0.0075555,1.51034483,2.4,0.0,0.000288,0.0,,benchmark_rsi_mean_reversion,roi,
ff502d1d1a1258dade2a52eea0fa705463058b92a884603c9fef9975ad813d10,freqtrade::BenchmarkRSIMeanReversion,BenchmarkRSIMeanReversion,1h,freqtrade::36c325d71a2abb19733d::BenchmarkRSIMeanReversion,APT/USDT:USDT,long,2026-01-25 21:00:00+00:00,2026-01-25 21:00:00+00:00,1.462,1.471,0.025751488141018408,4.2262935,1.50594703,4.4,-0.2,0.1640364,0.0,,benchmark_rsi_mean_reversion,roi,
e7a3594fc780520995bc42e942a964ebb785afcf2a316182dc06a8a916f141f4,freqtrade::BenchmarkRSIMeanReversion,BenchmarkRSIMeanReversion,1h,freqtrade::36c325d71a2abb19733d::BenchmarkRSIMeanReversion,XRP/USDT:USDT,long,2026-05-09 16:00:00+00:00,2026-05-09 17:00:00+00:00,1.413,1.422,0.026462144409434035,0.06733747,1.4956404,2.6,-0.8,0.0025434000000000003,-0.0009050296381317108,,benchmark_rsi_mean_reversion,roi,
2784256eeb290812cfe870507237389872a6813d96b687427bd90a17070ea12d,freqtrade::BenchmarkRSIMeanReversion,BenchmarkRSIMeanReversion,1h,freqtrade::36c325d71a2abb19733d::BenchmarkRSIMeanReversion,ADA/USDT:USDT,long,2026-05-02 06:00:00+00:00,2026-05-02 09:00:00+00:00,0.2469,0.2484,0.025579320505806226,0.06318692,1.40345205,2.11111111,-0.11111111,0.002469,0.0005694210848342311,,benchmark_rsi_mean_reversion,roi,
592c24974b10e470aff624e9ba2c546fc4e278b002036307e6d740967b79a0ee,freqtrade::BenchmarkRSIMeanReversion,BenchmarkRSIMeanReversion,1h,freqtrade::36c325d71a2abb19733d::BenchmarkRSIMeanReversion,ADA/USDT:USDT,long,2026-05-18 08:00:00+00:00,2026-05-18 10:00:00+00:00,0.2492,0.2483,-0.023536987525498886,-0.0234734,-1.30342606,1.22222222,-1.66666667,0.0009968,-0.0004984000000000001,,benchmark_rsi_mean_reversion,stop_loss,
069e3db6d07369c16a431605116de76d1a84b7ba5e400346b53eb297ca078057,freqtrade::BenchmarkRSIMeanReversion,BenchmarkRSIMeanReversion,1h,freqtrade::36c325d71a2abb19733d::BenchmarkRSIMeanReversion,ADA/USDT:USDT,long,2026-04-23 00:00:00+00:00,2026-04-23 00:00:00+00:00,0.2481,0.2472,-0.023616970233142194,-0.0703476,-1.30208229,1.44444444,-2.55555556,0.0029771999999999997,-0.0014886,,benchmark_rsi_mean_reversion,stop_loss,
39720f3df3fa37c07980d8120c6d847ee61eab73807f46559b2310b62d2314ed,freqtrade::BenchmarkRSIMeanReversion,BenchmarkRSIMeanReversion,1h,freqtrade::36c325d71a2abb19733d::BenchmarkRSIMeanReversion,ADA/USDT:USDT,long,2026-04-07 00:00:00+00:00,2026-04-07 00:00:00+00:00,0.2458,0.2449,-0.023786520084140193,-0.1403916,-1.29927259,0.55555556,-1.66666667,0.0058992,-0.0029496,,benchmark_rsi_mean_reversion,stop_loss,
d0fa734335499235483e410c13afef51908c6116239c26bd025c4f93fc1be33b,freqtrade::BenchmarkRSIMeanReversion,BenchmarkRSIMeanReversion,1h,freqtrade::36c325d71a2abb19733d::BenchmarkRSIMeanReversion,ADA/USDT:USDT,long,2026-05-09 16:00:00+00:00,2026-05-09 16:00:00+00:00,0.2702,0.2692,-0.023983382106134203,-0.0518684,-1.29606197,1.0,-1.0,0.0021616,-0.0010804,,benchmark_rsi_mean_reversion,stop_loss,
88e0241e5aa1945f4dd630814e6fa234d05be3b49f0d67a36cfa32ffb9e15d5d,freqtrade::BenchmarkRSIMeanReversion,BenchmarkRSIMeanReversion,1h,freqtrade::36c325d71a2abb19733d::BenchmarkRSIMeanReversion,ADA/USDT:USDT,long,2026-06-05 01:00:00+00:00,2026-06-05 01:00:00+00:00,0.1746,0.174,-0.022162458289755466,-0.015486,-1.28985507,0.16666667,-5.33333333,0.0006984000000000001,0.0,,benchmark_rsi_mean_reversion,stop_loss,
e83c989afc00f2500f0821bf14d0983687b17f2521286e87b5596608d2a234b8,freqtrade::BenchmarkRSIMeanReversion,BenchmarkRSIMeanReversion,1h,freqtrade::36c325d71a2abb19733d::BenchmarkRSIMeanReversion,XRP/USDT:USDT,long,2026-05-12 13:00:00+00:00,2026-05-12 13:00:00+00:00,1.45,1.445,-0.02222164779679126,-0.0451325,-1.28885557,0.4,-3.8,0.0020299999999999997,0.0,,benchmark_rsi_mean_reversion,stop_loss,
18ded0d6dcecbc2b6a8ef33a972ed5ea4b13d63d1aa51c5a1e2bd906bfa9216f,freqtrade::BenchmarkTD9Exhaustion,BenchmarkTD9Exhaustion,15m,freqtrade::84e2e8d0f2b1d6dcb9e6::BenchmarkTD9Exhaustion,ZRX/USDT:USDT,long,2018-03-28 18:00:00+00:00,2018-03-28 18:30:00+00:00,0.53,0.6309,0.9459378801165454,297.9490635,47.74734062,48.04761905,0.0,0.31482,0.0,,benchmark_td9_exhaustion,roi,
fc68fd03a41d2da3802647bf0d9420eaa5ae71944395901b93082ad11810d6aa,freqtrade::BenchmarkTD9Exhaustion,BenchmarkTD9Exhaustion,15m,freqtrade::84e2e8d0f2b1d6dcb9e6::BenchmarkTD9Exhaustion,ZRX/USDT:USDT,long,2018-03-28 00:45:00+00:00,2018-03-28 01:00:00+00:00,0.6108,0.6437,0.26405224041548314,76.4864175,13.44025904,13.70833333,0.0,0.28951920000000003,0.0,,benchmark_td9_exhaustion,roi,
bf04d04cc8329ebed7cc9d41d4d21e9c299090b6d800aa087249903850131367,freqtrade::BenchmarkTD9Exhaustion,BenchmarkTD9Exhaustion,15m,freqtrade::84e2e8d0f2b1d6dcb9e6::BenchmarkTD9Exhaustion,ZIL/USDT:USDT,long,2019-01-31 11:15:00+00:00,2019-01-31 11:30:00+00:00,0.0184,0.0187,0.07644275688242835,4.44691,4.01870493,7.14285714,0.0,0.058144,0.0,,benchmark_td9_exhaustion,roi,
0451c40a110837f2a09b2649a833ef13fc48c54ff19ca33a2dd94031a7e47f38,freqtrade::BenchmarkTD9Exhaustion,BenchmarkTD9Exhaustion,15m,freqtrade::84e2e8d0f2b1d6dcb9e6::BenchmarkTD9Exhaustion,ZIL/USDT:USDT,long,2018-09-14 14:15:00+00:00,2018-09-14 15:30:00+00:00,0.0325,0.033,0.07184869103909584,8.644125,3.59243455,6.15384615,0.0,0.12025,0.0,,benchmark_td9_exhaustion,roi,
7d661e1a7e6ea69e2bb87a02810d0f7a32778b7625631a291ff42c89fd364371,freqtrade::BenchmarkTD9Exhaustion,BenchmarkTD9Exhaustion,15m,freqtrade::84e2e8d0f2b1d6dcb9e6::BenchmarkTD9Exhaustion,ZRX/USDT:USDT,long,2020-05-19 04:15:00+00:00,2020-05-19 05:45:00+00:00,0.36,0.363,0.036627519573546555,0.237465,2.63718141,4.0,0.0,0.0064800000000000005,0.0,,benchmark_td9_exhaustion,roi,
f590c283300419bb50a19de66cdce59a4ef8b7ff952005cd34171fb558ff62eb,freqtrade::BenchmarkTD9Exhaustion,BenchmarkTD9Exhaustion,15m,freqtrade::84e2e8d0f2b1d6dcb9e6::BenchmarkTD9Exhaustion,ZRX/USDT:USDT,long,2020-07-05 14:15:00+00:00,2020-07-05 14:15:00+00:00,0.362,0.365,0.03639754708281219,0.184555,2.63518241,4.0,0.0,0.005068,0.0,,benchmark_td9_exhaustion,roi,
5ab1f7a118ab09af43440381699cfb8ab34100b0c625fc624b356044de4efac6,freqtrade::BenchmarkTD9Exhaustion,BenchmarkTD9Exhaustion,15m,freqtrade::84e2e8d0f2b1d6dcb9e6::BenchmarkTD9Exhaustion,ZRX/USDT:USDT,long,2018-03-27 04:30:00+00:00,2018-03-27 05:00:00+00:00,0.5945,0.5785,-0.13942986454628026,-42.627305,-7.20791778,0.0,-6.95652174,0.305573,0.0,,benchmark_td9_exhaustion,stop_loss,
cf23aa4058b41defe93c9b8c0d99a35955962296daa62bfcd400563f238e454a,freqtrade::BenchmarkTD9Exhaustion,BenchmarkTD9Exhaustion,15m,freqtrade::84e2e8d0f2b1d6dcb9e6::BenchmarkTD9Exhaustion,ZRX/USDT:USDT,long,2018-02-08 00:30:00+00:00,2018-02-08 01:00:00+00:00,1.0417,1.0212,-0.10329600487267165,-34.2350055,-5.2489487,0.0,-8.70731707,0.3312606,0.0,,benchmark_td9_exhaustion,stop_loss,
db8533903fab0289cf4c7667c14f2c40f1ada9faff6958e027bfd4c19046955f,freqtrade::BenchmarkTD9Exhaustion,BenchmarkTD9Exhaustion,15m,freqtrade::84e2e8d0f2b1d6dcb9e6::BenchmarkTD9Exhaustion,ZRX/USDT:USDT,long,2018-02-11 03:30:00+00:00,2018-02-11 03:45:00+00:00,1.0291,1.0157,-0.07003786028470557,-22.35472,-3.51590059,0.0,-6.82926829,0.319021,0.0,,benchmark_td9_exhaustion,stop_loss,
680d8ab68d93eff19fae6e8c271c8069240861aa0fe56a7dc0cc2befba9522cf,freqtrade::BenchmarkTD9Exhaustion,BenchmarkTD9Exhaustion,15m,freqtrade::84e2e8d0f2b1d6dcb9e6::BenchmarkTD9Exhaustion,ZIL/USDT:USDT,long,2018-10-15 19:30:00+00:00,2018-10-15 21:00:00+00:00,0.0349,0.0345,-0.06224681355597273,-6.17274,-3.34217507,0.0,-3.07692308,0.099116,0.0,,benchmark_td9_exhaustion,stop_loss,
9aa7f96cf6e9a58c83ff7b14c5abaed0ad790d25b329f4650d8aac2e9d354201,freqtrade::BenchmarkTD9Exhaustion,BenchmarkTD9Exhaustion,15m,freqtrade::84e2e8d0f2b1d6dcb9e6::BenchmarkTD9Exhaustion,ZIL/USDT:USDT,long,2018-08-02 11:00:00+00:00,2018-08-02 11:15:00+00:00,0.05979,0.0591,-0.06264178497805789,-11.091786,-3.25682811,0.0,-3.47826087,0.1769784,0.0,,benchmark_td9_exhaustion,stop_loss,
fca5b9343d57832ba9b5642b3d9a4747b3d347dd63e2953ece74eac924e3f567,freqtrade::BenchmarkTD9Exhaustion,BenchmarkTD9Exhaustion,15m,freqtrade::84e2e8d0f2b1d6dcb9e6::BenchmarkTD9Exhaustion,ZRX/USDT:USDT,long,2018-04-09 12:00:00+00:00,2018-04-09 13:00:00+00:00,0.5377,0.5316,-0.061663886301223575,-25.2780165,-3.15777825,0.0,-2.9047619,0.4097274,0.0,,benchmark_td9_exhaustion,stop_loss,
0205e9b492ad270891cf19d14b845088794f970c527a3484765af62e70a4a258,freqtrade::BenchmarkTD9Exhaustion,BenchmarkTD9Exhaustion,1h,freqtrade::973ac31284e6ed25e6ba::BenchmarkTD9Exhaustion,APT/USDT:USDT,long,2026-01-31 21:00:00+00:00,2026-01-31 21:00:00+00:00,1.224,1.233,0.03173045830026163,5.999598,1.94190405,11.25,-0.25,0.1889856,0.0,,benchmark_td9_exhaustion,roi,
6bad0c72d0a244a6d8dd6850bfdd13caf3b92ca901057d823fbec9688c235166,freqtrade::BenchmarkTD9Exhaustion,BenchmarkTD9Exhaustion,1h,freqtrade::973ac31284e6ed25e6ba::BenchmarkTD9Exhaustion,XRP/USDT:USDT,long,2026-05-18 11:00:00+00:00,2026-05-18 11:00:00+00:00,1.377,1.387,0.0312770267008834,0.982452,1.72273863,3.8,-0.4,0.0313956,0.0,,benchmark_td9_exhaustion,roi,
33f62a2c13dbf9eb82ab3733f39a0701f71f135007e3349e2b5fb20a490cc3be,freqtrade::BenchmarkTD9Exhaustion,BenchmarkTD9Exhaustion,1h,freqtrade::973ac31284e6ed25e6ba::BenchmarkTD9Exhaustion,APT/USDT:USDT,long,2026-01-31 10:00:00+00:00,2026-01-31 10:00:00+00:00,1.38,1.39,0.031198169031426314,7.44336,1.72213893,2.6,-0.4,0.238464,0.0,,benchmark_td9_exhaustion,roi,
83cd8a16d7876cd25852e7aee9bf1f5378446c1f3c5e956053f24a4f9f021ca4,freqtrade::BenchmarkTD9Exhaustion,BenchmarkTD9Exhaustion,1h,freqtrade::973ac31284e6ed25e6ba::BenchmarkTD9Exhaustion,ADA/USDT:USDT,long,2026-06-14 20:00:00+00:00,2026-06-14 20:00:00+00:00,0.1659,0.1671,0.0311327157397793,0.403065,1.72163918,2.16666667,-0.5,0.0129402,0.0,,benchmark_td9_exhaustion,roi,
411ff3ee4440a5029e8ed902925933b81e8c8e229865726334c60fa49288bb61,freqtrade::BenchmarkTD9Exhaustion,BenchmarkTD9Exhaustion,1h,freqtrade::973ac31284e6ed25e6ba::BenchmarkTD9Exhaustion,ADA/USDT:USDT,long,2026-04-10 11:00:00+00:00,2026-04-10 11:00:00+00:00,0.2498,0.2516,0.030995310991421825,1.781695,1.72058415,2.11111111,-0.11111111,0.057454000000000005,0.0,,benchmark_td9_exhaustion,roi,
481b3b887d4c53301d835af83a27e467083d83889dbc6db0cf9c5963393d75bb,freqtrade::BenchmarkTD9Exhaustion,BenchmarkTD9Exhaustion,1h,freqtrade::973ac31284e6ed25e6ba::BenchmarkTD9Exhaustion,ADA/USDT:USDT,long,2026-04-10 09:00:00+00:00,2026-04-10 09:00:00+00:00,0.2499,0.2517,0.03098090810537109,1.78158,1.7204731,2.0,-0.11111111,0.057477,0.0,,benchmark_td9_exhaustion,roi,
57a14cbd1e4e8104b629a0b349f3cc11205719d240c345f1a7746c2ee7f868b3,freqtrade::BenchmarkTD9Exhaustion,BenchmarkTD9Exhaustion,1h,freqtrade::973ac31284e6ed25e6ba::BenchmarkTD9Exhaustion,ADA/USDT:USDT,long,2026-04-23 00:00:00+00:00,2026-04-23 00:00:00+00:00,0.2481,0.2472,-0.023616970233142194,-1.0200402,-1.30208229,1.44444444,-2.55555556,0.043169400000000004,-0.021584700000000002,,benchmark_td9_exhaustion,stop_loss,
fab68c4592e7244d79204c1fed638747c8e85cefb3b8a2b184912e1da7eaf037,freqtrade::BenchmarkTD9Exhaustion,BenchmarkTD9Exhaustion,1h,freqtrade::973ac31284e6ed25e6ba::BenchmarkTD9Exhaustion,ADA/USDT:USDT,long,2026-04-07 00:00:00+00:00,2026-04-07 00:00:00+00:00,0.2458,0.2449,-0.023786520084140193,-1.6496013,-1.29927259,0.55555556,-1.66666667,0.0693156,-0.0346578,,benchmark_td9_exhaustion,stop_loss,
51c84c1a10067a26305ad27361761ea46b4ae43f103ebc046210baabdfa6de64,freqtrade::BenchmarkTD9Exhaustion,BenchmarkTD9Exhaustion,1h,freqtrade::973ac31284e6ed25e6ba::BenchmarkTD9Exhaustion,XRP/USDT:USDT,long,2026-05-19 23:00:00+00:00,2026-05-20 00:00:00+00:00,1.356,1.351,-0.02391687637007455,-0.7462925,-1.29725137,1.8,-1.2,0.031188,-0.015640000000000005,,benchmark_td9_exhaustion,stop_loss,
48c2b3daac199a848fcd1c59343fcac4a3bb1619e21179ac6be6e0db81d84917,freqtrade::BenchmarkTD9Exhaustion,BenchmarkTD9Exhaustion,1h,freqtrade::973ac31284e6ed25e6ba::BenchmarkTD9Exhaustion,ADA/USDT:USDT,long,2026-06-24 13:00:00+00:00,2026-06-24 13:00:00+00:00,0.1479,0.1474,-0.021883919433116437,-0.272013,-1.29465267,0.0,-7.2,0.0124236,0.0,,benchmark_td9_exhaustion,stop_loss,
272fe9268c4d446385cb1e01fb5992f7b090cae2e9fb41752c70bb152fc5afb9,freqtrade::BenchmarkTD9Exhaustion,BenchmarkTD9Exhaustion,1h,freqtrade::973ac31284e6ed25e6ba::BenchmarkTD9Exhaustion,APT/USDT:USDT,long,2026-01-25 22:00:00+00:00,2026-01-25 22:00:00+00:00,1.476,1.471,-0.021918241421294768,-5.5736835,-1.29405297,0.4,-3.0,0.25416720000000004,0.0,,benchmark_td9_exhaustion,stop_loss,
f94417d5da38deb5cc9cf0c82fc5184ca8151a6ac565752622dc7e59cf7b1e54,freqtrade::BenchmarkTD9Exhaustion,BenchmarkTD9Exhaustion,1h,freqtrade::973ac31284e6ed25e6ba::BenchmarkTD9Exhaustion,APT/USDT:USDT,long,2026-01-25 23:00:00+00:00,2026-01-25 23:00:00+00:00,1.469,1.464,-0.021998871224700785,-5.2443315,-1.29265367,4.0,-1.2,0.2382718,0.0,,benchmark_td9_exhaustion,stop_loss,
