exchange,marketType,instrumentId,timeframe,field,start,end,rowCount,coveragePct,unit,source,availableAtRule,causal,pointInTime,hash,datasetId,status,reason
unverified_local_exchange,swap,BTC-USDT-SWAP,1h,open,2020-01-01T00:00:00+00:00,2026-05-17T02:00:00+00:00,55875,99.769659,quote_currency_per_base_currency,user_confirmed_local_history,candle_close_timestamp,True,False,8257950e9ca895d29faeccef58c26ce246e7c26c0364e37277bfbca1f2a9b608,user_local_BTC-USDT-SWAP_1h,ready_proxy,frozen local OHLCV; exchange provenance unverified
unverified_local_exchange,swap,BTC-USDT-SWAP,1h,high,2020-01-01T00:00:00+00:00,2026-05-17T02:00:00+00:00,55875,99.769659,quote_currency_per_base_currency,user_confirmed_local_history,candle_close_timestamp,True,False,8257950e9ca895d29faeccef58c26ce246e7c26c0364e37277bfbca1f2a9b608,user_local_BTC-USDT-SWAP_1h,ready_proxy,frozen local OHLCV; exchange provenance unverified
unverified_local_exchange,swap,BTC-USDT-SWAP,1h,low,2020-01-01T00:00:00+00:00,2026-05-17T02:00:00+00:00,55875,99.769659,quote_currency_per_base_currency,user_confirmed_local_history,candle_close_timestamp,True,False,8257950e9ca895d29faeccef58c26ce246e7c26c0364e37277bfbca1f2a9b608,user_local_BTC-USDT-SWAP_1h,ready_proxy,frozen local OHLCV; exchange provenance unverified
unverified_local_exchange,swap,BTC-USDT-SWAP,1h,close,2020-01-01T00:00:00+00:00,2026-05-17T02:00:00+00:00,55875,99.769659,quote_currency_per_base_currency,user_confirmed_local_history,candle_close_timestamp,True,False,8257950e9ca895d29faeccef58c26ce246e7c26c0364e37277bfbca1f2a9b608,user_local_BTC-USDT-SWAP_1h,ready_proxy,frozen local OHLCV; exchange provenance unverified
unverified_local_exchange,swap,BTC-USDT-SWAP,1h,reported_volume,2020-01-01T00:00:00+00:00,2026-05-17T02:00:00+00:00,55875,99.769659,source_reported_unknown,user_confirmed_local_history,candle_close_timestamp,True,False,8257950e9ca895d29faeccef58c26ce246e7c26c0364e37277bfbca1f2a9b608,user_local_BTC-USDT-SWAP_1h,ready_proxy,frozen local OHLCV; exchange provenance unverified
unverified_local_exchange,swap,BTC-USDT-SWAP,1h,base_volume,2020-01-01T00:00:00+00:00,2026-05-17T02:00:00+00:00,0,0.0,base_currency,user_confirmed_local_history,candle_close_timestamp,True,False,8257950e9ca895d29faeccef58c26ce246e7c26c0364e37277bfbca1f2a9b608,user_local_BTC-USDT-SWAP_1h,unavailable,field is absent or its unit/provenance is not verified in the frozen catalog
unverified_local_exchange,swap,BTC-USDT-SWAP,1h,quote_volume,2020-01-01T00:00:00+00:00,2026-05-17T02:00:00+00:00,0,0.0,quote_currency,user_confirmed_local_history,candle_close_timestamp,True,False,8257950e9ca895d29faeccef58c26ce246e7c26c0364e37277bfbca1f2a9b608,user_local_BTC-USDT-SWAP_1h,unavailable,field is absent or its unit/provenance is not verified in the frozen catalog
unverified_local_exchange,swap,BTC-USDT-SWAP,1h,contract_volume,2020-01-01T00:00:00+00:00,2026-05-17T02:00:00+00:00,0,0.0,contracts,user_confirmed_local_history,candle_close_timestamp,True,False,8257950e9ca895d29faeccef58c26ce246e7c26c0364e37277bfbca1f2a9b608,user_local_BTC-USDT-SWAP_1h,unavailable,field is absent or its unit/provenance is not verified in the frozen catalog
unverified_local_exchange,swap,BTC-USDT-SWAP,1h,quote_turnover,2020-01-01T00:00:00+00:00,2026-05-17T02:00:00+00:00,0,0.0,quote_currency,user_confirmed_local_history,candle_close_timestamp,True,False,8257950e9ca895d29faeccef58c26ce246e7c26c0364e37277bfbca1f2a9b608,user_local_BTC-USDT-SWAP_1h,unavailable,field is absent or its unit/provenance is not verified in the frozen catalog
unverified_local_exchange,swap,BTC-USDT-SWAP,1h,vwap,2020-01-01T00:00:00+00:00,2026-05-17T02:00:00+00:00,0,0.0,quote_currency_per_base_currency,user_confirmed_local_history,candle_close_timestamp,True,False,8257950e9ca895d29faeccef58c26ce246e7c26c0364e37277bfbca1f2a9b608,user_local_BTC-USDT-SWAP_1h,unavailable,field is absent or its unit/provenance is not verified in the frozen catalog
unverified_local_exchange,swap,BTC-USDT-SWAP,1h,btc_returns,2020-01-01T00:00:00+00:00,2026-05-17T02:00:00+00:00,55875,99.769659,decimal_return,user_confirmed_local_history,candle_close_timestamp,True,False,8257950e9ca895d29faeccef58c26ce246e7c26c0364e37277bfbca1f2a9b608,user_local_BTC-USDT-SWAP_1h,derived_proxy,derived causally from synchronized frozen close series
unverified_local_exchange,swap,BTC-USDT-SWAP,1h,residual_beta_inputs,2020-01-01T00:00:00+00:00,2026-05-17T02:00:00+00:00,55875,99.769659,decimal_return,user_confirmed_local_history,candle_close_timestamp,True,False,8257950e9ca895d29faeccef58c26ce246e7c26c0364e37277bfbca1f2a9b608,user_local_BTC-USDT-SWAP_1h,derived_proxy,derived causally from synchronized frozen close series
unverified_local_exchange,swap,BTC-USDT-SWAP,1h,funding_rate,2020-01-01T00:00:00+00:00,2026-05-17T02:00:00+00:00,0,0.0,decimal_rate,user_confirmed_local_history,source_timestamp_plus_publication_delay,True,False,8257950e9ca895d29faeccef58c26ce246e7c26c0364e37277bfbca1f2a9b608,user_local_BTC-USDT-SWAP_1h,unavailable,field is absent or its unit/provenance is not verified in the frozen catalog
unverified_local_exchange,swap,BTC-USDT-SWAP,1h,open_interest,2020-01-01T00:00:00+00:00,2026-05-17T02:00:00+00:00,0,0.0,unavailable,user_confirmed_local_history,unavailable_without_frozen_publication_timestamp,True,False,8257950e9ca895d29faeccef58c26ce246e7c26c0364e37277bfbca1f2a9b608,user_local_BTC-USDT-SWAP_1h,unavailable,field is absent or its unit/provenance is not verified in the frozen catalog
unverified_local_exchange,swap,BTC-USDT-SWAP,1h,basis,2020-01-01T00:00:00+00:00,2026-05-17T02:00:00+00:00,0,0.0,decimal_return,user_confirmed_local_history,unavailable_without_frozen_publication_timestamp,True,False,8257950e9ca895d29faeccef58c26ce246e7c26c0364e37277bfbca1f2a9b608,user_local_BTC-USDT-SWAP_1h,unavailable,field is absent or its unit/provenance is not verified in the frozen catalog
unverified_local_exchange,swap,BTC-USDT-SWAP,1h,spot_price,2020-01-01T00:00:00+00:00,2026-05-17T02:00:00+00:00,0,0.0,quote_currency_per_base_currency,user_confirmed_local_history,candle_close_timestamp,True,False,8257950e9ca895d29faeccef58c26ce246e7c26c0364e37277bfbca1f2a9b608,user_local_BTC-USDT-SWAP_1h,unavailable,field is absent or its unit/provenance is not verified in the frozen catalog
unverified_local_exchange,swap,BTC-USDT-SWAP,1h,perpetual_price,2020-01-01T00:00:00+00:00,2026-05-17T02:00:00+00:00,55875,99.769659,quote_currency_per_base_currency,user_confirmed_local_history,candle_close_timestamp,True,False,8257950e9ca895d29faeccef58c26ce246e7c26c0364e37277bfbca1f2a9b608,user_local_BTC-USDT-SWAP_1h,ready_proxy,frozen local OHLCV; exchange provenance unverified
unverified_local_exchange,swap,BTC-USDT-SWAP,1h,liquidation,2020-01-01T00:00:00+00:00,2026-05-17T02:00:00+00:00,0,0.0,unavailable,user_confirmed_local_history,unavailable_without_frozen_publication_timestamp,True,False,8257950e9ca895d29faeccef58c26ce246e7c26c0364e37277bfbca1f2a9b608,user_local_BTC-USDT-SWAP_1h,unavailable,field is absent or its unit/provenance is not verified in the frozen catalog
unverified_local_exchange,swap,BTC-USDT-SWAP,1h,orderbook,2020-01-01T00:00:00+00:00,2026-05-17T02:00:00+00:00,0,0.0,unavailable,user_confirmed_local_history,unavailable_without_frozen_publication_timestamp,True,False,8257950e9ca895d29faeccef58c26ce246e7c26c0364e37277bfbca1f2a9b608,user_local_BTC-USDT-SWAP_1h,unavailable,field is absent or its unit/provenance is not verified in the frozen catalog
unverified_local_exchange,swap,BTC-USDT-SWAP,1h,instrument_state,2020-01-01T00:00:00+00:00,2026-05-17T02:00:00+00:00,55875,99.769659,state,user_confirmed_local_history,effective_timestamp_of_frozen_snapshot,True,False,8257950e9ca895d29faeccef58c26ce246e7c26c0364e37277bfbca1f2a9b608,user_local_BTC-USDT-SWAP_1h,diagnostic_proxy,listing-state history is incomplete
unverified_local_exchange,swap,BTC-USDT-SWAP,1h,pit_universe,2020-01-01T00:00:00+00:00,2026-05-17T02:00:00+00:00,55875,99.769659,membership,user_confirmed_local_history,effective_timestamp_of_frozen_snapshot,True,False,8257950e9ca895d29faeccef58c26ce246e7c26c0364e37277bfbca1f2a9b608,user_local_BTC-USDT-SWAP_1h,diagnostic_proxy,listing-state history is incomplete
unverified_local_exchange,swap,ETH-USDT-SWAP,1h,open,2020-01-01T00:00:00+00:00,2026-05-17T13:00:00+00:00,55886,99.789301,quote_currency_per_base_currency,user_confirmed_local_history,candle_close_timestamp,True,False,2df64d71c83cb9b80bcc63d63ef129df6c0ac718a207de614f133350d5ccbcfe,user_local_ETH-USDT-SWAP_1h,ready_proxy,frozen local OHLCV; exchange provenance unverified
unverified_local_exchange,swap,ETH-USDT-SWAP,1h,high,2020-01-01T00:00:00+00:00,2026-05-17T13:00:00+00:00,55886,99.789301,quote_currency_per_base_currency,user_confirmed_local_history,candle_close_timestamp,True,False,2df64d71c83cb9b80bcc63d63ef129df6c0ac718a207de614f133350d5ccbcfe,user_local_ETH-USDT-SWAP_1h,ready_proxy,frozen local OHLCV; exchange provenance unverified
unverified_local_exchange,swap,ETH-USDT-SWAP,1h,low,2020-01-01T00:00:00+00:00,2026-05-17T13:00:00+00:00,55886,99.789301,quote_currency_per_base_currency,user_confirmed_local_history,candle_close_timestamp,True,False,2df64d71c83cb9b80bcc63d63ef129df6c0ac718a207de614f133350d5ccbcfe,user_local_ETH-USDT-SWAP_1h,ready_proxy,frozen local OHLCV; exchange provenance unverified
unverified_local_exchange,swap,ETH-USDT-SWAP,1h,close,2020-01-01T00:00:00+00:00,2026-05-17T13:00:00+00:00,55886,99.789301,quote_currency_per_base_currency,user_confirmed_local_history,candle_close_timestamp,True,False,2df64d71c83cb9b80bcc63d63ef129df6c0ac718a207de614f133350d5ccbcfe,user_local_ETH-USDT-SWAP_1h,ready_proxy,frozen local OHLCV; exchange provenance unverified
unverified_local_exchange,swap,ETH-USDT-SWAP,1h,reported_volume,2020-01-01T00:00:00+00:00,2026-05-17T13:00:00+00:00,55886,99.789301,source_reported_unknown,user_confirmed_local_history,candle_close_timestamp,True,False,2df64d71c83cb9b80bcc63d63ef129df6c0ac718a207de614f133350d5ccbcfe,user_local_ETH-USDT-SWAP_1h,ready_proxy,frozen local OHLCV; exchange provenance unverified
unverified_local_exchange,swap,ETH-USDT-SWAP,1h,base_volume,2020-01-01T00:00:00+00:00,2026-05-17T13:00:00+00:00,0,0.0,base_currency,user_confirmed_local_history,candle_close_timestamp,True,False,2df64d71c83cb9b80bcc63d63ef129df6c0ac718a207de614f133350d5ccbcfe,user_local_ETH-USDT-SWAP_1h,unavailable,field is absent or its unit/provenance is not verified in the frozen catalog
unverified_local_exchange,swap,ETH-USDT-SWAP,1h,quote_volume,2020-01-01T00:00:00+00:00,2026-05-17T13:00:00+00:00,0,0.0,quote_currency,user_confirmed_local_history,candle_close_timestamp,True,False,2df64d71c83cb9b80bcc63d63ef129df6c0ac718a207de614f133350d5ccbcfe,user_local_ETH-USDT-SWAP_1h,unavailable,field is absent or its unit/provenance is not verified in the frozen catalog
unverified_local_exchange,swap,ETH-USDT-SWAP,1h,contract_volume,2020-01-01T00:00:00+00:00,2026-05-17T13:00:00+00:00,0,0.0,contracts,user_confirmed_local_history,candle_close_timestamp,True,False,2df64d71c83cb9b80bcc63d63ef129df6c0ac718a207de614f133350d5ccbcfe,user_local_ETH-USDT-SWAP_1h,unavailable,field is absent or its unit/provenance is not verified in the frozen catalog
unverified_local_exchange,swap,ETH-USDT-SWAP,1h,quote_turnover,2020-01-01T00:00:00+00:00,2026-05-17T13:00:00+00:00,0,0.0,quote_currency,user_confirmed_local_history,candle_close_timestamp,True,False,2df64d71c83cb9b80bcc63d63ef129df6c0ac718a207de614f133350d5ccbcfe,user_local_ETH-USDT-SWAP_1h,unavailable,field is absent or its unit/provenance is not verified in the frozen catalog
unverified_local_exchange,swap,ETH-USDT-SWAP,1h,vwap,2020-01-01T00:00:00+00:00,2026-05-17T13:00:00+00:00,0,0.0,quote_currency_per_base_currency,user_confirmed_local_history,candle_close_timestamp,True,False,2df64d71c83cb9b80bcc63d63ef129df6c0ac718a207de614f133350d5ccbcfe,user_local_ETH-USDT-SWAP_1h,unavailable,field is absent or its unit/provenance is not verified in the frozen catalog
unverified_local_exchange,swap,ETH-USDT-SWAP,1h,btc_returns,2020-01-01T00:00:00+00:00,2026-05-17T13:00:00+00:00,55886,99.789301,decimal_return,user_confirmed_local_history,candle_close_timestamp,True,False,2df64d71c83cb9b80bcc63d63ef129df6c0ac718a207de614f133350d5ccbcfe,user_local_ETH-USDT-SWAP_1h,derived_proxy,derived causally from synchronized frozen close series
unverified_local_exchange,swap,ETH-USDT-SWAP,1h,residual_beta_inputs,2020-01-01T00:00:00+00:00,2026-05-17T13:00:00+00:00,55886,99.789301,decimal_return,user_confirmed_local_history,candle_close_timestamp,True,False,2df64d71c83cb9b80bcc63d63ef129df6c0ac718a207de614f133350d5ccbcfe,user_local_ETH-USDT-SWAP_1h,derived_proxy,derived causally from synchronized frozen close series
unverified_local_exchange,swap,ETH-USDT-SWAP,1h,funding_rate,2020-01-01T00:00:00+00:00,2026-05-17T13:00:00+00:00,0,0.0,decimal_rate,user_confirmed_local_history,source_timestamp_plus_publication_delay,True,False,2df64d71c83cb9b80bcc63d63ef129df6c0ac718a207de614f133350d5ccbcfe,user_local_ETH-USDT-SWAP_1h,unavailable,field is absent or its unit/provenance is not verified in the frozen catalog
unverified_local_exchange,swap,ETH-USDT-SWAP,1h,open_interest,2020-01-01T00:00:00+00:00,2026-05-17T13:00:00+00:00,0,0.0,unavailable,user_confirmed_local_history,unavailable_without_frozen_publication_timestamp,True,False,2df64d71c83cb9b80bcc63d63ef129df6c0ac718a207de614f133350d5ccbcfe,user_local_ETH-USDT-SWAP_1h,unavailable,field is absent or its unit/provenance is not verified in the frozen catalog
unverified_local_exchange,swap,ETH-USDT-SWAP,1h,basis,2020-01-01T00:00:00+00:00,2026-05-17T13:00:00+00:00,0,0.0,decimal_return,user_confirmed_local_history,unavailable_without_frozen_publication_timestamp,True,False,2df64d71c83cb9b80bcc63d63ef129df6c0ac718a207de614f133350d5ccbcfe,user_local_ETH-USDT-SWAP_1h,unavailable,field is absent or its unit/provenance is not verified in the frozen catalog
unverified_local_exchange,swap,ETH-USDT-SWAP,1h,spot_price,2020-01-01T00:00:00+00:00,2026-05-17T13:00:00+00:00,0,0.0,quote_currency_per_base_currency,user_confirmed_local_history,candle_close_timestamp,True,False,2df64d71c83cb9b80bcc63d63ef129df6c0ac718a207de614f133350d5ccbcfe,user_local_ETH-USDT-SWAP_1h,unavailable,field is absent or its unit/provenance is not verified in the frozen catalog
unverified_local_exchange,swap,ETH-USDT-SWAP,1h,perpetual_price,2020-01-01T00:00:00+00:00,2026-05-17T13:00:00+00:00,55886,99.789301,quote_currency_per_base_currency,user_confirmed_local_history,candle_close_timestamp,True,False,2df64d71c83cb9b80bcc63d63ef129df6c0ac718a207de614f133350d5ccbcfe,user_local_ETH-USDT-SWAP_1h,ready_proxy,frozen local OHLCV; exchange provenance unverified
unverified_local_exchange,swap,ETH-USDT-SWAP,1h,liquidation,2020-01-01T00:00:00+00:00,2026-05-17T13:00:00+00:00,0,0.0,unavailable,user_confirmed_local_history,unavailable_without_frozen_publication_timestamp,True,False,2df64d71c83cb9b80bcc63d63ef129df6c0ac718a207de614f133350d5ccbcfe,user_local_ETH-USDT-SWAP_1h,unavailable,field is absent or its unit/provenance is not verified in the frozen catalog
unverified_local_exchange,swap,ETH-USDT-SWAP,1h,orderbook,2020-01-01T00:00:00+00:00,2026-05-17T13:00:00+00:00,0,0.0,unavailable,user_confirmed_local_history,unavailable_without_frozen_publication_timestamp,True,False,2df64d71c83cb9b80bcc63d63ef129df6c0ac718a207de614f133350d5ccbcfe,user_local_ETH-USDT-SWAP_1h,unavailable,field is absent or its unit/provenance is not verified in the frozen catalog
unverified_local_exchange,swap,ETH-USDT-SWAP,1h,instrument_state,2020-01-01T00:00:00+00:00,2026-05-17T13:00:00+00:00,55886,99.789301,state,user_confirmed_local_history,effective_timestamp_of_frozen_snapshot,True,False,2df64d71c83cb9b80bcc63d63ef129df6c0ac718a207de614f133350d5ccbcfe,user_local_ETH-USDT-SWAP_1h,diagnostic_proxy,listing-state history is incomplete
unverified_local_exchange,swap,ETH-USDT-SWAP,1h,pit_universe,2020-01-01T00:00:00+00:00,2026-05-17T13:00:00+00:00,55886,99.789301,membership,user_confirmed_local_history,effective_timestamp_of_frozen_snapshot,True,False,2df64d71c83cb9b80bcc63d63ef129df6c0ac718a207de614f133350d5ccbcfe,user_local_ETH-USDT-SWAP_1h,diagnostic_proxy,listing-state history is incomplete
unverified_local_exchange,swap,XRP-USDT-SWAP,1h,open,2020-01-01T00:00:00+00:00,2026-05-22T11:00:00+00:00,56004,100.0,quote_currency_per_base_currency,user_confirmed_local_history,candle_close_timestamp,True,False,c5bc1145f0911c84641d0cead6b3410715bb7c804f6c35049db8414f6375cf68,user_local_XRP-USDT-SWAP_1h,ready_proxy,frozen local OHLCV; exchange provenance unverified
unverified_local_exchange,swap,XRP-USDT-SWAP,1h,high,2020-01-01T00:00:00+00:00,2026-05-22T11:00:00+00:00,56004,100.0,quote_currency_per_base_currency,user_confirmed_local_history,candle_close_timestamp,True,False,c5bc1145f0911c84641d0cead6b3410715bb7c804f6c35049db8414f6375cf68,user_local_XRP-USDT-SWAP_1h,ready_proxy,frozen local OHLCV; exchange provenance unverified
unverified_local_exchange,swap,XRP-USDT-SWAP,1h,low,2020-01-01T00:00:00+00:00,2026-05-22T11:00:00+00:00,56004,100.0,quote_currency_per_base_currency,user_confirmed_local_history,candle_close_timestamp,True,False,c5bc1145f0911c84641d0cead6b3410715bb7c804f6c35049db8414f6375cf68,user_local_XRP-USDT-SWAP_1h,ready_proxy,frozen local OHLCV; exchange provenance unverified
unverified_local_exchange,swap,XRP-USDT-SWAP,1h,close,2020-01-01T00:00:00+00:00,2026-05-22T11:00:00+00:00,56004,100.0,quote_currency_per_base_currency,user_confirmed_local_history,candle_close_timestamp,True,False,c5bc1145f0911c84641d0cead6b3410715bb7c804f6c35049db8414f6375cf68,user_local_XRP-USDT-SWAP_1h,ready_proxy,frozen local OHLCV; exchange provenance unverified
unverified_local_exchange,swap,XRP-USDT-SWAP,1h,reported_volume,2020-01-01T00:00:00+00:00,2026-05-22T11:00:00+00:00,56004,100.0,source_reported_unknown,user_confirmed_local_history,candle_close_timestamp,True,False,c5bc1145f0911c84641d0cead6b3410715bb7c804f6c35049db8414f6375cf68,user_local_XRP-USDT-SWAP_1h,ready_proxy,frozen local OHLCV; exchange provenance unverified
unverified_local_exchange,swap,XRP-USDT-SWAP,1h,base_volume,2020-01-01T00:00:00+00:00,2026-05-22T11:00:00+00:00,0,0.0,base_currency,user_confirmed_local_history,candle_close_timestamp,True,False,c5bc1145f0911c84641d0cead6b3410715bb7c804f6c35049db8414f6375cf68,user_local_XRP-USDT-SWAP_1h,unavailable,field is absent or its unit/provenance is not verified in the frozen catalog
unverified_local_exchange,swap,XRP-USDT-SWAP,1h,quote_volume,2020-01-01T00:00:00+00:00,2026-05-22T11:00:00+00:00,0,0.0,quote_currency,user_confirmed_local_history,candle_close_timestamp,True,False,c5bc1145f0911c84641d0cead6b3410715bb7c804f6c35049db8414f6375cf68,user_local_XRP-USDT-SWAP_1h,unavailable,field is absent or its unit/provenance is not verified in the frozen catalog
unverified_local_exchange,swap,XRP-USDT-SWAP,1h,contract_volume,2020-01-01T00:00:00+00:00,2026-05-22T11:00:00+00:00,0,0.0,contracts,user_confirmed_local_history,candle_close_timestamp,True,False,c5bc1145f0911c84641d0cead6b3410715bb7c804f6c35049db8414f6375cf68,user_local_XRP-USDT-SWAP_1h,unavailable,field is absent or its unit/provenance is not verified in the frozen catalog
unverified_local_exchange,swap,XRP-USDT-SWAP,1h,quote_turnover,2020-01-01T00:00:00+00:00,2026-05-22T11:00:00+00:00,0,0.0,quote_currency,user_confirmed_local_history,candle_close_timestamp,True,False,c5bc1145f0911c84641d0cead6b3410715bb7c804f6c35049db8414f6375cf68,user_local_XRP-USDT-SWAP_1h,unavailable,field is absent or its unit/provenance is not verified in the frozen catalog
unverified_local_exchange,swap,XRP-USDT-SWAP,1h,vwap,2020-01-01T00:00:00+00:00,2026-05-22T11:00:00+00:00,0,0.0,quote_currency_per_base_currency,user_confirmed_local_history,candle_close_timestamp,True,False,c5bc1145f0911c84641d0cead6b3410715bb7c804f6c35049db8414f6375cf68,user_local_XRP-USDT-SWAP_1h,unavailable,field is absent or its unit/provenance is not verified in the frozen catalog
unverified_local_exchange,swap,XRP-USDT-SWAP,1h,btc_returns,2020-01-01T00:00:00+00:00,2026-05-22T11:00:00+00:00,56004,100.0,decimal_return,user_confirmed_local_history,candle_close_timestamp,True,False,c5bc1145f0911c84641d0cead6b3410715bb7c804f6c35049db8414f6375cf68,user_local_XRP-USDT-SWAP_1h,derived_proxy,derived causally from synchronized frozen close series
unverified_local_exchange,swap,XRP-USDT-SWAP,1h,residual_beta_inputs,2020-01-01T00:00:00+00:00,2026-05-22T11:00:00+00:00,56004,100.0,decimal_return,user_confirmed_local_history,candle_close_timestamp,True,False,c5bc1145f0911c84641d0cead6b3410715bb7c804f6c35049db8414f6375cf68,user_local_XRP-USDT-SWAP_1h,derived_proxy,derived causally from synchronized frozen close series
unverified_local_exchange,swap,XRP-USDT-SWAP,1h,funding_rate,2020-01-01T00:00:00+00:00,2026-05-22T11:00:00+00:00,0,0.0,decimal_rate,user_confirmed_local_history,source_timestamp_plus_publication_delay,True,False,c5bc1145f0911c84641d0cead6b3410715bb7c804f6c35049db8414f6375cf68,user_local_XRP-USDT-SWAP_1h,unavailable,field is absent or its unit/provenance is not verified in the frozen catalog
unverified_local_exchange,swap,XRP-USDT-SWAP,1h,open_interest,2020-01-01T00:00:00+00:00,2026-05-22T11:00:00+00:00,0,0.0,unavailable,user_confirmed_local_history,unavailable_without_frozen_publication_timestamp,True,False,c5bc1145f0911c84641d0cead6b3410715bb7c804f6c35049db8414f6375cf68,user_local_XRP-USDT-SWAP_1h,unavailable,field is absent or its unit/provenance is not verified in the frozen catalog
unverified_local_exchange,swap,XRP-USDT-SWAP,1h,basis,2020-01-01T00:00:00+00:00,2026-05-22T11:00:00+00:00,0,0.0,decimal_return,user_confirmed_local_history,unavailable_without_frozen_publication_timestamp,True,False,c5bc1145f0911c84641d0cead6b3410715bb7c804f6c35049db8414f6375cf68,user_local_XRP-USDT-SWAP_1h,unavailable,field is absent or its unit/provenance is not verified in the frozen catalog
unverified_local_exchange,swap,XRP-USDT-SWAP,1h,spot_price,2020-01-01T00:00:00+00:00,2026-05-22T11:00:00+00:00,0,0.0,quote_currency_per_base_currency,user_confirmed_local_history,candle_close_timestamp,True,False,c5bc1145f0911c84641d0cead6b3410715bb7c804f6c35049db8414f6375cf68,user_local_XRP-USDT-SWAP_1h,unavailable,field is absent or its unit/provenance is not verified in the frozen catalog
unverified_local_exchange,swap,XRP-USDT-SWAP,1h,perpetual_price,2020-01-01T00:00:00+00:00,2026-05-22T11:00:00+00:00,56004,100.0,quote_currency_per_base_currency,user_confirmed_local_history,candle_close_timestamp,True,False,c5bc1145f0911c84641d0cead6b3410715bb7c804f6c35049db8414f6375cf68,user_local_XRP-USDT-SWAP_1h,ready_proxy,frozen local OHLCV; exchange provenance unverified
unverified_local_exchange,swap,XRP-USDT-SWAP,1h,liquidation,2020-01-01T00:00:00+00:00,2026-05-22T11:00:00+00:00,0,0.0,unavailable,user_confirmed_local_history,unavailable_without_frozen_publication_timestamp,True,False,c5bc1145f0911c84641d0cead6b3410715bb7c804f6c35049db8414f6375cf68,user_local_XRP-USDT-SWAP_1h,unavailable,field is absent or its unit/provenance is not verified in the frozen catalog
unverified_local_exchange,swap,XRP-USDT-SWAP,1h,orderbook,2020-01-01T00:00:00+00:00,2026-05-22T11:00:00+00:00,0,0.0,unavailable,user_confirmed_local_history,unavailable_without_frozen_publication_timestamp,True,False,c5bc1145f0911c84641d0cead6b3410715bb7c804f6c35049db8414f6375cf68,user_local_XRP-USDT-SWAP_1h,unavailable,field is absent or its unit/provenance is not verified in the frozen catalog
unverified_local_exchange,swap,XRP-USDT-SWAP,1h,instrument_state,2020-01-01T00:00:00+00:00,2026-05-22T11:00:00+00:00,56004,100.0,state,user_confirmed_local_history,effective_timestamp_of_frozen_snapshot,True,False,c5bc1145f0911c84641d0cead6b3410715bb7c804f6c35049db8414f6375cf68,user_local_XRP-USDT-SWAP_1h,diagnostic_proxy,listing-state history is incomplete
unverified_local_exchange,swap,XRP-USDT-SWAP,1h,pit_universe,2020-01-01T00:00:00+00:00,2026-05-22T11:00:00+00:00,56004,100.0,membership,user_confirmed_local_history,effective_timestamp_of_frozen_snapshot,True,False,c5bc1145f0911c84641d0cead6b3410715bb7c804f6c35049db8414f6375cf68,user_local_XRP-USDT-SWAP_1h,diagnostic_proxy,listing-state history is incomplete
unverified_local_exchange,swap,LTC-USDT-SWAP,1h,open,2020-01-01T00:00:00+00:00,2026-05-20T09:00:00+00:00,55954,99.910721,quote_currency_per_base_currency,user_confirmed_local_history,candle_close_timestamp,True,False,d77fc6111288c330c9025ed1651f66908149e8bacb71f18dc7eb5201965452fb,user_local_LTC-USDT-SWAP_1h,ready_proxy,frozen local OHLCV; exchange provenance unverified
unverified_local_exchange,swap,LTC-USDT-SWAP,1h,high,2020-01-01T00:00:00+00:00,2026-05-20T09:00:00+00:00,55954,99.910721,quote_currency_per_base_currency,user_confirmed_local_history,candle_close_timestamp,True,False,d77fc6111288c330c9025ed1651f66908149e8bacb71f18dc7eb5201965452fb,user_local_LTC-USDT-SWAP_1h,ready_proxy,frozen local OHLCV; exchange provenance unverified
unverified_local_exchange,swap,LTC-USDT-SWAP,1h,low,2020-01-01T00:00:00+00:00,2026-05-20T09:00:00+00:00,55954,99.910721,quote_currency_per_base_currency,user_confirmed_local_history,candle_close_timestamp,True,False,d77fc6111288c330c9025ed1651f66908149e8bacb71f18dc7eb5201965452fb,user_local_LTC-USDT-SWAP_1h,ready_proxy,frozen local OHLCV; exchange provenance unverified
unverified_local_exchange,swap,LTC-USDT-SWAP,1h,close,2020-01-01T00:00:00+00:00,2026-05-20T09:00:00+00:00,55954,99.910721,quote_currency_per_base_currency,user_confirmed_local_history,candle_close_timestamp,True,False,d77fc6111288c330c9025ed1651f66908149e8bacb71f18dc7eb5201965452fb,user_local_LTC-USDT-SWAP_1h,ready_proxy,frozen local OHLCV; exchange provenance unverified
unverified_local_exchange,swap,LTC-USDT-SWAP,1h,reported_volume,2020-01-01T00:00:00+00:00,2026-05-20T09:00:00+00:00,55954,99.910721,source_reported_unknown,user_confirmed_local_history,candle_close_timestamp,True,False,d77fc6111288c330c9025ed1651f66908149e8bacb71f18dc7eb5201965452fb,user_local_LTC-USDT-SWAP_1h,ready_proxy,frozen local OHLCV; exchange provenance unverified
unverified_local_exchange,swap,LTC-USDT-SWAP,1h,base_volume,2020-01-01T00:00:00+00:00,2026-05-20T09:00:00+00:00,0,0.0,base_currency,user_confirmed_local_history,candle_close_timestamp,True,False,d77fc6111288c330c9025ed1651f66908149e8bacb71f18dc7eb5201965452fb,user_local_LTC-USDT-SWAP_1h,unavailable,field is absent or its unit/provenance is not verified in the frozen catalog
unverified_local_exchange,swap,LTC-USDT-SWAP,1h,quote_volume,2020-01-01T00:00:00+00:00,2026-05-20T09:00:00+00:00,0,0.0,quote_currency,user_confirmed_local_history,candle_close_timestamp,True,False,d77fc6111288c330c9025ed1651f66908149e8bacb71f18dc7eb5201965452fb,user_local_LTC-USDT-SWAP_1h,unavailable,field is absent or its unit/provenance is not verified in the frozen catalog
unverified_local_exchange,swap,LTC-USDT-SWAP,1h,contract_volume,2020-01-01T00:00:00+00:00,2026-05-20T09:00:00+00:00,0,0.0,contracts,user_confirmed_local_history,candle_close_timestamp,True,False,d77fc6111288c330c9025ed1651f66908149e8bacb71f18dc7eb5201965452fb,user_local_LTC-USDT-SWAP_1h,unavailable,field is absent or its unit/provenance is not verified in the frozen catalog
unverified_local_exchange,swap,LTC-USDT-SWAP,1h,quote_turnover,2020-01-01T00:00:00+00:00,2026-05-20T09:00:00+00:00,0,0.0,quote_currency,user_confirmed_local_history,candle_close_timestamp,True,False,d77fc6111288c330c9025ed1651f66908149e8bacb71f18dc7eb5201965452fb,user_local_LTC-USDT-SWAP_1h,unavailable,field is absent or its unit/provenance is not verified in the frozen catalog
unverified_local_exchange,swap,LTC-USDT-SWAP,1h,vwap,2020-01-01T00:00:00+00:00,2026-05-20T09:00:00+00:00,0,0.0,quote_currency_per_base_currency,user_confirmed_local_history,candle_close_timestamp,True,False,d77fc6111288c330c9025ed1651f66908149e8bacb71f18dc7eb5201965452fb,user_local_LTC-USDT-SWAP_1h,unavailable,field is absent or its unit/provenance is not verified in the frozen catalog
unverified_local_exchange,swap,LTC-USDT-SWAP,1h,btc_returns,2020-01-01T00:00:00+00:00,2026-05-20T09:00:00+00:00,55954,99.910721,decimal_return,user_confirmed_local_history,candle_close_timestamp,True,False,d77fc6111288c330c9025ed1651f66908149e8bacb71f18dc7eb5201965452fb,user_local_LTC-USDT-SWAP_1h,derived_proxy,derived causally from synchronized frozen close series
unverified_local_exchange,swap,LTC-USDT-SWAP,1h,residual_beta_inputs,2020-01-01T00:00:00+00:00,2026-05-20T09:00:00+00:00,55954,99.910721,decimal_return,user_confirmed_local_history,candle_close_timestamp,True,False,d77fc6111288c330c9025ed1651f66908149e8bacb71f18dc7eb5201965452fb,user_local_LTC-USDT-SWAP_1h,derived_proxy,derived causally from synchronized frozen close series
unverified_local_exchange,swap,LTC-USDT-SWAP,1h,funding_rate,2020-01-01T00:00:00+00:00,2026-05-20T09:00:00+00:00,0,0.0,decimal_rate,user_confirmed_local_history,source_timestamp_plus_publication_delay,True,False,d77fc6111288c330c9025ed1651f66908149e8bacb71f18dc7eb5201965452fb,user_local_LTC-USDT-SWAP_1h,unavailable,field is absent or its unit/provenance is not verified in the frozen catalog
unverified_local_exchange,swap,LTC-USDT-SWAP,1h,open_interest,2020-01-01T00:00:00+00:00,2026-05-20T09:00:00+00:00,0,0.0,unavailable,user_confirmed_local_history,unavailable_without_frozen_publication_timestamp,True,False,d77fc6111288c330c9025ed1651f66908149e8bacb71f18dc7eb5201965452fb,user_local_LTC-USDT-SWAP_1h,unavailable,field is absent or its unit/provenance is not verified in the frozen catalog
unverified_local_exchange,swap,LTC-USDT-SWAP,1h,basis,2020-01-01T00:00:00+00:00,2026-05-20T09:00:00+00:00,0,0.0,decimal_return,user_confirmed_local_history,unavailable_without_frozen_publication_timestamp,True,False,d77fc6111288c330c9025ed1651f66908149e8bacb71f18dc7eb5201965452fb,user_local_LTC-USDT-SWAP_1h,unavailable,field is absent or its unit/provenance is not verified in the frozen catalog
unverified_local_exchange,swap,LTC-USDT-SWAP,1h,spot_price,2020-01-01T00:00:00+00:00,2026-05-20T09:00:00+00:00,0,0.0,quote_currency_per_base_currency,user_confirmed_local_history,candle_close_timestamp,True,False,d77fc6111288c330c9025ed1651f66908149e8bacb71f18dc7eb5201965452fb,user_local_LTC-USDT-SWAP_1h,unavailable,field is absent or its unit/provenance is not verified in the frozen catalog
unverified_local_exchange,swap,LTC-USDT-SWAP,1h,perpetual_price,2020-01-01T00:00:00+00:00,2026-05-20T09:00:00+00:00,55954,99.910721,quote_currency_per_base_currency,user_confirmed_local_history,candle_close_timestamp,True,False,d77fc6111288c330c9025ed1651f66908149e8bacb71f18dc7eb5201965452fb,user_local_LTC-USDT-SWAP_1h,ready_proxy,frozen local OHLCV; exchange provenance unverified
unverified_local_exchange,swap,LTC-USDT-SWAP,1h,liquidation,2020-01-01T00:00:00+00:00,2026-05-20T09:00:00+00:00,0,0.0,unavailable,user_confirmed_local_history,unavailable_without_frozen_publication_timestamp,True,False,d77fc6111288c330c9025ed1651f66908149e8bacb71f18dc7eb5201965452fb,user_local_LTC-USDT-SWAP_1h,unavailable,field is absent or its unit/provenance is not verified in the frozen catalog
unverified_local_exchange,swap,LTC-USDT-SWAP,1h,orderbook,2020-01-01T00:00:00+00:00,2026-05-20T09:00:00+00:00,0,0.0,unavailable,user_confirmed_local_history,unavailable_without_frozen_publication_timestamp,True,False,d77fc6111288c330c9025ed1651f66908149e8bacb71f18dc7eb5201965452fb,user_local_LTC-USDT-SWAP_1h,unavailable,field is absent or its unit/provenance is not verified in the frozen catalog
unverified_local_exchange,swap,LTC-USDT-SWAP,1h,instrument_state,2020-01-01T00:00:00+00:00,2026-05-20T09:00:00+00:00,55954,99.910721,state,user_confirmed_local_history,effective_timestamp_of_frozen_snapshot,True,False,d77fc6111288c330c9025ed1651f66908149e8bacb71f18dc7eb5201965452fb,user_local_LTC-USDT-SWAP_1h,diagnostic_proxy,listing-state history is incomplete
unverified_local_exchange,swap,LTC-USDT-SWAP,1h,pit_universe,2020-01-01T00:00:00+00:00,2026-05-20T09:00:00+00:00,55954,99.910721,membership,user_confirmed_local_history,effective_timestamp_of_frozen_snapshot,True,False,d77fc6111288c330c9025ed1651f66908149e8bacb71f18dc7eb5201965452fb,user_local_LTC-USDT-SWAP_1h,diagnostic_proxy,listing-state history is incomplete
unverified_local_exchange,swap,BCH-USDT-SWAP,1h,open,2020-01-01T00:00:00+00:00,2026-05-15T10:00:00+00:00,55835,99.698236,quote_currency_per_base_currency,user_confirmed_local_history,candle_close_timestamp,True,False,584ab7dff9c2a9b4d56cb5055df9f4feb075eedf7f15b71ee0994e92e2a074f0,user_local_BCH-USDT-SWAP_1h,ready_proxy,frozen local OHLCV; exchange provenance unverified
unverified_local_exchange,swap,BCH-USDT-SWAP,1h,high,2020-01-01T00:00:00+00:00,2026-05-15T10:00:00+00:00,55835,99.698236,quote_currency_per_base_currency,user_confirmed_local_history,candle_close_timestamp,True,False,584ab7dff9c2a9b4d56cb5055df9f4feb075eedf7f15b71ee0994e92e2a074f0,user_local_BCH-USDT-SWAP_1h,ready_proxy,frozen local OHLCV; exchange provenance unverified
unverified_local_exchange,swap,BCH-USDT-SWAP,1h,low,2020-01-01T00:00:00+00:00,2026-05-15T10:00:00+00:00,55835,99.698236,quote_currency_per_base_currency,user_confirmed_local_history,candle_close_timestamp,True,False,584ab7dff9c2a9b4d56cb5055df9f4feb075eedf7f15b71ee0994e92e2a074f0,user_local_BCH-USDT-SWAP_1h,ready_proxy,frozen local OHLCV; exchange provenance unverified
unverified_local_exchange,swap,BCH-USDT-SWAP,1h,close,2020-01-01T00:00:00+00:00,2026-05-15T10:00:00+00:00,55835,99.698236,quote_currency_per_base_currency,user_confirmed_local_history,candle_close_timestamp,True,False,584ab7dff9c2a9b4d56cb5055df9f4feb075eedf7f15b71ee0994e92e2a074f0,user_local_BCH-USDT-SWAP_1h,ready_proxy,frozen local OHLCV; exchange provenance unverified
unverified_local_exchange,swap,BCH-USDT-SWAP,1h,reported_volume,2020-01-01T00:00:00+00:00,2026-05-15T10:00:00+00:00,55835,99.698236,source_reported_unknown,user_confirmed_local_history,candle_close_timestamp,True,False,584ab7dff9c2a9b4d56cb5055df9f4feb075eedf7f15b71ee0994e92e2a074f0,user_local_BCH-USDT-SWAP_1h,ready_proxy,frozen local OHLCV; exchange provenance unverified
unverified_local_exchange,swap,BCH-USDT-SWAP,1h,base_volume,2020-01-01T00:00:00+00:00,2026-05-15T10:00:00+00:00,0,0.0,base_currency,user_confirmed_local_history,candle_close_timestamp,True,False,584ab7dff9c2a9b4d56cb5055df9f4feb075eedf7f15b71ee0994e92e2a074f0,user_local_BCH-USDT-SWAP_1h,unavailable,field is absent or its unit/provenance is not verified in the frozen catalog
unverified_local_exchange,swap,BCH-USDT-SWAP,1h,quote_volume,2020-01-01T00:00:00+00:00,2026-05-15T10:00:00+00:00,0,0.0,quote_currency,user_confirmed_local_history,candle_close_timestamp,True,False,584ab7dff9c2a9b4d56cb5055df9f4feb075eedf7f15b71ee0994e92e2a074f0,user_local_BCH-USDT-SWAP_1h,unavailable,field is absent or its unit/provenance is not verified in the frozen catalog
unverified_local_exchange,swap,BCH-USDT-SWAP,1h,contract_volume,2020-01-01T00:00:00+00:00,2026-05-15T10:00:00+00:00,0,0.0,contracts,user_confirmed_local_history,candle_close_timestamp,True,False,584ab7dff9c2a9b4d56cb5055df9f4feb075eedf7f15b71ee0994e92e2a074f0,user_local_BCH-USDT-SWAP_1h,unavailable,field is absent or its unit/provenance is not verified in the frozen catalog
unverified_local_exchange,swap,BCH-USDT-SWAP,1h,quote_turnover,2020-01-01T00:00:00+00:00,2026-05-15T10:00:00+00:00,0,0.0,quote_currency,user_confirmed_local_history,candle_close_timestamp,True,False,584ab7dff9c2a9b4d56cb5055df9f4feb075eedf7f15b71ee0994e92e2a074f0,user_local_BCH-USDT-SWAP_1h,unavailable,field is absent or its unit/provenance is not verified in the frozen catalog
unverified_local_exchange,swap,BCH-USDT-SWAP,1h,vwap,2020-01-01T00:00:00+00:00,2026-05-15T10:00:00+00:00,0,0.0,quote_currency_per_base_currency,user_confirmed_local_history,candle_close_timestamp,True,False,584ab7dff9c2a9b4d56cb5055df9f4feb075eedf7f15b71ee0994e92e2a074f0,user_local_BCH-USDT-SWAP_1h,unavailable,field is absent or its unit/provenance is not verified in the frozen catalog
unverified_local_exchange,swap,BCH-USDT-SWAP,1h,btc_returns,2020-01-01T00:00:00+00:00,2026-05-15T10:00:00+00:00,55835,99.698236,decimal_return,user_confirmed_local_history,candle_close_timestamp,True,False,584ab7dff9c2a9b4d56cb5055df9f4feb075eedf7f15b71ee0994e92e2a074f0,user_local_BCH-USDT-SWAP_1h,derived_proxy,derived causally from synchronized frozen close series
unverified_local_exchange,swap,BCH-USDT-SWAP,1h,residual_beta_inputs,2020-01-01T00:00:00+00:00,2026-05-15T10:00:00+00:00,55835,99.698236,decimal_return,user_confirmed_local_history,candle_close_timestamp,True,False,584ab7dff9c2a9b4d56cb5055df9f4feb075eedf7f15b71ee0994e92e2a074f0,user_local_BCH-USDT-SWAP_1h,derived_proxy,derived causally from synchronized frozen close series
unverified_local_exchange,swap,BCH-USDT-SWAP,1h,funding_rate,2020-01-01T00:00:00+00:00,2026-05-15T10:00:00+00:00,0,0.0,decimal_rate,user_confirmed_local_history,source_timestamp_plus_publication_delay,True,False,584ab7dff9c2a9b4d56cb5055df9f4feb075eedf7f15b71ee0994e92e2a074f0,user_local_BCH-USDT-SWAP_1h,unavailable,field is absent or its unit/provenance is not verified in the frozen catalog
unverified_local_exchange,swap,BCH-USDT-SWAP,1h,open_interest,2020-01-01T00:00:00+00:00,2026-05-15T10:00:00+00:00,0,0.0,unavailable,user_confirmed_local_history,unavailable_without_frozen_publication_timestamp,True,False,584ab7dff9c2a9b4d56cb5055df9f4feb075eedf7f15b71ee0994e92e2a074f0,user_local_BCH-USDT-SWAP_1h,unavailable,field is absent or its unit/provenance is not verified in the frozen catalog
unverified_local_exchange,swap,BCH-USDT-SWAP,1h,basis,2020-01-01T00:00:00+00:00,2026-05-15T10:00:00+00:00,0,0.0,decimal_return,user_confirmed_local_history,unavailable_without_frozen_publication_timestamp,True,False,584ab7dff9c2a9b4d56cb5055df9f4feb075eedf7f15b71ee0994e92e2a074f0,user_local_BCH-USDT-SWAP_1h,unavailable,field is absent or its unit/provenance is not verified in the frozen catalog
unverified_local_exchange,swap,BCH-USDT-SWAP,1h,spot_price,2020-01-01T00:00:00+00:00,2026-05-15T10:00:00+00:00,0,0.0,quote_currency_per_base_currency,user_confirmed_local_history,candle_close_timestamp,True,False,584ab7dff9c2a9b4d56cb5055df9f4feb075eedf7f15b71ee0994e92e2a074f0,user_local_BCH-USDT-SWAP_1h,unavailable,field is absent or its unit/provenance is not verified in the frozen catalog
unverified_local_exchange,swap,BCH-USDT-SWAP,1h,perpetual_price,2020-01-01T00:00:00+00:00,2026-05-15T10:00:00+00:00,55835,99.698236,quote_currency_per_base_currency,user_confirmed_local_history,candle_close_timestamp,True,False,584ab7dff9c2a9b4d56cb5055df9f4feb075eedf7f15b71ee0994e92e2a074f0,user_local_BCH-USDT-SWAP_1h,ready_proxy,frozen local OHLCV; exchange provenance unverified
unverified_local_exchange,swap,BCH-USDT-SWAP,1h,liquidation,2020-01-01T00:00:00+00:00,2026-05-15T10:00:00+00:00,0,0.0,unavailable,user_confirmed_local_history,unavailable_without_frozen_publication_timestamp,True,False,584ab7dff9c2a9b4d56cb5055df9f4feb075eedf7f15b71ee0994e92e2a074f0,user_local_BCH-USDT-SWAP_1h,unavailable,field is absent or its unit/provenance is not verified in the frozen catalog
unverified_local_exchange,swap,BCH-USDT-SWAP,1h,orderbook,2020-01-01T00:00:00+00:00,2026-05-15T10:00:00+00:00,0,0.0,unavailable,user_confirmed_local_history,unavailable_without_frozen_publication_timestamp,True,False,584ab7dff9c2a9b4d56cb5055df9f4feb075eedf7f15b71ee0994e92e2a074f0,user_local_BCH-USDT-SWAP_1h,unavailable,field is absent or its unit/provenance is not verified in the frozen catalog
unverified_local_exchange,swap,BCH-USDT-SWAP,1h,instrument_state,2020-01-01T00:00:00+00:00,2026-05-15T10:00:00+00:00,55835,99.698236,state,user_confirmed_local_history,effective_timestamp_of_frozen_snapshot,True,False,584ab7dff9c2a9b4d56cb5055df9f4feb075eedf7f15b71ee0994e92e2a074f0,user_local_BCH-USDT-SWAP_1h,diagnostic_proxy,listing-state history is incomplete
unverified_local_exchange,swap,BCH-USDT-SWAP,1h,pit_universe,2020-01-01T00:00:00+00:00,2026-05-15T10:00:00+00:00,55835,99.698236,membership,user_confirmed_local_history,effective_timestamp_of_frozen_snapshot,True,False,584ab7dff9c2a9b4d56cb5055df9f4feb075eedf7f15b71ee0994e92e2a074f0,user_local_BCH-USDT-SWAP_1h,diagnostic_proxy,listing-state history is incomplete
unverified_local_exchange,swap,ETC-USDT-SWAP,1h,open,2020-01-01T00:00:00+00:00,2026-05-17T13:00:00+00:00,55886,99.789301,quote_currency_per_base_currency,user_confirmed_local_history,candle_close_timestamp,True,False,5cded151ca22bdb3faafb9be9e45af1d23d5a5074d2c3aa7884cdc477d26dc7a,user_local_ETC-USDT-SWAP_1h,ready_proxy,frozen local OHLCV; exchange provenance unverified
unverified_local_exchange,swap,ETC-USDT-SWAP,1h,high,2020-01-01T00:00:00+00:00,2026-05-17T13:00:00+00:00,55886,99.789301,quote_currency_per_base_currency,user_confirmed_local_history,candle_close_timestamp,True,False,5cded151ca22bdb3faafb9be9e45af1d23d5a5074d2c3aa7884cdc477d26dc7a,user_local_ETC-USDT-SWAP_1h,ready_proxy,frozen local OHLCV; exchange provenance unverified
unverified_local_exchange,swap,ETC-USDT-SWAP,1h,low,2020-01-01T00:00:00+00:00,2026-05-17T13:00:00+00:00,55886,99.789301,quote_currency_per_base_currency,user_confirmed_local_history,candle_close_timestamp,True,False,5cded151ca22bdb3faafb9be9e45af1d23d5a5074d2c3aa7884cdc477d26dc7a,user_local_ETC-USDT-SWAP_1h,ready_proxy,frozen local OHLCV; exchange provenance unverified
unverified_local_exchange,swap,ETC-USDT-SWAP,1h,close,2020-01-01T00:00:00+00:00,2026-05-17T13:00:00+00:00,55886,99.789301,quote_currency_per_base_currency,user_confirmed_local_history,candle_close_timestamp,True,False,5cded151ca22bdb3faafb9be9e45af1d23d5a5074d2c3aa7884cdc477d26dc7a,user_local_ETC-USDT-SWAP_1h,ready_proxy,frozen local OHLCV; exchange provenance unverified
unverified_local_exchange,swap,ETC-USDT-SWAP,1h,reported_volume,2020-01-01T00:00:00+00:00,2026-05-17T13:00:00+00:00,55886,99.789301,source_reported_unknown,user_confirmed_local_history,candle_close_timestamp,True,False,5cded151ca22bdb3faafb9be9e45af1d23d5a5074d2c3aa7884cdc477d26dc7a,user_local_ETC-USDT-SWAP_1h,ready_proxy,frozen local OHLCV; exchange provenance unverified
unverified_local_exchange,swap,ETC-USDT-SWAP,1h,base_volume,2020-01-01T00:00:00+00:00,2026-05-17T13:00:00+00:00,0,0.0,base_currency,user_confirmed_local_history,candle_close_timestamp,True,False,5cded151ca22bdb3faafb9be9e45af1d23d5a5074d2c3aa7884cdc477d26dc7a,user_local_ETC-USDT-SWAP_1h,unavailable,field is absent or its unit/provenance is not verified in the frozen catalog
unverified_local_exchange,swap,ETC-USDT-SWAP,1h,quote_volume,2020-01-01T00:00:00+00:00,2026-05-17T13:00:00+00:00,0,0.0,quote_currency,user_confirmed_local_history,candle_close_timestamp,True,False,5cded151ca22bdb3faafb9be9e45af1d23d5a5074d2c3aa7884cdc477d26dc7a,user_local_ETC-USDT-SWAP_1h,unavailable,field is absent or its unit/provenance is not verified in the frozen catalog
unverified_local_exchange,swap,ETC-USDT-SWAP,1h,contract_volume,2020-01-01T00:00:00+00:00,2026-05-17T13:00:00+00:00,0,0.0,contracts,user_confirmed_local_history,candle_close_timestamp,True,False,5cded151ca22bdb3faafb9be9e45af1d23d5a5074d2c3aa7884cdc477d26dc7a,user_local_ETC-USDT-SWAP_1h,unavailable,field is absent or its unit/provenance is not verified in the frozen catalog
unverified_local_exchange,swap,ETC-USDT-SWAP,1h,quote_turnover,2020-01-01T00:00:00+00:00,2026-05-17T13:00:00+00:00,0,0.0,quote_currency,user_confirmed_local_history,candle_close_timestamp,True,False,5cded151ca22bdb3faafb9be9e45af1d23d5a5074d2c3aa7884cdc477d26dc7a,user_local_ETC-USDT-SWAP_1h,unavailable,field is absent or its unit/provenance is not verified in the frozen catalog
unverified_local_exchange,swap,ETC-USDT-SWAP,1h,vwap,2020-01-01T00:00:00+00:00,2026-05-17T13:00:00+00:00,0,0.0,quote_currency_per_base_currency,user_confirmed_local_history,candle_close_timestamp,True,False,5cded151ca22bdb3faafb9be9e45af1d23d5a5074d2c3aa7884cdc477d26dc7a,user_local_ETC-USDT-SWAP_1h,unavailable,field is absent or its unit/provenance is not verified in the frozen catalog
unverified_local_exchange,swap,ETC-USDT-SWAP,1h,btc_returns,2020-01-01T00:00:00+00:00,2026-05-17T13:00:00+00:00,55886,99.789301,decimal_return,user_confirmed_local_history,candle_close_timestamp,True,False,5cded151ca22bdb3faafb9be9e45af1d23d5a5074d2c3aa7884cdc477d26dc7a,user_local_ETC-USDT-SWAP_1h,derived_proxy,derived causally from synchronized frozen close series
unverified_local_exchange,swap,ETC-USDT-SWAP,1h,residual_beta_inputs,2020-01-01T00:00:00+00:00,2026-05-17T13:00:00+00:00,55886,99.789301,decimal_return,user_confirmed_local_history,candle_close_timestamp,True,False,5cded151ca22bdb3faafb9be9e45af1d23d5a5074d2c3aa7884cdc477d26dc7a,user_local_ETC-USDT-SWAP_1h,derived_proxy,derived causally from synchronized frozen close series
unverified_local_exchange,swap,ETC-USDT-SWAP,1h,funding_rate,2020-01-01T00:00:00+00:00,2026-05-17T13:00:00+00:00,0,0.0,decimal_rate,user_confirmed_local_history,source_timestamp_plus_publication_delay,True,False,5cded151ca22bdb3faafb9be9e45af1d23d5a5074d2c3aa7884cdc477d26dc7a,user_local_ETC-USDT-SWAP_1h,unavailable,field is absent or its unit/provenance is not verified in the frozen catalog
unverified_local_exchange,swap,ETC-USDT-SWAP,1h,open_interest,2020-01-01T00:00:00+00:00,2026-05-17T13:00:00+00:00,0,0.0,unavailable,user_confirmed_local_history,unavailable_without_frozen_publication_timestamp,True,False,5cded151ca22bdb3faafb9be9e45af1d23d5a5074d2c3aa7884cdc477d26dc7a,user_local_ETC-USDT-SWAP_1h,unavailable,field is absent or its unit/provenance is not verified in the frozen catalog
unverified_local_exchange,swap,ETC-USDT-SWAP,1h,basis,2020-01-01T00:00:00+00:00,2026-05-17T13:00:00+00:00,0,0.0,decimal_return,user_confirmed_local_history,unavailable_without_frozen_publication_timestamp,True,False,5cded151ca22bdb3faafb9be9e45af1d23d5a5074d2c3aa7884cdc477d26dc7a,user_local_ETC-USDT-SWAP_1h,unavailable,field is absent or its unit/provenance is not verified in the frozen catalog
unverified_local_exchange,swap,ETC-USDT-SWAP,1h,spot_price,2020-01-01T00:00:00+00:00,2026-05-17T13:00:00+00:00,0,0.0,quote_currency_per_base_currency,user_confirmed_local_history,candle_close_timestamp,True,False,5cded151ca22bdb3faafb9be9e45af1d23d5a5074d2c3aa7884cdc477d26dc7a,user_local_ETC-USDT-SWAP_1h,unavailable,field is absent or its unit/provenance is not verified in the frozen catalog
unverified_local_exchange,swap,ETC-USDT-SWAP,1h,perpetual_price,2020-01-01T00:00:00+00:00,2026-05-17T13:00:00+00:00,55886,99.789301,quote_currency_per_base_currency,user_confirmed_local_history,candle_close_timestamp,True,False,5cded151ca22bdb3faafb9be9e45af1d23d5a5074d2c3aa7884cdc477d26dc7a,user_local_ETC-USDT-SWAP_1h,ready_proxy,frozen local OHLCV; exchange provenance unverified
unverified_local_exchange,swap,ETC-USDT-SWAP,1h,liquidation,2020-01-01T00:00:00+00:00,2026-05-17T13:00:00+00:00,0,0.0,unavailable,user_confirmed_local_history,unavailable_without_frozen_publication_timestamp,True,False,5cded151ca22bdb3faafb9be9e45af1d23d5a5074d2c3aa7884cdc477d26dc7a,user_local_ETC-USDT-SWAP_1h,unavailable,field is absent or its unit/provenance is not verified in the frozen catalog
unverified_local_exchange,swap,ETC-USDT-SWAP,1h,orderbook,2020-01-01T00:00:00+00:00,2026-05-17T13:00:00+00:00,0,0.0,unavailable,user_confirmed_local_history,unavailable_without_frozen_publication_timestamp,True,False,5cded151ca22bdb3faafb9be9e45af1d23d5a5074d2c3aa7884cdc477d26dc7a,user_local_ETC-USDT-SWAP_1h,unavailable,field is absent or its unit/provenance is not verified in the frozen catalog
unverified_local_exchange,swap,ETC-USDT-SWAP,1h,instrument_state,2020-01-01T00:00:00+00:00,2026-05-17T13:00:00+00:00,55886,99.789301,state,user_confirmed_local_history,effective_timestamp_of_frozen_snapshot,True,False,5cded151ca22bdb3faafb9be9e45af1d23d5a5074d2c3aa7884cdc477d26dc7a,user_local_ETC-USDT-SWAP_1h,diagnostic_proxy,listing-state history is incomplete
unverified_local_exchange,swap,ETC-USDT-SWAP,1h,pit_universe,2020-01-01T00:00:00+00:00,2026-05-17T13:00:00+00:00,55886,99.789301,membership,user_confirmed_local_history,effective_timestamp_of_frozen_snapshot,True,False,5cded151ca22bdb3faafb9be9e45af1d23d5a5074d2c3aa7884cdc477d26dc7a,user_local_ETC-USDT-SWAP_1h,diagnostic_proxy,listing-state history is incomplete
unverified_local_exchange,swap,ADA-USDT-SWAP,1h,open,2020-03-10T09:00:00+00:00,2026-05-11T11:00:00+00:00,54075,96.555603,quote_currency_per_base_currency,user_confirmed_local_history,candle_close_timestamp,True,False,8883858ed3c24ff919408e9869e4d122937e5d41d44cd7207c2323a4e4197151,user_local_ADA-USDT-SWAP_1h,ready_proxy,frozen local OHLCV; exchange provenance unverified
unverified_local_exchange,swap,ADA-USDT-SWAP,1h,high,2020-03-10T09:00:00+00:00,2026-05-11T11:00:00+00:00,54075,96.555603,quote_currency_per_base_currency,user_confirmed_local_history,candle_close_timestamp,True,False,8883858ed3c24ff919408e9869e4d122937e5d41d44cd7207c2323a4e4197151,user_local_ADA-USDT-SWAP_1h,ready_proxy,frozen local OHLCV; exchange provenance unverified
unverified_local_exchange,swap,ADA-USDT-SWAP,1h,low,2020-03-10T09:00:00+00:00,2026-05-11T11:00:00+00:00,54075,96.555603,quote_currency_per_base_currency,user_confirmed_local_history,candle_close_timestamp,True,False,8883858ed3c24ff919408e9869e4d122937e5d41d44cd7207c2323a4e4197151,user_local_ADA-USDT-SWAP_1h,ready_proxy,frozen local OHLCV; exchange provenance unverified
unverified_local_exchange,swap,ADA-USDT-SWAP,1h,close,2020-03-10T09:00:00+00:00,2026-05-11T11:00:00+00:00,54075,96.555603,quote_currency_per_base_currency,user_confirmed_local_history,candle_close_timestamp,True,False,8883858ed3c24ff919408e9869e4d122937e5d41d44cd7207c2323a4e4197151,user_local_ADA-USDT-SWAP_1h,ready_proxy,frozen local OHLCV; exchange provenance unverified
unverified_local_exchange,swap,ADA-USDT-SWAP,1h,reported_volume,2020-03-10T09:00:00+00:00,2026-05-11T11:00:00+00:00,54075,96.555603,source_reported_unknown,user_confirmed_local_history,candle_close_timestamp,True,False,8883858ed3c24ff919408e9869e4d122937e5d41d44cd7207c2323a4e4197151,user_local_ADA-USDT-SWAP_1h,ready_proxy,frozen local OHLCV; exchange provenance unverified
unverified_local_exchange,swap,ADA-USDT-SWAP,1h,base_volume,2020-03-10T09:00:00+00:00,2026-05-11T11:00:00+00:00,0,0.0,base_currency,user_confirmed_local_history,candle_close_timestamp,True,False,8883858ed3c24ff919408e9869e4d122937e5d41d44cd7207c2323a4e4197151,user_local_ADA-USDT-SWAP_1h,unavailable,field is absent or its unit/provenance is not verified in the frozen catalog
unverified_local_exchange,swap,ADA-USDT-SWAP,1h,quote_volume,2020-03-10T09:00:00+00:00,2026-05-11T11:00:00+00:00,0,0.0,quote_currency,user_confirmed_local_history,candle_close_timestamp,True,False,8883858ed3c24ff919408e9869e4d122937e5d41d44cd7207c2323a4e4197151,user_local_ADA-USDT-SWAP_1h,unavailable,field is absent or its unit/provenance is not verified in the frozen catalog
unverified_local_exchange,swap,ADA-USDT-SWAP,1h,contract_volume,2020-03-10T09:00:00+00:00,2026-05-11T11:00:00+00:00,0,0.0,contracts,user_confirmed_local_history,candle_close_timestamp,True,False,8883858ed3c24ff919408e9869e4d122937e5d41d44cd7207c2323a4e4197151,user_local_ADA-USDT-SWAP_1h,unavailable,field is absent or its unit/provenance is not verified in the frozen catalog
unverified_local_exchange,swap,ADA-USDT-SWAP,1h,quote_turnover,2020-03-10T09:00:00+00:00,2026-05-11T11:00:00+00:00,0,0.0,quote_currency,user_confirmed_local_history,candle_close_timestamp,True,False,8883858ed3c24ff919408e9869e4d122937e5d41d44cd7207c2323a4e4197151,user_local_ADA-USDT-SWAP_1h,unavailable,field is absent or its unit/provenance is not verified in the frozen catalog
unverified_local_exchange,swap,ADA-USDT-SWAP,1h,vwap,2020-03-10T09:00:00+00:00,2026-05-11T11:00:00+00:00,0,0.0,quote_currency_per_base_currency,user_confirmed_local_history,candle_close_timestamp,True,False,8883858ed3c24ff919408e9869e4d122937e5d41d44cd7207c2323a4e4197151,user_local_ADA-USDT-SWAP_1h,unavailable,field is absent or its unit/provenance is not verified in the frozen catalog
unverified_local_exchange,swap,ADA-USDT-SWAP,1h,btc_returns,2020-03-10T09:00:00+00:00,2026-05-11T11:00:00+00:00,54075,96.555603,decimal_return,user_confirmed_local_history,candle_close_timestamp,True,False,8883858ed3c24ff919408e9869e4d122937e5d41d44cd7207c2323a4e4197151,user_local_ADA-USDT-SWAP_1h,derived_proxy,derived causally from synchronized frozen close series
unverified_local_exchange,swap,ADA-USDT-SWAP,1h,residual_beta_inputs,2020-03-10T09:00:00+00:00,2026-05-11T11:00:00+00:00,54075,96.555603,decimal_return,user_confirmed_local_history,candle_close_timestamp,True,False,8883858ed3c24ff919408e9869e4d122937e5d41d44cd7207c2323a4e4197151,user_local_ADA-USDT-SWAP_1h,derived_proxy,derived causally from synchronized frozen close series
unverified_local_exchange,swap,ADA-USDT-SWAP,1h,funding_rate,2020-03-10T09:00:00+00:00,2026-05-11T11:00:00+00:00,0,0.0,decimal_rate,user_confirmed_local_history,source_timestamp_plus_publication_delay,True,False,8883858ed3c24ff919408e9869e4d122937e5d41d44cd7207c2323a4e4197151,user_local_ADA-USDT-SWAP_1h,unavailable,field is absent or its unit/provenance is not verified in the frozen catalog
unverified_local_exchange,swap,ADA-USDT-SWAP,1h,open_interest,2020-03-10T09:00:00+00:00,2026-05-11T11:00:00+00:00,0,0.0,unavailable,user_confirmed_local_history,unavailable_without_frozen_publication_timestamp,True,False,8883858ed3c24ff919408e9869e4d122937e5d41d44cd7207c2323a4e4197151,user_local_ADA-USDT-SWAP_1h,unavailable,field is absent or its unit/provenance is not verified in the frozen catalog
unverified_local_exchange,swap,ADA-USDT-SWAP,1h,basis,2020-03-10T09:00:00+00:00,2026-05-11T11:00:00+00:00,0,0.0,decimal_return,user_confirmed_local_history,unavailable_without_frozen_publication_timestamp,True,False,8883858ed3c24ff919408e9869e4d122937e5d41d44cd7207c2323a4e4197151,user_local_ADA-USDT-SWAP_1h,unavailable,field is absent or its unit/provenance is not verified in the frozen catalog
unverified_local_exchange,swap,ADA-USDT-SWAP,1h,spot_price,2020-03-10T09:00:00+00:00,2026-05-11T11:00:00+00:00,0,0.0,quote_currency_per_base_currency,user_confirmed_local_history,candle_close_timestamp,True,False,8883858ed3c24ff919408e9869e4d122937e5d41d44cd7207c2323a4e4197151,user_local_ADA-USDT-SWAP_1h,unavailable,field is absent or its unit/provenance is not verified in the frozen catalog
unverified_local_exchange,swap,ADA-USDT-SWAP,1h,perpetual_price,2020-03-10T09:00:00+00:00,2026-05-11T11:00:00+00:00,54075,96.555603,quote_currency_per_base_currency,user_confirmed_local_history,candle_close_timestamp,True,False,8883858ed3c24ff919408e9869e4d122937e5d41d44cd7207c2323a4e4197151,user_local_ADA-USDT-SWAP_1h,ready_proxy,frozen local OHLCV; exchange provenance unverified
unverified_local_exchange,swap,ADA-USDT-SWAP,1h,liquidation,2020-03-10T09:00:00+00:00,2026-05-11T11:00:00+00:00,0,0.0,unavailable,user_confirmed_local_history,unavailable_without_frozen_publication_timestamp,True,False,8883858ed3c24ff919408e9869e4d122937e5d41d44cd7207c2323a4e4197151,user_local_ADA-USDT-SWAP_1h,unavailable,field is absent or its unit/provenance is not verified in the frozen catalog
unverified_local_exchange,swap,ADA-USDT-SWAP,1h,orderbook,2020-03-10T09:00:00+00:00,2026-05-11T11:00:00+00:00,0,0.0,unavailable,user_confirmed_local_history,unavailable_without_frozen_publication_timestamp,True,False,8883858ed3c24ff919408e9869e4d122937e5d41d44cd7207c2323a4e4197151,user_local_ADA-USDT-SWAP_1h,unavailable,field is absent or its unit/provenance is not verified in the frozen catalog
unverified_local_exchange,swap,ADA-USDT-SWAP,1h,instrument_state,2020-03-10T09:00:00+00:00,2026-05-11T11:00:00+00:00,54075,96.555603,state,user_confirmed_local_history,effective_timestamp_of_frozen_snapshot,True,False,8883858ed3c24ff919408e9869e4d122937e5d41d44cd7207c2323a4e4197151,user_local_ADA-USDT-SWAP_1h,diagnostic_proxy,listing-state history is incomplete
unverified_local_exchange,swap,ADA-USDT-SWAP,1h,pit_universe,2020-03-10T09:00:00+00:00,2026-05-11T11:00:00+00:00,54075,96.555603,membership,user_confirmed_local_history,effective_timestamp_of_frozen_snapshot,True,False,8883858ed3c24ff919408e9869e4d122937e5d41d44cd7207c2323a4e4197151,user_local_ADA-USDT-SWAP_1h,diagnostic_proxy,listing-state history is incomplete
unverified_local_exchange,swap,LINK-USDT-SWAP,1h,open,2020-03-06T11:00:00+00:00,2026-05-19T12:00:00+00:00,54362,97.068067,quote_currency_per_base_currency,user_confirmed_local_history,candle_close_timestamp,True,False,a1a4ab9d669762dce2b4f215189ecd3f69403c56bf638996cd17ce5361ca1da8,user_local_LINK-USDT-SWAP_1h,ready_proxy,frozen local OHLCV; exchange provenance unverified
unverified_local_exchange,swap,LINK-USDT-SWAP,1h,high,2020-03-06T11:00:00+00:00,2026-05-19T12:00:00+00:00,54362,97.068067,quote_currency_per_base_currency,user_confirmed_local_history,candle_close_timestamp,True,False,a1a4ab9d669762dce2b4f215189ecd3f69403c56bf638996cd17ce5361ca1da8,user_local_LINK-USDT-SWAP_1h,ready_proxy,frozen local OHLCV; exchange provenance unverified
unverified_local_exchange,swap,LINK-USDT-SWAP,1h,low,2020-03-06T11:00:00+00:00,2026-05-19T12:00:00+00:00,54362,97.068067,quote_currency_per_base_currency,user_confirmed_local_history,candle_close_timestamp,True,False,a1a4ab9d669762dce2b4f215189ecd3f69403c56bf638996cd17ce5361ca1da8,user_local_LINK-USDT-SWAP_1h,ready_proxy,frozen local OHLCV; exchange provenance unverified
unverified_local_exchange,swap,LINK-USDT-SWAP,1h,close,2020-03-06T11:00:00+00:00,2026-05-19T12:00:00+00:00,54362,97.068067,quote_currency_per_base_currency,user_confirmed_local_history,candle_close_timestamp,True,False,a1a4ab9d669762dce2b4f215189ecd3f69403c56bf638996cd17ce5361ca1da8,user_local_LINK-USDT-SWAP_1h,ready_proxy,frozen local OHLCV; exchange provenance unverified
unverified_local_exchange,swap,LINK-USDT-SWAP,1h,reported_volume,2020-03-06T11:00:00+00:00,2026-05-19T12:00:00+00:00,54362,97.068067,source_reported_unknown,user_confirmed_local_history,candle_close_timestamp,True,False,a1a4ab9d669762dce2b4f215189ecd3f69403c56bf638996cd17ce5361ca1da8,user_local_LINK-USDT-SWAP_1h,ready_proxy,frozen local OHLCV; exchange provenance unverified
unverified_local_exchange,swap,LINK-USDT-SWAP,1h,base_volume,2020-03-06T11:00:00+00:00,2026-05-19T12:00:00+00:00,0,0.0,base_currency,user_confirmed_local_history,candle_close_timestamp,True,False,a1a4ab9d669762dce2b4f215189ecd3f69403c56bf638996cd17ce5361ca1da8,user_local_LINK-USDT-SWAP_1h,unavailable,field is absent or its unit/provenance is not verified in the frozen catalog
unverified_local_exchange,swap,LINK-USDT-SWAP,1h,quote_volume,2020-03-06T11:00:00+00:00,2026-05-19T12:00:00+00:00,0,0.0,quote_currency,user_confirmed_local_history,candle_close_timestamp,True,False,a1a4ab9d669762dce2b4f215189ecd3f69403c56bf638996cd17ce5361ca1da8,user_local_LINK-USDT-SWAP_1h,unavailable,field is absent or its unit/provenance is not verified in the frozen catalog
unverified_local_exchange,swap,LINK-USDT-SWAP,1h,contract_volume,2020-03-06T11:00:00+00:00,2026-05-19T12:00:00+00:00,0,0.0,contracts,user_confirmed_local_history,candle_close_timestamp,True,False,a1a4ab9d669762dce2b4f215189ecd3f69403c56bf638996cd17ce5361ca1da8,user_local_LINK-USDT-SWAP_1h,unavailable,field is absent or its unit/provenance is not verified in the frozen catalog
unverified_local_exchange,swap,LINK-USDT-SWAP,1h,quote_turnover,2020-03-06T11:00:00+00:00,2026-05-19T12:00:00+00:00,0,0.0,quote_currency,user_confirmed_local_history,candle_close_timestamp,True,False,a1a4ab9d669762dce2b4f215189ecd3f69403c56bf638996cd17ce5361ca1da8,user_local_LINK-USDT-SWAP_1h,unavailable,field is absent or its unit/provenance is not verified in the frozen catalog
unverified_local_exchange,swap,LINK-USDT-SWAP,1h,vwap,2020-03-06T11:00:00+00:00,2026-05-19T12:00:00+00:00,0,0.0,quote_currency_per_base_currency,user_confirmed_local_history,candle_close_timestamp,True,False,a1a4ab9d669762dce2b4f215189ecd3f69403c56bf638996cd17ce5361ca1da8,user_local_LINK-USDT-SWAP_1h,unavailable,field is absent or its unit/provenance is not verified in the frozen catalog
unverified_local_exchange,swap,LINK-USDT-SWAP,1h,btc_returns,2020-03-06T11:00:00+00:00,2026-05-19T12:00:00+00:00,54362,97.068067,decimal_return,user_confirmed_local_history,candle_close_timestamp,True,False,a1a4ab9d669762dce2b4f215189ecd3f69403c56bf638996cd17ce5361ca1da8,user_local_LINK-USDT-SWAP_1h,derived_proxy,derived causally from synchronized frozen close series
unverified_local_exchange,swap,LINK-USDT-SWAP,1h,residual_beta_inputs,2020-03-06T11:00:00+00:00,2026-05-19T12:00:00+00:00,54362,97.068067,decimal_return,user_confirmed_local_history,candle_close_timestamp,True,False,a1a4ab9d669762dce2b4f215189ecd3f69403c56bf638996cd17ce5361ca1da8,user_local_LINK-USDT-SWAP_1h,derived_proxy,derived causally from synchronized frozen close series
unverified_local_exchange,swap,LINK-USDT-SWAP,1h,funding_rate,2020-03-06T11:00:00+00:00,2026-05-19T12:00:00+00:00,0,0.0,decimal_rate,user_confirmed_local_history,source_timestamp_plus_publication_delay,True,False,a1a4ab9d669762dce2b4f215189ecd3f69403c56bf638996cd17ce5361ca1da8,user_local_LINK-USDT-SWAP_1h,unavailable,field is absent or its unit/provenance is not verified in the frozen catalog
unverified_local_exchange,swap,LINK-USDT-SWAP,1h,open_interest,2020-03-06T11:00:00+00:00,2026-05-19T12:00:00+00:00,0,0.0,unavailable,user_confirmed_local_history,unavailable_without_frozen_publication_timestamp,True,False,a1a4ab9d669762dce2b4f215189ecd3f69403c56bf638996cd17ce5361ca1da8,user_local_LINK-USDT-SWAP_1h,unavailable,field is absent or its unit/provenance is not verified in the frozen catalog
unverified_local_exchange,swap,LINK-USDT-SWAP,1h,basis,2020-03-06T11:00:00+00:00,2026-05-19T12:00:00+00:00,0,0.0,decimal_return,user_confirmed_local_history,unavailable_without_frozen_publication_timestamp,True,False,a1a4ab9d669762dce2b4f215189ecd3f69403c56bf638996cd17ce5361ca1da8,user_local_LINK-USDT-SWAP_1h,unavailable,field is absent or its unit/provenance is not verified in the frozen catalog
unverified_local_exchange,swap,LINK-USDT-SWAP,1h,spot_price,2020-03-06T11:00:00+00:00,2026-05-19T12:00:00+00:00,0,0.0,quote_currency_per_base_currency,user_confirmed_local_history,candle_close_timestamp,True,False,a1a4ab9d669762dce2b4f215189ecd3f69403c56bf638996cd17ce5361ca1da8,user_local_LINK-USDT-SWAP_1h,unavailable,field is absent or its unit/provenance is not verified in the frozen catalog
unverified_local_exchange,swap,LINK-USDT-SWAP,1h,perpetual_price,2020-03-06T11:00:00+00:00,2026-05-19T12:00:00+00:00,54362,97.068067,quote_currency_per_base_currency,user_confirmed_local_history,candle_close_timestamp,True,False,a1a4ab9d669762dce2b4f215189ecd3f69403c56bf638996cd17ce5361ca1da8,user_local_LINK-USDT-SWAP_1h,ready_proxy,frozen local OHLCV; exchange provenance unverified
unverified_local_exchange,swap,LINK-USDT-SWAP,1h,liquidation,2020-03-06T11:00:00+00:00,2026-05-19T12:00:00+00:00,0,0.0,unavailable,user_confirmed_local_history,unavailable_without_frozen_publication_timestamp,True,False,a1a4ab9d669762dce2b4f215189ecd3f69403c56bf638996cd17ce5361ca1da8,user_local_LINK-USDT-SWAP_1h,unavailable,field is absent or its unit/provenance is not verified in the frozen catalog
unverified_local_exchange,swap,LINK-USDT-SWAP,1h,orderbook,2020-03-06T11:00:00+00:00,2026-05-19T12:00:00+00:00,0,0.0,unavailable,user_confirmed_local_history,unavailable_without_frozen_publication_timestamp,True,False,a1a4ab9d669762dce2b4f215189ecd3f69403c56bf638996cd17ce5361ca1da8,user_local_LINK-USDT-SWAP_1h,unavailable,field is absent or its unit/provenance is not verified in the frozen catalog
unverified_local_exchange,swap,LINK-USDT-SWAP,1h,instrument_state,2020-03-06T11:00:00+00:00,2026-05-19T12:00:00+00:00,54362,97.068067,state,user_confirmed_local_history,effective_timestamp_of_frozen_snapshot,True,False,a1a4ab9d669762dce2b4f215189ecd3f69403c56bf638996cd17ce5361ca1da8,user_local_LINK-USDT-SWAP_1h,diagnostic_proxy,listing-state history is incomplete
unverified_local_exchange,swap,LINK-USDT-SWAP,1h,pit_universe,2020-03-06T11:00:00+00:00,2026-05-19T12:00:00+00:00,54362,97.068067,membership,user_confirmed_local_history,effective_timestamp_of_frozen_snapshot,True,False,a1a4ab9d669762dce2b4f215189ecd3f69403c56bf638996cd17ce5361ca1da8,user_local_LINK-USDT-SWAP_1h,diagnostic_proxy,listing-state history is incomplete
unverified_local_exchange,swap,BTC-USDT-SWAP,4h,open,2020-01-01T00:00:00+00:00,2026-05-16T20:00:00+00:00,13968,99.771429,quote_currency_per_base_currency,user_confirmed_local_history,candle_close_timestamp,True,False,ca8d7b62b669fae1f81e60400577aa0cc6faddb3574bfd79282666d27a17f155,user_local_BTC-USDT-SWAP_4h,ready_proxy,frozen local OHLCV; exchange provenance unverified
unverified_local_exchange,swap,BTC-USDT-SWAP,4h,high,2020-01-01T00:00:00+00:00,2026-05-16T20:00:00+00:00,13968,99.771429,quote_currency_per_base_currency,user_confirmed_local_history,candle_close_timestamp,True,False,ca8d7b62b669fae1f81e60400577aa0cc6faddb3574bfd79282666d27a17f155,user_local_BTC-USDT-SWAP_4h,ready_proxy,frozen local OHLCV; exchange provenance unverified
unverified_local_exchange,swap,BTC-USDT-SWAP,4h,low,2020-01-01T00:00:00+00:00,2026-05-16T20:00:00+00:00,13968,99.771429,quote_currency_per_base_currency,user_confirmed_local_history,candle_close_timestamp,True,False,ca8d7b62b669fae1f81e60400577aa0cc6faddb3574bfd79282666d27a17f155,user_local_BTC-USDT-SWAP_4h,ready_proxy,frozen local OHLCV; exchange provenance unverified
unverified_local_exchange,swap,BTC-USDT-SWAP,4h,close,2020-01-01T00:00:00+00:00,2026-05-16T20:00:00+00:00,13968,99.771429,quote_currency_per_base_currency,user_confirmed_local_history,candle_close_timestamp,True,False,ca8d7b62b669fae1f81e60400577aa0cc6faddb3574bfd79282666d27a17f155,user_local_BTC-USDT-SWAP_4h,ready_proxy,frozen local OHLCV; exchange provenance unverified
unverified_local_exchange,swap,BTC-USDT-SWAP,4h,reported_volume,2020-01-01T00:00:00+00:00,2026-05-16T20:00:00+00:00,13968,99.771429,source_reported_unknown,user_confirmed_local_history,candle_close_timestamp,True,False,ca8d7b62b669fae1f81e60400577aa0cc6faddb3574bfd79282666d27a17f155,user_local_BTC-USDT-SWAP_4h,ready_proxy,frozen local OHLCV; exchange provenance unverified
unverified_local_exchange,swap,BTC-USDT-SWAP,4h,base_volume,2020-01-01T00:00:00+00:00,2026-05-16T20:00:00+00:00,0,0.0,base_currency,user_confirmed_local_history,candle_close_timestamp,True,False,ca8d7b62b669fae1f81e60400577aa0cc6faddb3574bfd79282666d27a17f155,user_local_BTC-USDT-SWAP_4h,unavailable,field is absent or its unit/provenance is not verified in the frozen catalog
unverified_local_exchange,swap,BTC-USDT-SWAP,4h,quote_volume,2020-01-01T00:00:00+00:00,2026-05-16T20:00:00+00:00,0,0.0,quote_currency,user_confirmed_local_history,candle_close_timestamp,True,False,ca8d7b62b669fae1f81e60400577aa0cc6faddb3574bfd79282666d27a17f155,user_local_BTC-USDT-SWAP_4h,unavailable,field is absent or its unit/provenance is not verified in the frozen catalog
unverified_local_exchange,swap,BTC-USDT-SWAP,4h,contract_volume,2020-01-01T00:00:00+00:00,2026-05-16T20:00:00+00:00,0,0.0,contracts,user_confirmed_local_history,candle_close_timestamp,True,False,ca8d7b62b669fae1f81e60400577aa0cc6faddb3574bfd79282666d27a17f155,user_local_BTC-USDT-SWAP_4h,unavailable,field is absent or its unit/provenance is not verified in the frozen catalog
unverified_local_exchange,swap,BTC-USDT-SWAP,4h,quote_turnover,2020-01-01T00:00:00+00:00,2026-05-16T20:00:00+00:00,0,0.0,quote_currency,user_confirmed_local_history,candle_close_timestamp,True,False,ca8d7b62b669fae1f81e60400577aa0cc6faddb3574bfd79282666d27a17f155,user_local_BTC-USDT-SWAP_4h,unavailable,field is absent or its unit/provenance is not verified in the frozen catalog
unverified_local_exchange,swap,BTC-USDT-SWAP,4h,vwap,2020-01-01T00:00:00+00:00,2026-05-16T20:00:00+00:00,0,0.0,quote_currency_per_base_currency,user_confirmed_local_history,candle_close_timestamp,True,False,ca8d7b62b669fae1f81e60400577aa0cc6faddb3574bfd79282666d27a17f155,user_local_BTC-USDT-SWAP_4h,unavailable,field is absent or its unit/provenance is not verified in the frozen catalog
unverified_local_exchange,swap,BTC-USDT-SWAP,4h,btc_returns,2020-01-01T00:00:00+00:00,2026-05-16T20:00:00+00:00,13968,99.771429,decimal_return,user_confirmed_local_history,candle_close_timestamp,True,False,ca8d7b62b669fae1f81e60400577aa0cc6faddb3574bfd79282666d27a17f155,user_local_BTC-USDT-SWAP_4h,derived_proxy,derived causally from synchronized frozen close series
unverified_local_exchange,swap,BTC-USDT-SWAP,4h,residual_beta_inputs,2020-01-01T00:00:00+00:00,2026-05-16T20:00:00+00:00,13968,99.771429,decimal_return,user_confirmed_local_history,candle_close_timestamp,True,False,ca8d7b62b669fae1f81e60400577aa0cc6faddb3574bfd79282666d27a17f155,user_local_BTC-USDT-SWAP_4h,derived_proxy,derived causally from synchronized frozen close series
unverified_local_exchange,swap,BTC-USDT-SWAP,4h,funding_rate,2020-01-01T00:00:00+00:00,2026-05-16T20:00:00+00:00,0,0.0,decimal_rate,user_confirmed_local_history,source_timestamp_plus_publication_delay,True,False,ca8d7b62b669fae1f81e60400577aa0cc6faddb3574bfd79282666d27a17f155,user_local_BTC-USDT-SWAP_4h,unavailable,field is absent or its unit/provenance is not verified in the frozen catalog
unverified_local_exchange,swap,BTC-USDT-SWAP,4h,open_interest,2020-01-01T00:00:00+00:00,2026-05-16T20:00:00+00:00,0,0.0,unavailable,user_confirmed_local_history,unavailable_without_frozen_publication_timestamp,True,False,ca8d7b62b669fae1f81e60400577aa0cc6faddb3574bfd79282666d27a17f155,user_local_BTC-USDT-SWAP_4h,unavailable,field is absent or its unit/provenance is not verified in the frozen catalog
unverified_local_exchange,swap,BTC-USDT-SWAP,4h,basis,2020-01-01T00:00:00+00:00,2026-05-16T20:00:00+00:00,0,0.0,decimal_return,user_confirmed_local_history,unavailable_without_frozen_publication_timestamp,True,False,ca8d7b62b669fae1f81e60400577aa0cc6faddb3574bfd79282666d27a17f155,user_local_BTC-USDT-SWAP_4h,unavailable,field is absent or its unit/provenance is not verified in the frozen catalog
unverified_local_exchange,swap,BTC-USDT-SWAP,4h,spot_price,2020-01-01T00:00:00+00:00,2026-05-16T20:00:00+00:00,0,0.0,quote_currency_per_base_currency,user_confirmed_local_history,candle_close_timestamp,True,False,ca8d7b62b669fae1f81e60400577aa0cc6faddb3574bfd79282666d27a17f155,user_local_BTC-USDT-SWAP_4h,unavailable,field is absent or its unit/provenance is not verified in the frozen catalog
unverified_local_exchange,swap,BTC-USDT-SWAP,4h,perpetual_price,2020-01-01T00:00:00+00:00,2026-05-16T20:00:00+00:00,13968,99.771429,quote_currency_per_base_currency,user_confirmed_local_history,candle_close_timestamp,True,False,ca8d7b62b669fae1f81e60400577aa0cc6faddb3574bfd79282666d27a17f155,user_local_BTC-USDT-SWAP_4h,ready_proxy,frozen local OHLCV; exchange provenance unverified
unverified_local_exchange,swap,BTC-USDT-SWAP,4h,liquidation,2020-01-01T00:00:00+00:00,2026-05-16T20:00:00+00:00,0,0.0,unavailable,user_confirmed_local_history,unavailable_without_frozen_publication_timestamp,True,False,ca8d7b62b669fae1f81e60400577aa0cc6faddb3574bfd79282666d27a17f155,user_local_BTC-USDT-SWAP_4h,unavailable,field is absent or its unit/provenance is not verified in the frozen catalog
unverified_local_exchange,swap,BTC-USDT-SWAP,4h,orderbook,2020-01-01T00:00:00+00:00,2026-05-16T20:00:00+00:00,0,0.0,unavailable,user_confirmed_local_history,unavailable_without_frozen_publication_timestamp,True,False,ca8d7b62b669fae1f81e60400577aa0cc6faddb3574bfd79282666d27a17f155,user_local_BTC-USDT-SWAP_4h,unavailable,field is absent or its unit/provenance is not verified in the frozen catalog
unverified_local_exchange,swap,BTC-USDT-SWAP,4h,instrument_state,2020-01-01T00:00:00+00:00,2026-05-16T20:00:00+00:00,13968,99.771429,state,user_confirmed_local_history,effective_timestamp_of_frozen_snapshot,True,False,ca8d7b62b669fae1f81e60400577aa0cc6faddb3574bfd79282666d27a17f155,user_local_BTC-USDT-SWAP_4h,diagnostic_proxy,listing-state history is incomplete
unverified_local_exchange,swap,BTC-USDT-SWAP,4h,pit_universe,2020-01-01T00:00:00+00:00,2026-05-16T20:00:00+00:00,13968,99.771429,membership,user_confirmed_local_history,effective_timestamp_of_frozen_snapshot,True,False,ca8d7b62b669fae1f81e60400577aa0cc6faddb3574bfd79282666d27a17f155,user_local_BTC-USDT-SWAP_4h,diagnostic_proxy,listing-state history is incomplete
unverified_local_exchange,swap,ETH-USDT-SWAP,4h,open,2020-01-01T00:00:00+00:00,2026-05-17T08:00:00+00:00,13971,99.792857,quote_currency_per_base_currency,user_confirmed_local_history,candle_close_timestamp,True,False,4baa649b93c6f2a890a8de81c07854664dfce86666c7918c00600063d5f6d3c5,user_local_ETH-USDT-SWAP_4h,ready_proxy,frozen local OHLCV; exchange provenance unverified
unverified_local_exchange,swap,ETH-USDT-SWAP,4h,high,2020-01-01T00:00:00+00:00,2026-05-17T08:00:00+00:00,13971,99.792857,quote_currency_per_base_currency,user_confirmed_local_history,candle_close_timestamp,True,False,4baa649b93c6f2a890a8de81c07854664dfce86666c7918c00600063d5f6d3c5,user_local_ETH-USDT-SWAP_4h,ready_proxy,frozen local OHLCV; exchange provenance unverified
unverified_local_exchange,swap,ETH-USDT-SWAP,4h,low,2020-01-01T00:00:00+00:00,2026-05-17T08:00:00+00:00,13971,99.792857,quote_currency_per_base_currency,user_confirmed_local_history,candle_close_timestamp,True,False,4baa649b93c6f2a890a8de81c07854664dfce86666c7918c00600063d5f6d3c5,user_local_ETH-USDT-SWAP_4h,ready_proxy,frozen local OHLCV; exchange provenance unverified
unverified_local_exchange,swap,ETH-USDT-SWAP,4h,close,2020-01-01T00:00:00+00:00,2026-05-17T08:00:00+00:00,13971,99.792857,quote_currency_per_base_currency,user_confirmed_local_history,candle_close_timestamp,True,False,4baa649b93c6f2a890a8de81c07854664dfce86666c7918c00600063d5f6d3c5,user_local_ETH-USDT-SWAP_4h,ready_proxy,frozen local OHLCV; exchange provenance unverified
unverified_local_exchange,swap,ETH-USDT-SWAP,4h,reported_volume,2020-01-01T00:00:00+00:00,2026-05-17T08:00:00+00:00,13971,99.792857,source_reported_unknown,user_confirmed_local_history,candle_close_timestamp,True,False,4baa649b93c6f2a890a8de81c07854664dfce86666c7918c00600063d5f6d3c5,user_local_ETH-USDT-SWAP_4h,ready_proxy,frozen local OHLCV; exchange provenance unverified
unverified_local_exchange,swap,ETH-USDT-SWAP,4h,base_volume,2020-01-01T00:00:00+00:00,2026-05-17T08:00:00+00:00,0,0.0,base_currency,user_confirmed_local_history,candle_close_timestamp,True,False,4baa649b93c6f2a890a8de81c07854664dfce86666c7918c00600063d5f6d3c5,user_local_ETH-USDT-SWAP_4h,unavailable,field is absent or its unit/provenance is not verified in the frozen catalog
unverified_local_exchange,swap,ETH-USDT-SWAP,4h,quote_volume,2020-01-01T00:00:00+00:00,2026-05-17T08:00:00+00:00,0,0.0,quote_currency,user_confirmed_local_history,candle_close_timestamp,True,False,4baa649b93c6f2a890a8de81c07854664dfce86666c7918c00600063d5f6d3c5,user_local_ETH-USDT-SWAP_4h,unavailable,field is absent or its unit/provenance is not verified in the frozen catalog
unverified_local_exchange,swap,ETH-USDT-SWAP,4h,contract_volume,2020-01-01T00:00:00+00:00,2026-05-17T08:00:00+00:00,0,0.0,contracts,user_confirmed_local_history,candle_close_timestamp,True,False,4baa649b93c6f2a890a8de81c07854664dfce86666c7918c00600063d5f6d3c5,user_local_ETH-USDT-SWAP_4h,unavailable,field is absent or its unit/provenance is not verified in the frozen catalog
unverified_local_exchange,swap,ETH-USDT-SWAP,4h,quote_turnover,2020-01-01T00:00:00+00:00,2026-05-17T08:00:00+00:00,0,0.0,quote_currency,user_confirmed_local_history,candle_close_timestamp,True,False,4baa649b93c6f2a890a8de81c07854664dfce86666c7918c00600063d5f6d3c5,user_local_ETH-USDT-SWAP_4h,unavailable,field is absent or its unit/provenance is not verified in the frozen catalog
unverified_local_exchange,swap,ETH-USDT-SWAP,4h,vwap,2020-01-01T00:00:00+00:00,2026-05-17T08:00:00+00:00,0,0.0,quote_currency_per_base_currency,user_confirmed_local_history,candle_close_timestamp,True,False,4baa649b93c6f2a890a8de81c07854664dfce86666c7918c00600063d5f6d3c5,user_local_ETH-USDT-SWAP_4h,unavailable,field is absent or its unit/provenance is not verified in the frozen catalog
unverified_local_exchange,swap,ETH-USDT-SWAP,4h,btc_returns,2020-01-01T00:00:00+00:00,2026-05-17T08:00:00+00:00,13971,99.792857,decimal_return,user_confirmed_local_history,candle_close_timestamp,True,False,4baa649b93c6f2a890a8de81c07854664dfce86666c7918c00600063d5f6d3c5,user_local_ETH-USDT-SWAP_4h,derived_proxy,derived causally from synchronized frozen close series
unverified_local_exchange,swap,ETH-USDT-SWAP,4h,residual_beta_inputs,2020-01-01T00:00:00+00:00,2026-05-17T08:00:00+00:00,13971,99.792857,decimal_return,user_confirmed_local_history,candle_close_timestamp,True,False,4baa649b93c6f2a890a8de81c07854664dfce86666c7918c00600063d5f6d3c5,user_local_ETH-USDT-SWAP_4h,derived_proxy,derived causally from synchronized frozen close series
unverified_local_exchange,swap,ETH-USDT-SWAP,4h,funding_rate,2020-01-01T00:00:00+00:00,2026-05-17T08:00:00+00:00,0,0.0,decimal_rate,user_confirmed_local_history,source_timestamp_plus_publication_delay,True,False,4baa649b93c6f2a890a8de81c07854664dfce86666c7918c00600063d5f6d3c5,user_local_ETH-USDT-SWAP_4h,unavailable,field is absent or its unit/provenance is not verified in the frozen catalog
unverified_local_exchange,swap,ETH-USDT-SWAP,4h,open_interest,2020-01-01T00:00:00+00:00,2026-05-17T08:00:00+00:00,0,0.0,unavailable,user_confirmed_local_history,unavailable_without_frozen_publication_timestamp,True,False,4baa649b93c6f2a890a8de81c07854664dfce86666c7918c00600063d5f6d3c5,user_local_ETH-USDT-SWAP_4h,unavailable,field is absent or its unit/provenance is not verified in the frozen catalog
unverified_local_exchange,swap,ETH-USDT-SWAP,4h,basis,2020-01-01T00:00:00+00:00,2026-05-17T08:00:00+00:00,0,0.0,decimal_return,user_confirmed_local_history,unavailable_without_frozen_publication_timestamp,True,False,4baa649b93c6f2a890a8de81c07854664dfce86666c7918c00600063d5f6d3c5,user_local_ETH-USDT-SWAP_4h,unavailable,field is absent or its unit/provenance is not verified in the frozen catalog
unverified_local_exchange,swap,ETH-USDT-SWAP,4h,spot_price,2020-01-01T00:00:00+00:00,2026-05-17T08:00:00+00:00,0,0.0,quote_currency_per_base_currency,user_confirmed_local_history,candle_close_timestamp,True,False,4baa649b93c6f2a890a8de81c07854664dfce86666c7918c00600063d5f6d3c5,user_local_ETH-USDT-SWAP_4h,unavailable,field is absent or its unit/provenance is not verified in the frozen catalog
unverified_local_exchange,swap,ETH-USDT-SWAP,4h,perpetual_price,2020-01-01T00:00:00+00:00,2026-05-17T08:00:00+00:00,13971,99.792857,quote_currency_per_base_currency,user_confirmed_local_history,candle_close_timestamp,True,False,4baa649b93c6f2a890a8de81c07854664dfce86666c7918c00600063d5f6d3c5,user_local_ETH-USDT-SWAP_4h,ready_proxy,frozen local OHLCV; exchange provenance unverified
unverified_local_exchange,swap,ETH-USDT-SWAP,4h,liquidation,2020-01-01T00:00:00+00:00,2026-05-17T08:00:00+00:00,0,0.0,unavailable,user_confirmed_local_history,unavailable_without_frozen_publication_timestamp,True,False,4baa649b93c6f2a890a8de81c07854664dfce86666c7918c00600063d5f6d3c5,user_local_ETH-USDT-SWAP_4h,unavailable,field is absent or its unit/provenance is not verified in the frozen catalog
unverified_local_exchange,swap,ETH-USDT-SWAP,4h,orderbook,2020-01-01T00:00:00+00:00,2026-05-17T08:00:00+00:00,0,0.0,unavailable,user_confirmed_local_history,unavailable_without_frozen_publication_timestamp,True,False,4baa649b93c6f2a890a8de81c07854664dfce86666c7918c00600063d5f6d3c5,user_local_ETH-USDT-SWAP_4h,unavailable,field is absent or its unit/provenance is not verified in the frozen catalog
unverified_local_exchange,swap,ETH-USDT-SWAP,4h,instrument_state,2020-01-01T00:00:00+00:00,2026-05-17T08:00:00+00:00,13971,99.792857,state,user_confirmed_local_history,effective_timestamp_of_frozen_snapshot,True,False,4baa649b93c6f2a890a8de81c07854664dfce86666c7918c00600063d5f6d3c5,user_local_ETH-USDT-SWAP_4h,diagnostic_proxy,listing-state history is incomplete
unverified_local_exchange,swap,ETH-USDT-SWAP,4h,pit_universe,2020-01-01T00:00:00+00:00,2026-05-17T08:00:00+00:00,13971,99.792857,membership,user_confirmed_local_history,effective_timestamp_of_frozen_snapshot,True,False,4baa649b93c6f2a890a8de81c07854664dfce86666c7918c00600063d5f6d3c5,user_local_ETH-USDT-SWAP_4h,diagnostic_proxy,listing-state history is incomplete
unverified_local_exchange,swap,XRP-USDT-SWAP,4h,open,2020-01-01T00:00:00+00:00,2026-05-22T04:00:00+00:00,14000,100.0,quote_currency_per_base_currency,user_confirmed_local_history,candle_close_timestamp,True,False,f41b3f7b1d720681347d76ab7f16cb350f6888ad7b52f1652db41577b66c8a74,user_local_XRP-USDT-SWAP_4h,ready_proxy,frozen local OHLCV; exchange provenance unverified
unverified_local_exchange,swap,XRP-USDT-SWAP,4h,high,2020-01-01T00:00:00+00:00,2026-05-22T04:00:00+00:00,14000,100.0,quote_currency_per_base_currency,user_confirmed_local_history,candle_close_timestamp,True,False,f41b3f7b1d720681347d76ab7f16cb350f6888ad7b52f1652db41577b66c8a74,user_local_XRP-USDT-SWAP_4h,ready_proxy,frozen local OHLCV; exchange provenance unverified
unverified_local_exchange,swap,XRP-USDT-SWAP,4h,low,2020-01-01T00:00:00+00:00,2026-05-22T04:00:00+00:00,14000,100.0,quote_currency_per_base_currency,user_confirmed_local_history,candle_close_timestamp,True,False,f41b3f7b1d720681347d76ab7f16cb350f6888ad7b52f1652db41577b66c8a74,user_local_XRP-USDT-SWAP_4h,ready_proxy,frozen local OHLCV; exchange provenance unverified
unverified_local_exchange,swap,XRP-USDT-SWAP,4h,close,2020-01-01T00:00:00+00:00,2026-05-22T04:00:00+00:00,14000,100.0,quote_currency_per_base_currency,user_confirmed_local_history,candle_close_timestamp,True,False,f41b3f7b1d720681347d76ab7f16cb350f6888ad7b52f1652db41577b66c8a74,user_local_XRP-USDT-SWAP_4h,ready_proxy,frozen local OHLCV; exchange provenance unverified
unverified_local_exchange,swap,XRP-USDT-SWAP,4h,reported_volume,2020-01-01T00:00:00+00:00,2026-05-22T04:00:00+00:00,14000,100.0,source_reported_unknown,user_confirmed_local_history,candle_close_timestamp,True,False,f41b3f7b1d720681347d76ab7f16cb350f6888ad7b52f1652db41577b66c8a74,user_local_XRP-USDT-SWAP_4h,ready_proxy,frozen local OHLCV; exchange provenance unverified
unverified_local_exchange,swap,XRP-USDT-SWAP,4h,base_volume,2020-01-01T00:00:00+00:00,2026-05-22T04:00:00+00:00,0,0.0,base_currency,user_confirmed_local_history,candle_close_timestamp,True,False,f41b3f7b1d720681347d76ab7f16cb350f6888ad7b52f1652db41577b66c8a74,user_local_XRP-USDT-SWAP_4h,unavailable,field is absent or its unit/provenance is not verified in the frozen catalog
unverified_local_exchange,swap,XRP-USDT-SWAP,4h,quote_volume,2020-01-01T00:00:00+00:00,2026-05-22T04:00:00+00:00,0,0.0,quote_currency,user_confirmed_local_history,candle_close_timestamp,True,False,f41b3f7b1d720681347d76ab7f16cb350f6888ad7b52f1652db41577b66c8a74,user_local_XRP-USDT-SWAP_4h,unavailable,field is absent or its unit/provenance is not verified in the frozen catalog
unverified_local_exchange,swap,XRP-USDT-SWAP,4h,contract_volume,2020-01-01T00:00:00+00:00,2026-05-22T04:00:00+00:00,0,0.0,contracts,user_confirmed_local_history,candle_close_timestamp,True,False,f41b3f7b1d720681347d76ab7f16cb350f6888ad7b52f1652db41577b66c8a74,user_local_XRP-USDT-SWAP_4h,unavailable,field is absent or its unit/provenance is not verified in the frozen catalog
unverified_local_exchange,swap,XRP-USDT-SWAP,4h,quote_turnover,2020-01-01T00:00:00+00:00,2026-05-22T04:00:00+00:00,0,0.0,quote_currency,user_confirmed_local_history,candle_close_timestamp,True,False,f41b3f7b1d720681347d76ab7f16cb350f6888ad7b52f1652db41577b66c8a74,user_local_XRP-USDT-SWAP_4h,unavailable,field is absent or its unit/provenance is not verified in the frozen catalog
unverified_local_exchange,swap,XRP-USDT-SWAP,4h,vwap,2020-01-01T00:00:00+00:00,2026-05-22T04:00:00+00:00,0,0.0,quote_currency_per_base_currency,user_confirmed_local_history,candle_close_timestamp,True,False,f41b3f7b1d720681347d76ab7f16cb350f6888ad7b52f1652db41577b66c8a74,user_local_XRP-USDT-SWAP_4h,unavailable,field is absent or its unit/provenance is not verified in the frozen catalog
unverified_local_exchange,swap,XRP-USDT-SWAP,4h,btc_returns,2020-01-01T00:00:00+00:00,2026-05-22T04:00:00+00:00,14000,100.0,decimal_return,user_confirmed_local_history,candle_close_timestamp,True,False,f41b3f7b1d720681347d76ab7f16cb350f6888ad7b52f1652db41577b66c8a74,user_local_XRP-USDT-SWAP_4h,derived_proxy,derived causally from synchronized frozen close series
unverified_local_exchange,swap,XRP-USDT-SWAP,4h,residual_beta_inputs,2020-01-01T00:00:00+00:00,2026-05-22T04:00:00+00:00,14000,100.0,decimal_return,user_confirmed_local_history,candle_close_timestamp,True,False,f41b3f7b1d720681347d76ab7f16cb350f6888ad7b52f1652db41577b66c8a74,user_local_XRP-USDT-SWAP_4h,derived_proxy,derived causally from synchronized frozen close series
unverified_local_exchange,swap,XRP-USDT-SWAP,4h,funding_rate,2020-01-01T00:00:00+00:00,2026-05-22T04:00:00+00:00,0,0.0,decimal_rate,user_confirmed_local_history,source_timestamp_plus_publication_delay,True,False,f41b3f7b1d720681347d76ab7f16cb350f6888ad7b52f1652db41577b66c8a74,user_local_XRP-USDT-SWAP_4h,unavailable,field is absent or its unit/provenance is not verified in the frozen catalog
unverified_local_exchange,swap,XRP-USDT-SWAP,4h,open_interest,2020-01-01T00:00:00+00:00,2026-05-22T04:00:00+00:00,0,0.0,unavailable,user_confirmed_local_history,unavailable_without_frozen_publication_timestamp,True,False,f41b3f7b1d720681347d76ab7f16cb350f6888ad7b52f1652db41577b66c8a74,user_local_XRP-USDT-SWAP_4h,unavailable,field is absent or its unit/provenance is not verified in the frozen catalog
unverified_local_exchange,swap,XRP-USDT-SWAP,4h,basis,2020-01-01T00:00:00+00:00,2026-05-22T04:00:00+00:00,0,0.0,decimal_return,user_confirmed_local_history,unavailable_without_frozen_publication_timestamp,True,False,f41b3f7b1d720681347d76ab7f16cb350f6888ad7b52f1652db41577b66c8a74,user_local_XRP-USDT-SWAP_4h,unavailable,field is absent or its unit/provenance is not verified in the frozen catalog
unverified_local_exchange,swap,XRP-USDT-SWAP,4h,spot_price,2020-01-01T00:00:00+00:00,2026-05-22T04:00:00+00:00,0,0.0,quote_currency_per_base_currency,user_confirmed_local_history,candle_close_timestamp,True,False,f41b3f7b1d720681347d76ab7f16cb350f6888ad7b52f1652db41577b66c8a74,user_local_XRP-USDT-SWAP_4h,unavailable,field is absent or its unit/provenance is not verified in the frozen catalog
unverified_local_exchange,swap,XRP-USDT-SWAP,4h,perpetual_price,2020-01-01T00:00:00+00:00,2026-05-22T04:00:00+00:00,14000,100.0,quote_currency_per_base_currency,user_confirmed_local_history,candle_close_timestamp,True,False,f41b3f7b1d720681347d76ab7f16cb350f6888ad7b52f1652db41577b66c8a74,user_local_XRP-USDT-SWAP_4h,ready_proxy,frozen local OHLCV; exchange provenance unverified
unverified_local_exchange,swap,XRP-USDT-SWAP,4h,liquidation,2020-01-01T00:00:00+00:00,2026-05-22T04:00:00+00:00,0,0.0,unavailable,user_confirmed_local_history,unavailable_without_frozen_publication_timestamp,True,False,f41b3f7b1d720681347d76ab7f16cb350f6888ad7b52f1652db41577b66c8a74,user_local_XRP-USDT-SWAP_4h,unavailable,field is absent or its unit/provenance is not verified in the frozen catalog
unverified_local_exchange,swap,XRP-USDT-SWAP,4h,orderbook,2020-01-01T00:00:00+00:00,2026-05-22T04:00:00+00:00,0,0.0,unavailable,user_confirmed_local_history,unavailable_without_frozen_publication_timestamp,True,False,f41b3f7b1d720681347d76ab7f16cb350f6888ad7b52f1652db41577b66c8a74,user_local_XRP-USDT-SWAP_4h,unavailable,field is absent or its unit/provenance is not verified in the frozen catalog
unverified_local_exchange,swap,XRP-USDT-SWAP,4h,instrument_state,2020-01-01T00:00:00+00:00,2026-05-22T04:00:00+00:00,14000,100.0,state,user_confirmed_local_history,effective_timestamp_of_frozen_snapshot,True,False,f41b3f7b1d720681347d76ab7f16cb350f6888ad7b52f1652db41577b66c8a74,user_local_XRP-USDT-SWAP_4h,diagnostic_proxy,listing-state history is incomplete
unverified_local_exchange,swap,XRP-USDT-SWAP,4h,pit_universe,2020-01-01T00:00:00+00:00,2026-05-22T04:00:00+00:00,14000,100.0,membership,user_confirmed_local_history,effective_timestamp_of_frozen_snapshot,True,False,f41b3f7b1d720681347d76ab7f16cb350f6888ad7b52f1652db41577b66c8a74,user_local_XRP-USDT-SWAP_4h,diagnostic_proxy,listing-state history is incomplete
unverified_local_exchange,swap,LTC-USDT-SWAP,4h,open,2020-01-01T00:00:00+00:00,2026-05-20T04:00:00+00:00,13988,99.914286,quote_currency_per_base_currency,user_confirmed_local_history,candle_close_timestamp,True,False,1020b927db3ebd8b7510938867f1ad8d85fc180ca6b4537fd1cb5ee21c1ea334,user_local_LTC-USDT-SWAP_4h,ready_proxy,frozen local OHLCV; exchange provenance unverified
unverified_local_exchange,swap,LTC-USDT-SWAP,4h,high,2020-01-01T00:00:00+00:00,2026-05-20T04:00:00+00:00,13988,99.914286,quote_currency_per_base_currency,user_confirmed_local_history,candle_close_timestamp,True,False,1020b927db3ebd8b7510938867f1ad8d85fc180ca6b4537fd1cb5ee21c1ea334,user_local_LTC-USDT-SWAP_4h,ready_proxy,frozen local OHLCV; exchange provenance unverified
unverified_local_exchange,swap,LTC-USDT-SWAP,4h,low,2020-01-01T00:00:00+00:00,2026-05-20T04:00:00+00:00,13988,99.914286,quote_currency_per_base_currency,user_confirmed_local_history,candle_close_timestamp,True,False,1020b927db3ebd8b7510938867f1ad8d85fc180ca6b4537fd1cb5ee21c1ea334,user_local_LTC-USDT-SWAP_4h,ready_proxy,frozen local OHLCV; exchange provenance unverified
unverified_local_exchange,swap,LTC-USDT-SWAP,4h,close,2020-01-01T00:00:00+00:00,2026-05-20T04:00:00+00:00,13988,99.914286,quote_currency_per_base_currency,user_confirmed_local_history,candle_close_timestamp,True,False,1020b927db3ebd8b7510938867f1ad8d85fc180ca6b4537fd1cb5ee21c1ea334,user_local_LTC-USDT-SWAP_4h,ready_proxy,frozen local OHLCV; exchange provenance unverified
unverified_local_exchange,swap,LTC-USDT-SWAP,4h,reported_volume,2020-01-01T00:00:00+00:00,2026-05-20T04:00:00+00:00,13988,99.914286,source_reported_unknown,user_confirmed_local_history,candle_close_timestamp,True,False,1020b927db3ebd8b7510938867f1ad8d85fc180ca6b4537fd1cb5ee21c1ea334,user_local_LTC-USDT-SWAP_4h,ready_proxy,frozen local OHLCV; exchange provenance unverified
unverified_local_exchange,swap,LTC-USDT-SWAP,4h,base_volume,2020-01-01T00:00:00+00:00,2026-05-20T04:00:00+00:00,0,0.0,base_currency,user_confirmed_local_history,candle_close_timestamp,True,False,1020b927db3ebd8b7510938867f1ad8d85fc180ca6b4537fd1cb5ee21c1ea334,user_local_LTC-USDT-SWAP_4h,unavailable,field is absent or its unit/provenance is not verified in the frozen catalog
unverified_local_exchange,swap,LTC-USDT-SWAP,4h,quote_volume,2020-01-01T00:00:00+00:00,2026-05-20T04:00:00+00:00,0,0.0,quote_currency,user_confirmed_local_history,candle_close_timestamp,True,False,1020b927db3ebd8b7510938867f1ad8d85fc180ca6b4537fd1cb5ee21c1ea334,user_local_LTC-USDT-SWAP_4h,unavailable,field is absent or its unit/provenance is not verified in the frozen catalog
unverified_local_exchange,swap,LTC-USDT-SWAP,4h,contract_volume,2020-01-01T00:00:00+00:00,2026-05-20T04:00:00+00:00,0,0.0,contracts,user_confirmed_local_history,candle_close_timestamp,True,False,1020b927db3ebd8b7510938867f1ad8d85fc180ca6b4537fd1cb5ee21c1ea334,user_local_LTC-USDT-SWAP_4h,unavailable,field is absent or its unit/provenance is not verified in the frozen catalog
unverified_local_exchange,swap,LTC-USDT-SWAP,4h,quote_turnover,2020-01-01T00:00:00+00:00,2026-05-20T04:00:00+00:00,0,0.0,quote_currency,user_confirmed_local_history,candle_close_timestamp,True,False,1020b927db3ebd8b7510938867f1ad8d85fc180ca6b4537fd1cb5ee21c1ea334,user_local_LTC-USDT-SWAP_4h,unavailable,field is absent or its unit/provenance is not verified in the frozen catalog
unverified_local_exchange,swap,LTC-USDT-SWAP,4h,vwap,2020-01-01T00:00:00+00:00,2026-05-20T04:00:00+00:00,0,0.0,quote_currency_per_base_currency,user_confirmed_local_history,candle_close_timestamp,True,False,1020b927db3ebd8b7510938867f1ad8d85fc180ca6b4537fd1cb5ee21c1ea334,user_local_LTC-USDT-SWAP_4h,unavailable,field is absent or its unit/provenance is not verified in the frozen catalog
unverified_local_exchange,swap,LTC-USDT-SWAP,4h,btc_returns,2020-01-01T00:00:00+00:00,2026-05-20T04:00:00+00:00,13988,99.914286,decimal_return,user_confirmed_local_history,candle_close_timestamp,True,False,1020b927db3ebd8b7510938867f1ad8d85fc180ca6b4537fd1cb5ee21c1ea334,user_local_LTC-USDT-SWAP_4h,derived_proxy,derived causally from synchronized frozen close series
unverified_local_exchange,swap,LTC-USDT-SWAP,4h,residual_beta_inputs,2020-01-01T00:00:00+00:00,2026-05-20T04:00:00+00:00,13988,99.914286,decimal_return,user_confirmed_local_history,candle_close_timestamp,True,False,1020b927db3ebd8b7510938867f1ad8d85fc180ca6b4537fd1cb5ee21c1ea334,user_local_LTC-USDT-SWAP_4h,derived_proxy,derived causally from synchronized frozen close series
unverified_local_exchange,swap,LTC-USDT-SWAP,4h,funding_rate,2020-01-01T00:00:00+00:00,2026-05-20T04:00:00+00:00,0,0.0,decimal_rate,user_confirmed_local_history,source_timestamp_plus_publication_delay,True,False,1020b927db3ebd8b7510938867f1ad8d85fc180ca6b4537fd1cb5ee21c1ea334,user_local_LTC-USDT-SWAP_4h,unavailable,field is absent or its unit/provenance is not verified in the frozen catalog
unverified_local_exchange,swap,LTC-USDT-SWAP,4h,open_interest,2020-01-01T00:00:00+00:00,2026-05-20T04:00:00+00:00,0,0.0,unavailable,user_confirmed_local_history,unavailable_without_frozen_publication_timestamp,True,False,1020b927db3ebd8b7510938867f1ad8d85fc180ca6b4537fd1cb5ee21c1ea334,user_local_LTC-USDT-SWAP_4h,unavailable,field is absent or its unit/provenance is not verified in the frozen catalog
unverified_local_exchange,swap,LTC-USDT-SWAP,4h,basis,2020-01-01T00:00:00+00:00,2026-05-20T04:00:00+00:00,0,0.0,decimal_return,user_confirmed_local_history,unavailable_without_frozen_publication_timestamp,True,False,1020b927db3ebd8b7510938867f1ad8d85fc180ca6b4537fd1cb5ee21c1ea334,user_local_LTC-USDT-SWAP_4h,unavailable,field is absent or its unit/provenance is not verified in the frozen catalog
unverified_local_exchange,swap,LTC-USDT-SWAP,4h,spot_price,2020-01-01T00:00:00+00:00,2026-05-20T04:00:00+00:00,0,0.0,quote_currency_per_base_currency,user_confirmed_local_history,candle_close_timestamp,True,False,1020b927db3ebd8b7510938867f1ad8d85fc180ca6b4537fd1cb5ee21c1ea334,user_local_LTC-USDT-SWAP_4h,unavailable,field is absent or its unit/provenance is not verified in the frozen catalog
unverified_local_exchange,swap,LTC-USDT-SWAP,4h,perpetual_price,2020-01-01T00:00:00+00:00,2026-05-20T04:00:00+00:00,13988,99.914286,quote_currency_per_base_currency,user_confirmed_local_history,candle_close_timestamp,True,False,1020b927db3ebd8b7510938867f1ad8d85fc180ca6b4537fd1cb5ee21c1ea334,user_local_LTC-USDT-SWAP_4h,ready_proxy,frozen local OHLCV; exchange provenance unverified
unverified_local_exchange,swap,LTC-USDT-SWAP,4h,liquidation,2020-01-01T00:00:00+00:00,2026-05-20T04:00:00+00:00,0,0.0,unavailable,user_confirmed_local_history,unavailable_without_frozen_publication_timestamp,True,False,1020b927db3ebd8b7510938867f1ad8d85fc180ca6b4537fd1cb5ee21c1ea334,user_local_LTC-USDT-SWAP_4h,unavailable,field is absent or its unit/provenance is not verified in the frozen catalog
unverified_local_exchange,swap,LTC-USDT-SWAP,4h,orderbook,2020-01-01T00:00:00+00:00,2026-05-20T04:00:00+00:00,0,0.0,unavailable,user_confirmed_local_history,unavailable_without_frozen_publication_timestamp,True,False,1020b927db3ebd8b7510938867f1ad8d85fc180ca6b4537fd1cb5ee21c1ea334,user_local_LTC-USDT-SWAP_4h,unavailable,field is absent or its unit/provenance is not verified in the frozen catalog
unverified_local_exchange,swap,LTC-USDT-SWAP,4h,instrument_state,2020-01-01T00:00:00+00:00,2026-05-20T04:00:00+00:00,13988,99.914286,state,user_confirmed_local_history,effective_timestamp_of_frozen_snapshot,True,False,1020b927db3ebd8b7510938867f1ad8d85fc180ca6b4537fd1cb5ee21c1ea334,user_local_LTC-USDT-SWAP_4h,diagnostic_proxy,listing-state history is incomplete
unverified_local_exchange,swap,LTC-USDT-SWAP,4h,pit_universe,2020-01-01T00:00:00+00:00,2026-05-20T04:00:00+00:00,13988,99.914286,membership,user_confirmed_local_history,effective_timestamp_of_frozen_snapshot,True,False,1020b927db3ebd8b7510938867f1ad8d85fc180ca6b4537fd1cb5ee21c1ea334,user_local_LTC-USDT-SWAP_4h,diagnostic_proxy,listing-state history is incomplete
unverified_local_exchange,swap,BCH-USDT-SWAP,4h,open,2020-01-01T00:00:00+00:00,2026-05-15T04:00:00+00:00,13958,99.7,quote_currency_per_base_currency,user_confirmed_local_history,candle_close_timestamp,True,False,2777adf494f4a6ede2ed74fa3d9f822282a63eb7b119d209d2ccd25562bf7340,user_local_BCH-USDT-SWAP_4h,ready_proxy,frozen local OHLCV; exchange provenance unverified
unverified_local_exchange,swap,BCH-USDT-SWAP,4h,high,2020-01-01T00:00:00+00:00,2026-05-15T04:00:00+00:00,13958,99.7,quote_currency_per_base_currency,user_confirmed_local_history,candle_close_timestamp,True,False,2777adf494f4a6ede2ed74fa3d9f822282a63eb7b119d209d2ccd25562bf7340,user_local_BCH-USDT-SWAP_4h,ready_proxy,frozen local OHLCV; exchange provenance unverified
unverified_local_exchange,swap,BCH-USDT-SWAP,4h,low,2020-01-01T00:00:00+00:00,2026-05-15T04:00:00+00:00,13958,99.7,quote_currency_per_base_currency,user_confirmed_local_history,candle_close_timestamp,True,False,2777adf494f4a6ede2ed74fa3d9f822282a63eb7b119d209d2ccd25562bf7340,user_local_BCH-USDT-SWAP_4h,ready_proxy,frozen local OHLCV; exchange provenance unverified
unverified_local_exchange,swap,BCH-USDT-SWAP,4h,close,2020-01-01T00:00:00+00:00,2026-05-15T04:00:00+00:00,13958,99.7,quote_currency_per_base_currency,user_confirmed_local_history,candle_close_timestamp,True,False,2777adf494f4a6ede2ed74fa3d9f822282a63eb7b119d209d2ccd25562bf7340,user_local_BCH-USDT-SWAP_4h,ready_proxy,frozen local OHLCV; exchange provenance unverified
unverified_local_exchange,swap,BCH-USDT-SWAP,4h,reported_volume,2020-01-01T00:00:00+00:00,2026-05-15T04:00:00+00:00,13958,99.7,source_reported_unknown,user_confirmed_local_history,candle_close_timestamp,True,False,2777adf494f4a6ede2ed74fa3d9f822282a63eb7b119d209d2ccd25562bf7340,user_local_BCH-USDT-SWAP_4h,ready_proxy,frozen local OHLCV; exchange provenance unverified
unverified_local_exchange,swap,BCH-USDT-SWAP,4h,base_volume,2020-01-01T00:00:00+00:00,2026-05-15T04:00:00+00:00,0,0.0,base_currency,user_confirmed_local_history,candle_close_timestamp,True,False,2777adf494f4a6ede2ed74fa3d9f822282a63eb7b119d209d2ccd25562bf7340,user_local_BCH-USDT-SWAP_4h,unavailable,field is absent or its unit/provenance is not verified in the frozen catalog
unverified_local_exchange,swap,BCH-USDT-SWAP,4h,quote_volume,2020-01-01T00:00:00+00:00,2026-05-15T04:00:00+00:00,0,0.0,quote_currency,user_confirmed_local_history,candle_close_timestamp,True,False,2777adf494f4a6ede2ed74fa3d9f822282a63eb7b119d209d2ccd25562bf7340,user_local_BCH-USDT-SWAP_4h,unavailable,field is absent or its unit/provenance is not verified in the frozen catalog
unverified_local_exchange,swap,BCH-USDT-SWAP,4h,contract_volume,2020-01-01T00:00:00+00:00,2026-05-15T04:00:00+00:00,0,0.0,contracts,user_confirmed_local_history,candle_close_timestamp,True,False,2777adf494f4a6ede2ed74fa3d9f822282a63eb7b119d209d2ccd25562bf7340,user_local_BCH-USDT-SWAP_4h,unavailable,field is absent or its unit/provenance is not verified in the frozen catalog
unverified_local_exchange,swap,BCH-USDT-SWAP,4h,quote_turnover,2020-01-01T00:00:00+00:00,2026-05-15T04:00:00+00:00,0,0.0,quote_currency,user_confirmed_local_history,candle_close_timestamp,True,False,2777adf494f4a6ede2ed74fa3d9f822282a63eb7b119d209d2ccd25562bf7340,user_local_BCH-USDT-SWAP_4h,unavailable,field is absent or its unit/provenance is not verified in the frozen catalog
unverified_local_exchange,swap,BCH-USDT-SWAP,4h,vwap,2020-01-01T00:00:00+00:00,2026-05-15T04:00:00+00:00,0,0.0,quote_currency_per_base_currency,user_confirmed_local_history,candle_close_timestamp,True,False,2777adf494f4a6ede2ed74fa3d9f822282a63eb7b119d209d2ccd25562bf7340,user_local_BCH-USDT-SWAP_4h,unavailable,field is absent or its unit/provenance is not verified in the frozen catalog
unverified_local_exchange,swap,BCH-USDT-SWAP,4h,btc_returns,2020-01-01T00:00:00+00:00,2026-05-15T04:00:00+00:00,13958,99.7,decimal_return,user_confirmed_local_history,candle_close_timestamp,True,False,2777adf494f4a6ede2ed74fa3d9f822282a63eb7b119d209d2ccd25562bf7340,user_local_BCH-USDT-SWAP_4h,derived_proxy,derived causally from synchronized frozen close series
unverified_local_exchange,swap,BCH-USDT-SWAP,4h,residual_beta_inputs,2020-01-01T00:00:00+00:00,2026-05-15T04:00:00+00:00,13958,99.7,decimal_return,user_confirmed_local_history,candle_close_timestamp,True,False,2777adf494f4a6ede2ed74fa3d9f822282a63eb7b119d209d2ccd25562bf7340,user_local_BCH-USDT-SWAP_4h,derived_proxy,derived causally from synchronized frozen close series
unverified_local_exchange,swap,BCH-USDT-SWAP,4h,funding_rate,2020-01-01T00:00:00+00:00,2026-05-15T04:00:00+00:00,0,0.0,decimal_rate,user_confirmed_local_history,source_timestamp_plus_publication_delay,True,False,2777adf494f4a6ede2ed74fa3d9f822282a63eb7b119d209d2ccd25562bf7340,user_local_BCH-USDT-SWAP_4h,unavailable,field is absent or its unit/provenance is not verified in the frozen catalog
unverified_local_exchange,swap,BCH-USDT-SWAP,4h,open_interest,2020-01-01T00:00:00+00:00,2026-05-15T04:00:00+00:00,0,0.0,unavailable,user_confirmed_local_history,unavailable_without_frozen_publication_timestamp,True,False,2777adf494f4a6ede2ed74fa3d9f822282a63eb7b119d209d2ccd25562bf7340,user_local_BCH-USDT-SWAP_4h,unavailable,field is absent or its unit/provenance is not verified in the frozen catalog
unverified_local_exchange,swap,BCH-USDT-SWAP,4h,basis,2020-01-01T00:00:00+00:00,2026-05-15T04:00:00+00:00,0,0.0,decimal_return,user_confirmed_local_history,unavailable_without_frozen_publication_timestamp,True,False,2777adf494f4a6ede2ed74fa3d9f822282a63eb7b119d209d2ccd25562bf7340,user_local_BCH-USDT-SWAP_4h,unavailable,field is absent or its unit/provenance is not verified in the frozen catalog
unverified_local_exchange,swap,BCH-USDT-SWAP,4h,spot_price,2020-01-01T00:00:00+00:00,2026-05-15T04:00:00+00:00,0,0.0,quote_currency_per_base_currency,user_confirmed_local_history,candle_close_timestamp,True,False,2777adf494f4a6ede2ed74fa3d9f822282a63eb7b119d209d2ccd25562bf7340,user_local_BCH-USDT-SWAP_4h,unavailable,field is absent or its unit/provenance is not verified in the frozen catalog
unverified_local_exchange,swap,BCH-USDT-SWAP,4h,perpetual_price,2020-01-01T00:00:00+00:00,2026-05-15T04:00:00+00:00,13958,99.7,quote_currency_per_base_currency,user_confirmed_local_history,candle_close_timestamp,True,False,2777adf494f4a6ede2ed74fa3d9f822282a63eb7b119d209d2ccd25562bf7340,user_local_BCH-USDT-SWAP_4h,ready_proxy,frozen local OHLCV; exchange provenance unverified
unverified_local_exchange,swap,BCH-USDT-SWAP,4h,liquidation,2020-01-01T00:00:00+00:00,2026-05-15T04:00:00+00:00,0,0.0,unavailable,user_confirmed_local_history,unavailable_without_frozen_publication_timestamp,True,False,2777adf494f4a6ede2ed74fa3d9f822282a63eb7b119d209d2ccd25562bf7340,user_local_BCH-USDT-SWAP_4h,unavailable,field is absent or its unit/provenance is not verified in the frozen catalog
unverified_local_exchange,swap,BCH-USDT-SWAP,4h,orderbook,2020-01-01T00:00:00+00:00,2026-05-15T04:00:00+00:00,0,0.0,unavailable,user_confirmed_local_history,unavailable_without_frozen_publication_timestamp,True,False,2777adf494f4a6ede2ed74fa3d9f822282a63eb7b119d209d2ccd25562bf7340,user_local_BCH-USDT-SWAP_4h,unavailable,field is absent or its unit/provenance is not verified in the frozen catalog
unverified_local_exchange,swap,BCH-USDT-SWAP,4h,instrument_state,2020-01-01T00:00:00+00:00,2026-05-15T04:00:00+00:00,13958,99.7,state,user_confirmed_local_history,effective_timestamp_of_frozen_snapshot,True,False,2777adf494f4a6ede2ed74fa3d9f822282a63eb7b119d209d2ccd25562bf7340,user_local_BCH-USDT-SWAP_4h,diagnostic_proxy,listing-state history is incomplete
unverified_local_exchange,swap,BCH-USDT-SWAP,4h,pit_universe,2020-01-01T00:00:00+00:00,2026-05-15T04:00:00+00:00,13958,99.7,membership,user_confirmed_local_history,effective_timestamp_of_frozen_snapshot,True,False,2777adf494f4a6ede2ed74fa3d9f822282a63eb7b119d209d2ccd25562bf7340,user_local_BCH-USDT-SWAP_4h,diagnostic_proxy,listing-state history is incomplete
unverified_local_exchange,swap,ETC-USDT-SWAP,4h,open,2020-01-01T00:00:00+00:00,2026-05-17T08:00:00+00:00,13971,99.792857,quote_currency_per_base_currency,user_confirmed_local_history,candle_close_timestamp,True,False,e47de5a5e622b1c37ae71b8f40f76f349a285133528e9538819c7b03701c4ef8,user_local_ETC-USDT-SWAP_4h,ready_proxy,frozen local OHLCV; exchange provenance unverified
unverified_local_exchange,swap,ETC-USDT-SWAP,4h,high,2020-01-01T00:00:00+00:00,2026-05-17T08:00:00+00:00,13971,99.792857,quote_currency_per_base_currency,user_confirmed_local_history,candle_close_timestamp,True,False,e47de5a5e622b1c37ae71b8f40f76f349a285133528e9538819c7b03701c4ef8,user_local_ETC-USDT-SWAP_4h,ready_proxy,frozen local OHLCV; exchange provenance unverified
unverified_local_exchange,swap,ETC-USDT-SWAP,4h,low,2020-01-01T00:00:00+00:00,2026-05-17T08:00:00+00:00,13971,99.792857,quote_currency_per_base_currency,user_confirmed_local_history,candle_close_timestamp,True,False,e47de5a5e622b1c37ae71b8f40f76f349a285133528e9538819c7b03701c4ef8,user_local_ETC-USDT-SWAP_4h,ready_proxy,frozen local OHLCV; exchange provenance unverified
unverified_local_exchange,swap,ETC-USDT-SWAP,4h,close,2020-01-01T00:00:00+00:00,2026-05-17T08:00:00+00:00,13971,99.792857,quote_currency_per_base_currency,user_confirmed_local_history,candle_close_timestamp,True,False,e47de5a5e622b1c37ae71b8f40f76f349a285133528e9538819c7b03701c4ef8,user_local_ETC-USDT-SWAP_4h,ready_proxy,frozen local OHLCV; exchange provenance unverified
unverified_local_exchange,swap,ETC-USDT-SWAP,4h,reported_volume,2020-01-01T00:00:00+00:00,2026-05-17T08:00:00+00:00,13971,99.792857,source_reported_unknown,user_confirmed_local_history,candle_close_timestamp,True,False,e47de5a5e622b1c37ae71b8f40f76f349a285133528e9538819c7b03701c4ef8,user_local_ETC-USDT-SWAP_4h,ready_proxy,frozen local OHLCV; exchange provenance unverified
unverified_local_exchange,swap,ETC-USDT-SWAP,4h,base_volume,2020-01-01T00:00:00+00:00,2026-05-17T08:00:00+00:00,0,0.0,base_currency,user_confirmed_local_history,candle_close_timestamp,True,False,e47de5a5e622b1c37ae71b8f40f76f349a285133528e9538819c7b03701c4ef8,user_local_ETC-USDT-SWAP_4h,unavailable,field is absent or its unit/provenance is not verified in the frozen catalog
unverified_local_exchange,swap,ETC-USDT-SWAP,4h,quote_volume,2020-01-01T00:00:00+00:00,2026-05-17T08:00:00+00:00,0,0.0,quote_currency,user_confirmed_local_history,candle_close_timestamp,True,False,e47de5a5e622b1c37ae71b8f40f76f349a285133528e9538819c7b03701c4ef8,user_local_ETC-USDT-SWAP_4h,unavailable,field is absent or its unit/provenance is not verified in the frozen catalog
unverified_local_exchange,swap,ETC-USDT-SWAP,4h,contract_volume,2020-01-01T00:00:00+00:00,2026-05-17T08:00:00+00:00,0,0.0,contracts,user_confirmed_local_history,candle_close_timestamp,True,False,e47de5a5e622b1c37ae71b8f40f76f349a285133528e9538819c7b03701c4ef8,user_local_ETC-USDT-SWAP_4h,unavailable,field is absent or its unit/provenance is not verified in the frozen catalog
unverified_local_exchange,swap,ETC-USDT-SWAP,4h,quote_turnover,2020-01-01T00:00:00+00:00,2026-05-17T08:00:00+00:00,0,0.0,quote_currency,user_confirmed_local_history,candle_close_timestamp,True,False,e47de5a5e622b1c37ae71b8f40f76f349a285133528e9538819c7b03701c4ef8,user_local_ETC-USDT-SWAP_4h,unavailable,field is absent or its unit/provenance is not verified in the frozen catalog
unverified_local_exchange,swap,ETC-USDT-SWAP,4h,vwap,2020-01-01T00:00:00+00:00,2026-05-17T08:00:00+00:00,0,0.0,quote_currency_per_base_currency,user_confirmed_local_history,candle_close_timestamp,True,False,e47de5a5e622b1c37ae71b8f40f76f349a285133528e9538819c7b03701c4ef8,user_local_ETC-USDT-SWAP_4h,unavailable,field is absent or its unit/provenance is not verified in the frozen catalog
unverified_local_exchange,swap,ETC-USDT-SWAP,4h,btc_returns,2020-01-01T00:00:00+00:00,2026-05-17T08:00:00+00:00,13971,99.792857,decimal_return,user_confirmed_local_history,candle_close_timestamp,True,False,e47de5a5e622b1c37ae71b8f40f76f349a285133528e9538819c7b03701c4ef8,user_local_ETC-USDT-SWAP_4h,derived_proxy,derived causally from synchronized frozen close series
unverified_local_exchange,swap,ETC-USDT-SWAP,4h,residual_beta_inputs,2020-01-01T00:00:00+00:00,2026-05-17T08:00:00+00:00,13971,99.792857,decimal_return,user_confirmed_local_history,candle_close_timestamp,True,False,e47de5a5e622b1c37ae71b8f40f76f349a285133528e9538819c7b03701c4ef8,user_local_ETC-USDT-SWAP_4h,derived_proxy,derived causally from synchronized frozen close series
unverified_local_exchange,swap,ETC-USDT-SWAP,4h,funding_rate,2020-01-01T00:00:00+00:00,2026-05-17T08:00:00+00:00,0,0.0,decimal_rate,user_confirmed_local_history,source_timestamp_plus_publication_delay,True,False,e47de5a5e622b1c37ae71b8f40f76f349a285133528e9538819c7b03701c4ef8,user_local_ETC-USDT-SWAP_4h,unavailable,field is absent or its unit/provenance is not verified in the frozen catalog
unverified_local_exchange,swap,ETC-USDT-SWAP,4h,open_interest,2020-01-01T00:00:00+00:00,2026-05-17T08:00:00+00:00,0,0.0,unavailable,user_confirmed_local_history,unavailable_without_frozen_publication_timestamp,True,False,e47de5a5e622b1c37ae71b8f40f76f349a285133528e9538819c7b03701c4ef8,user_local_ETC-USDT-SWAP_4h,unavailable,field is absent or its unit/provenance is not verified in the frozen catalog
unverified_local_exchange,swap,ETC-USDT-SWAP,4h,basis,2020-01-01T00:00:00+00:00,2026-05-17T08:00:00+00:00,0,0.0,decimal_return,user_confirmed_local_history,unavailable_without_frozen_publication_timestamp,True,False,e47de5a5e622b1c37ae71b8f40f76f349a285133528e9538819c7b03701c4ef8,user_local_ETC-USDT-SWAP_4h,unavailable,field is absent or its unit/provenance is not verified in the frozen catalog
unverified_local_exchange,swap,ETC-USDT-SWAP,4h,spot_price,2020-01-01T00:00:00+00:00,2026-05-17T08:00:00+00:00,0,0.0,quote_currency_per_base_currency,user_confirmed_local_history,candle_close_timestamp,True,False,e47de5a5e622b1c37ae71b8f40f76f349a285133528e9538819c7b03701c4ef8,user_local_ETC-USDT-SWAP_4h,unavailable,field is absent or its unit/provenance is not verified in the frozen catalog
unverified_local_exchange,swap,ETC-USDT-SWAP,4h,perpetual_price,2020-01-01T00:00:00+00:00,2026-05-17T08:00:00+00:00,13971,99.792857,quote_currency_per_base_currency,user_confirmed_local_history,candle_close_timestamp,True,False,e47de5a5e622b1c37ae71b8f40f76f349a285133528e9538819c7b03701c4ef8,user_local_ETC-USDT-SWAP_4h,ready_proxy,frozen local OHLCV; exchange provenance unverified
unverified_local_exchange,swap,ETC-USDT-SWAP,4h,liquidation,2020-01-01T00:00:00+00:00,2026-05-17T08:00:00+00:00,0,0.0,unavailable,user_confirmed_local_history,unavailable_without_frozen_publication_timestamp,True,False,e47de5a5e622b1c37ae71b8f40f76f349a285133528e9538819c7b03701c4ef8,user_local_ETC-USDT-SWAP_4h,unavailable,field is absent or its unit/provenance is not verified in the frozen catalog
unverified_local_exchange,swap,ETC-USDT-SWAP,4h,orderbook,2020-01-01T00:00:00+00:00,2026-05-17T08:00:00+00:00,0,0.0,unavailable,user_confirmed_local_history,unavailable_without_frozen_publication_timestamp,True,False,e47de5a5e622b1c37ae71b8f40f76f349a285133528e9538819c7b03701c4ef8,user_local_ETC-USDT-SWAP_4h,unavailable,field is absent or its unit/provenance is not verified in the frozen catalog
unverified_local_exchange,swap,ETC-USDT-SWAP,4h,instrument_state,2020-01-01T00:00:00+00:00,2026-05-17T08:00:00+00:00,13971,99.792857,state,user_confirmed_local_history,effective_timestamp_of_frozen_snapshot,True,False,e47de5a5e622b1c37ae71b8f40f76f349a285133528e9538819c7b03701c4ef8,user_local_ETC-USDT-SWAP_4h,diagnostic_proxy,listing-state history is incomplete
unverified_local_exchange,swap,ETC-USDT-SWAP,4h,pit_universe,2020-01-01T00:00:00+00:00,2026-05-17T08:00:00+00:00,13971,99.792857,membership,user_confirmed_local_history,effective_timestamp_of_frozen_snapshot,True,False,e47de5a5e622b1c37ae71b8f40f76f349a285133528e9538819c7b03701c4ef8,user_local_ETC-USDT-SWAP_4h,diagnostic_proxy,listing-state history is incomplete
unverified_local_exchange,swap,ADA-USDT-SWAP,4h,open,2020-03-10T08:00:00+00:00,2026-05-11T08:00:00+00:00,13519,96.564286,quote_currency_per_base_currency,user_confirmed_local_history,candle_close_timestamp,True,False,dc442b69721d98dea475ac984720064bf426b4ccef83cf6b4e429b8f56e0022e,user_local_ADA-USDT-SWAP_4h,ready_proxy,frozen local OHLCV; exchange provenance unverified
unverified_local_exchange,swap,ADA-USDT-SWAP,4h,high,2020-03-10T08:00:00+00:00,2026-05-11T08:00:00+00:00,13519,96.564286,quote_currency_per_base_currency,user_confirmed_local_history,candle_close_timestamp,True,False,dc442b69721d98dea475ac984720064bf426b4ccef83cf6b4e429b8f56e0022e,user_local_ADA-USDT-SWAP_4h,ready_proxy,frozen local OHLCV; exchange provenance unverified
unverified_local_exchange,swap,ADA-USDT-SWAP,4h,low,2020-03-10T08:00:00+00:00,2026-05-11T08:00:00+00:00,13519,96.564286,quote_currency_per_base_currency,user_confirmed_local_history,candle_close_timestamp,True,False,dc442b69721d98dea475ac984720064bf426b4ccef83cf6b4e429b8f56e0022e,user_local_ADA-USDT-SWAP_4h,ready_proxy,frozen local OHLCV; exchange provenance unverified
unverified_local_exchange,swap,ADA-USDT-SWAP,4h,close,2020-03-10T08:00:00+00:00,2026-05-11T08:00:00+00:00,13519,96.564286,quote_currency_per_base_currency,user_confirmed_local_history,candle_close_timestamp,True,False,dc442b69721d98dea475ac984720064bf426b4ccef83cf6b4e429b8f56e0022e,user_local_ADA-USDT-SWAP_4h,ready_proxy,frozen local OHLCV; exchange provenance unverified
unverified_local_exchange,swap,ADA-USDT-SWAP,4h,reported_volume,2020-03-10T08:00:00+00:00,2026-05-11T08:00:00+00:00,13519,96.564286,source_reported_unknown,user_confirmed_local_history,candle_close_timestamp,True,False,dc442b69721d98dea475ac984720064bf426b4ccef83cf6b4e429b8f56e0022e,user_local_ADA-USDT-SWAP_4h,ready_proxy,frozen local OHLCV; exchange provenance unverified
unverified_local_exchange,swap,ADA-USDT-SWAP,4h,base_volume,2020-03-10T08:00:00+00:00,2026-05-11T08:00:00+00:00,0,0.0,base_currency,user_confirmed_local_history,candle_close_timestamp,True,False,dc442b69721d98dea475ac984720064bf426b4ccef83cf6b4e429b8f56e0022e,user_local_ADA-USDT-SWAP_4h,unavailable,field is absent or its unit/provenance is not verified in the frozen catalog
unverified_local_exchange,swap,ADA-USDT-SWAP,4h,quote_volume,2020-03-10T08:00:00+00:00,2026-05-11T08:00:00+00:00,0,0.0,quote_currency,user_confirmed_local_history,candle_close_timestamp,True,False,dc442b69721d98dea475ac984720064bf426b4ccef83cf6b4e429b8f56e0022e,user_local_ADA-USDT-SWAP_4h,unavailable,field is absent or its unit/provenance is not verified in the frozen catalog
unverified_local_exchange,swap,ADA-USDT-SWAP,4h,contract_volume,2020-03-10T08:00:00+00:00,2026-05-11T08:00:00+00:00,0,0.0,contracts,user_confirmed_local_history,candle_close_timestamp,True,False,dc442b69721d98dea475ac984720064bf426b4ccef83cf6b4e429b8f56e0022e,user_local_ADA-USDT-SWAP_4h,unavailable,field is absent or its unit/provenance is not verified in the frozen catalog
unverified_local_exchange,swap,ADA-USDT-SWAP,4h,quote_turnover,2020-03-10T08:00:00+00:00,2026-05-11T08:00:00+00:00,0,0.0,quote_currency,user_confirmed_local_history,candle_close_timestamp,True,False,dc442b69721d98dea475ac984720064bf426b4ccef83cf6b4e429b8f56e0022e,user_local_ADA-USDT-SWAP_4h,unavailable,field is absent or its unit/provenance is not verified in the frozen catalog
unverified_local_exchange,swap,ADA-USDT-SWAP,4h,vwap,2020-03-10T08:00:00+00:00,2026-05-11T08:00:00+00:00,0,0.0,quote_currency_per_base_currency,user_confirmed_local_history,candle_close_timestamp,True,False,dc442b69721d98dea475ac984720064bf426b4ccef83cf6b4e429b8f56e0022e,user_local_ADA-USDT-SWAP_4h,unavailable,field is absent or its unit/provenance is not verified in the frozen catalog
unverified_local_exchange,swap,ADA-USDT-SWAP,4h,btc_returns,2020-03-10T08:00:00+00:00,2026-05-11T08:00:00+00:00,13519,96.564286,decimal_return,user_confirmed_local_history,candle_close_timestamp,True,False,dc442b69721d98dea475ac984720064bf426b4ccef83cf6b4e429b8f56e0022e,user_local_ADA-USDT-SWAP_4h,derived_proxy,derived causally from synchronized frozen close series
unverified_local_exchange,swap,ADA-USDT-SWAP,4h,residual_beta_inputs,2020-03-10T08:00:00+00:00,2026-05-11T08:00:00+00:00,13519,96.564286,decimal_return,user_confirmed_local_history,candle_close_timestamp,True,False,dc442b69721d98dea475ac984720064bf426b4ccef83cf6b4e429b8f56e0022e,user_local_ADA-USDT-SWAP_4h,derived_proxy,derived causally from synchronized frozen close series
unverified_local_exchange,swap,ADA-USDT-SWAP,4h,funding_rate,2020-03-10T08:00:00+00:00,2026-05-11T08:00:00+00:00,0,0.0,decimal_rate,user_confirmed_local_history,source_timestamp_plus_publication_delay,True,False,dc442b69721d98dea475ac984720064bf426b4ccef83cf6b4e429b8f56e0022e,user_local_ADA-USDT-SWAP_4h,unavailable,field is absent or its unit/provenance is not verified in the frozen catalog
unverified_local_exchange,swap,ADA-USDT-SWAP,4h,open_interest,2020-03-10T08:00:00+00:00,2026-05-11T08:00:00+00:00,0,0.0,unavailable,user_confirmed_local_history,unavailable_without_frozen_publication_timestamp,True,False,dc442b69721d98dea475ac984720064bf426b4ccef83cf6b4e429b8f56e0022e,user_local_ADA-USDT-SWAP_4h,unavailable,field is absent or its unit/provenance is not verified in the frozen catalog
unverified_local_exchange,swap,ADA-USDT-SWAP,4h,basis,2020-03-10T08:00:00+00:00,2026-05-11T08:00:00+00:00,0,0.0,decimal_return,user_confirmed_local_history,unavailable_without_frozen_publication_timestamp,True,False,dc442b69721d98dea475ac984720064bf426b4ccef83cf6b4e429b8f56e0022e,user_local_ADA-USDT-SWAP_4h,unavailable,field is absent or its unit/provenance is not verified in the frozen catalog
unverified_local_exchange,swap,ADA-USDT-SWAP,4h,spot_price,2020-03-10T08:00:00+00:00,2026-05-11T08:00:00+00:00,0,0.0,quote_currency_per_base_currency,user_confirmed_local_history,candle_close_timestamp,True,False,dc442b69721d98dea475ac984720064bf426b4ccef83cf6b4e429b8f56e0022e,user_local_ADA-USDT-SWAP_4h,unavailable,field is absent or its unit/provenance is not verified in the frozen catalog
unverified_local_exchange,swap,ADA-USDT-SWAP,4h,perpetual_price,2020-03-10T08:00:00+00:00,2026-05-11T08:00:00+00:00,13519,96.564286,quote_currency_per_base_currency,user_confirmed_local_history,candle_close_timestamp,True,False,dc442b69721d98dea475ac984720064bf426b4ccef83cf6b4e429b8f56e0022e,user_local_ADA-USDT-SWAP_4h,ready_proxy,frozen local OHLCV; exchange provenance unverified
unverified_local_exchange,swap,ADA-USDT-SWAP,4h,liquidation,2020-03-10T08:00:00+00:00,2026-05-11T08:00:00+00:00,0,0.0,unavailable,user_confirmed_local_history,unavailable_without_frozen_publication_timestamp,True,False,dc442b69721d98dea475ac984720064bf426b4ccef83cf6b4e429b8f56e0022e,user_local_ADA-USDT-SWAP_4h,unavailable,field is absent or its unit/provenance is not verified in the frozen catalog
unverified_local_exchange,swap,ADA-USDT-SWAP,4h,orderbook,2020-03-10T08:00:00+00:00,2026-05-11T08:00:00+00:00,0,0.0,unavailable,user_confirmed_local_history,unavailable_without_frozen_publication_timestamp,True,False,dc442b69721d98dea475ac984720064bf426b4ccef83cf6b4e429b8f56e0022e,user_local_ADA-USDT-SWAP_4h,unavailable,field is absent or its unit/provenance is not verified in the frozen catalog
unverified_local_exchange,swap,ADA-USDT-SWAP,4h,instrument_state,2020-03-10T08:00:00+00:00,2026-05-11T08:00:00+00:00,13519,96.564286,state,user_confirmed_local_history,effective_timestamp_of_frozen_snapshot,True,False,dc442b69721d98dea475ac984720064bf426b4ccef83cf6b4e429b8f56e0022e,user_local_ADA-USDT-SWAP_4h,diagnostic_proxy,listing-state history is incomplete
unverified_local_exchange,swap,ADA-USDT-SWAP,4h,pit_universe,2020-03-10T08:00:00+00:00,2026-05-11T08:00:00+00:00,13519,96.564286,membership,user_confirmed_local_history,effective_timestamp_of_frozen_snapshot,True,False,dc442b69721d98dea475ac984720064bf426b4ccef83cf6b4e429b8f56e0022e,user_local_ADA-USDT-SWAP_4h,diagnostic_proxy,listing-state history is incomplete
unverified_local_exchange,swap,LINK-USDT-SWAP,4h,open,2020-03-06T08:00:00+00:00,2026-05-19T08:00:00+00:00,13591,97.078571,quote_currency_per_base_currency,user_confirmed_local_history,candle_close_timestamp,True,False,623bd2edfee76eb8ef94950d020f462691f869817bb1530fab6f905c5303a00e,user_local_LINK-USDT-SWAP_4h,ready_proxy,frozen local OHLCV; exchange provenance unverified
unverified_local_exchange,swap,LINK-USDT-SWAP,4h,high,2020-03-06T08:00:00+00:00,2026-05-19T08:00:00+00:00,13591,97.078571,quote_currency_per_base_currency,user_confirmed_local_history,candle_close_timestamp,True,False,623bd2edfee76eb8ef94950d020f462691f869817bb1530fab6f905c5303a00e,user_local_LINK-USDT-SWAP_4h,ready_proxy,frozen local OHLCV; exchange provenance unverified
unverified_local_exchange,swap,LINK-USDT-SWAP,4h,low,2020-03-06T08:00:00+00:00,2026-05-19T08:00:00+00:00,13591,97.078571,quote_currency_per_base_currency,user_confirmed_local_history,candle_close_timestamp,True,False,623bd2edfee76eb8ef94950d020f462691f869817bb1530fab6f905c5303a00e,user_local_LINK-USDT-SWAP_4h,ready_proxy,frozen local OHLCV; exchange provenance unverified
unverified_local_exchange,swap,LINK-USDT-SWAP,4h,close,2020-03-06T08:00:00+00:00,2026-05-19T08:00:00+00:00,13591,97.078571,quote_currency_per_base_currency,user_confirmed_local_history,candle_close_timestamp,True,False,623bd2edfee76eb8ef94950d020f462691f869817bb1530fab6f905c5303a00e,user_local_LINK-USDT-SWAP_4h,ready_proxy,frozen local OHLCV; exchange provenance unverified
unverified_local_exchange,swap,LINK-USDT-SWAP,4h,reported_volume,2020-03-06T08:00:00+00:00,2026-05-19T08:00:00+00:00,13591,97.078571,source_reported_unknown,user_confirmed_local_history,candle_close_timestamp,True,False,623bd2edfee76eb8ef94950d020f462691f869817bb1530fab6f905c5303a00e,user_local_LINK-USDT-SWAP_4h,ready_proxy,frozen local OHLCV; exchange provenance unverified
unverified_local_exchange,swap,LINK-USDT-SWAP,4h,base_volume,2020-03-06T08:00:00+00:00,2026-05-19T08:00:00+00:00,0,0.0,base_currency,user_confirmed_local_history,candle_close_timestamp,True,False,623bd2edfee76eb8ef94950d020f462691f869817bb1530fab6f905c5303a00e,user_local_LINK-USDT-SWAP_4h,unavailable,field is absent or its unit/provenance is not verified in the frozen catalog
unverified_local_exchange,swap,LINK-USDT-SWAP,4h,quote_volume,2020-03-06T08:00:00+00:00,2026-05-19T08:00:00+00:00,0,0.0,quote_currency,user_confirmed_local_history,candle_close_timestamp,True,False,623bd2edfee76eb8ef94950d020f462691f869817bb1530fab6f905c5303a00e,user_local_LINK-USDT-SWAP_4h,unavailable,field is absent or its unit/provenance is not verified in the frozen catalog
unverified_local_exchange,swap,LINK-USDT-SWAP,4h,contract_volume,2020-03-06T08:00:00+00:00,2026-05-19T08:00:00+00:00,0,0.0,contracts,user_confirmed_local_history,candle_close_timestamp,True,False,623bd2edfee76eb8ef94950d020f462691f869817bb1530fab6f905c5303a00e,user_local_LINK-USDT-SWAP_4h,unavailable,field is absent or its unit/provenance is not verified in the frozen catalog
unverified_local_exchange,swap,LINK-USDT-SWAP,4h,quote_turnover,2020-03-06T08:00:00+00:00,2026-05-19T08:00:00+00:00,0,0.0,quote_currency,user_confirmed_local_history,candle_close_timestamp,True,False,623bd2edfee76eb8ef94950d020f462691f869817bb1530fab6f905c5303a00e,user_local_LINK-USDT-SWAP_4h,unavailable,field is absent or its unit/provenance is not verified in the frozen catalog
unverified_local_exchange,swap,LINK-USDT-SWAP,4h,vwap,2020-03-06T08:00:00+00:00,2026-05-19T08:00:00+00:00,0,0.0,quote_currency_per_base_currency,user_confirmed_local_history,candle_close_timestamp,True,False,623bd2edfee76eb8ef94950d020f462691f869817bb1530fab6f905c5303a00e,user_local_LINK-USDT-SWAP_4h,unavailable,field is absent or its unit/provenance is not verified in the frozen catalog
unverified_local_exchange,swap,LINK-USDT-SWAP,4h,btc_returns,2020-03-06T08:00:00+00:00,2026-05-19T08:00:00+00:00,13591,97.078571,decimal_return,user_confirmed_local_history,candle_close_timestamp,True,False,623bd2edfee76eb8ef94950d020f462691f869817bb1530fab6f905c5303a00e,user_local_LINK-USDT-SWAP_4h,derived_proxy,derived causally from synchronized frozen close series
unverified_local_exchange,swap,LINK-USDT-SWAP,4h,residual_beta_inputs,2020-03-06T08:00:00+00:00,2026-05-19T08:00:00+00:00,13591,97.078571,decimal_return,user_confirmed_local_history,candle_close_timestamp,True,False,623bd2edfee76eb8ef94950d020f462691f869817bb1530fab6f905c5303a00e,user_local_LINK-USDT-SWAP_4h,derived_proxy,derived causally from synchronized frozen close series
unverified_local_exchange,swap,LINK-USDT-SWAP,4h,funding_rate,2020-03-06T08:00:00+00:00,2026-05-19T08:00:00+00:00,0,0.0,decimal_rate,user_confirmed_local_history,source_timestamp_plus_publication_delay,True,False,623bd2edfee76eb8ef94950d020f462691f869817bb1530fab6f905c5303a00e,user_local_LINK-USDT-SWAP_4h,unavailable,field is absent or its unit/provenance is not verified in the frozen catalog
unverified_local_exchange,swap,LINK-USDT-SWAP,4h,open_interest,2020-03-06T08:00:00+00:00,2026-05-19T08:00:00+00:00,0,0.0,unavailable,user_confirmed_local_history,unavailable_without_frozen_publication_timestamp,True,False,623bd2edfee76eb8ef94950d020f462691f869817bb1530fab6f905c5303a00e,user_local_LINK-USDT-SWAP_4h,unavailable,field is absent or its unit/provenance is not verified in the frozen catalog
unverified_local_exchange,swap,LINK-USDT-SWAP,4h,basis,2020-03-06T08:00:00+00:00,2026-05-19T08:00:00+00:00,0,0.0,decimal_return,user_confirmed_local_history,unavailable_without_frozen_publication_timestamp,True,False,623bd2edfee76eb8ef94950d020f462691f869817bb1530fab6f905c5303a00e,user_local_LINK-USDT-SWAP_4h,unavailable,field is absent or its unit/provenance is not verified in the frozen catalog
unverified_local_exchange,swap,LINK-USDT-SWAP,4h,spot_price,2020-03-06T08:00:00+00:00,2026-05-19T08:00:00+00:00,0,0.0,quote_currency_per_base_currency,user_confirmed_local_history,candle_close_timestamp,True,False,623bd2edfee76eb8ef94950d020f462691f869817bb1530fab6f905c5303a00e,user_local_LINK-USDT-SWAP_4h,unavailable,field is absent or its unit/provenance is not verified in the frozen catalog
unverified_local_exchange,swap,LINK-USDT-SWAP,4h,perpetual_price,2020-03-06T08:00:00+00:00,2026-05-19T08:00:00+00:00,13591,97.078571,quote_currency_per_base_currency,user_confirmed_local_history,candle_close_timestamp,True,False,623bd2edfee76eb8ef94950d020f462691f869817bb1530fab6f905c5303a00e,user_local_LINK-USDT-SWAP_4h,ready_proxy,frozen local OHLCV; exchange provenance unverified
unverified_local_exchange,swap,LINK-USDT-SWAP,4h,liquidation,2020-03-06T08:00:00+00:00,2026-05-19T08:00:00+00:00,0,0.0,unavailable,user_confirmed_local_history,unavailable_without_frozen_publication_timestamp,True,False,623bd2edfee76eb8ef94950d020f462691f869817bb1530fab6f905c5303a00e,user_local_LINK-USDT-SWAP_4h,unavailable,field is absent or its unit/provenance is not verified in the frozen catalog
unverified_local_exchange,swap,LINK-USDT-SWAP,4h,orderbook,2020-03-06T08:00:00+00:00,2026-05-19T08:00:00+00:00,0,0.0,unavailable,user_confirmed_local_history,unavailable_without_frozen_publication_timestamp,True,False,623bd2edfee76eb8ef94950d020f462691f869817bb1530fab6f905c5303a00e,user_local_LINK-USDT-SWAP_4h,unavailable,field is absent or its unit/provenance is not verified in the frozen catalog
unverified_local_exchange,swap,LINK-USDT-SWAP,4h,instrument_state,2020-03-06T08:00:00+00:00,2026-05-19T08:00:00+00:00,13591,97.078571,state,user_confirmed_local_history,effective_timestamp_of_frozen_snapshot,True,False,623bd2edfee76eb8ef94950d020f462691f869817bb1530fab6f905c5303a00e,user_local_LINK-USDT-SWAP_4h,diagnostic_proxy,listing-state history is incomplete
unverified_local_exchange,swap,LINK-USDT-SWAP,4h,pit_universe,2020-03-06T08:00:00+00:00,2026-05-19T08:00:00+00:00,13591,97.078571,membership,user_confirmed_local_history,effective_timestamp_of_frozen_snapshot,True,False,623bd2edfee76eb8ef94950d020f462691f869817bb1530fab6f905c5303a00e,user_local_LINK-USDT-SWAP_4h,diagnostic_proxy,listing-state history is incomplete
unverified_local_exchange,swap,BTC-USDT-SWAP,1d,open,2020-01-01T16:00:00+00:00,2026-05-15T16:00:00+00:00,2327,99.785592,quote_currency_per_base_currency,user_confirmed_local_history,candle_close_timestamp,True,False,c071a5a0dfe91fb1d17b9f539be8dd68cac6eac39d00d05d2aebbc77d987dfe2,user_local_BTC-USDT-SWAP_1d,ready_proxy,frozen local OHLCV; exchange provenance unverified
unverified_local_exchange,swap,BTC-USDT-SWAP,1d,high,2020-01-01T16:00:00+00:00,2026-05-15T16:00:00+00:00,2327,99.785592,quote_currency_per_base_currency,user_confirmed_local_history,candle_close_timestamp,True,False,c071a5a0dfe91fb1d17b9f539be8dd68cac6eac39d00d05d2aebbc77d987dfe2,user_local_BTC-USDT-SWAP_1d,ready_proxy,frozen local OHLCV; exchange provenance unverified
unverified_local_exchange,swap,BTC-USDT-SWAP,1d,low,2020-01-01T16:00:00+00:00,2026-05-15T16:00:00+00:00,2327,99.785592,quote_currency_per_base_currency,user_confirmed_local_history,candle_close_timestamp,True,False,c071a5a0dfe91fb1d17b9f539be8dd68cac6eac39d00d05d2aebbc77d987dfe2,user_local_BTC-USDT-SWAP_1d,ready_proxy,frozen local OHLCV; exchange provenance unverified
unverified_local_exchange,swap,BTC-USDT-SWAP,1d,close,2020-01-01T16:00:00+00:00,2026-05-15T16:00:00+00:00,2327,99.785592,quote_currency_per_base_currency,user_confirmed_local_history,candle_close_timestamp,True,False,c071a5a0dfe91fb1d17b9f539be8dd68cac6eac39d00d05d2aebbc77d987dfe2,user_local_BTC-USDT-SWAP_1d,ready_proxy,frozen local OHLCV; exchange provenance unverified
unverified_local_exchange,swap,BTC-USDT-SWAP,1d,reported_volume,2020-01-01T16:00:00+00:00,2026-05-15T16:00:00+00:00,2327,99.785592,source_reported_unknown,user_confirmed_local_history,candle_close_timestamp,True,False,c071a5a0dfe91fb1d17b9f539be8dd68cac6eac39d00d05d2aebbc77d987dfe2,user_local_BTC-USDT-SWAP_1d,ready_proxy,frozen local OHLCV; exchange provenance unverified
unverified_local_exchange,swap,BTC-USDT-SWAP,1d,base_volume,2020-01-01T16:00:00+00:00,2026-05-15T16:00:00+00:00,0,0.0,base_currency,user_confirmed_local_history,candle_close_timestamp,True,False,c071a5a0dfe91fb1d17b9f539be8dd68cac6eac39d00d05d2aebbc77d987dfe2,user_local_BTC-USDT-SWAP_1d,unavailable,field is absent or its unit/provenance is not verified in the frozen catalog
unverified_local_exchange,swap,BTC-USDT-SWAP,1d,quote_volume,2020-01-01T16:00:00+00:00,2026-05-15T16:00:00+00:00,0,0.0,quote_currency,user_confirmed_local_history,candle_close_timestamp,True,False,c071a5a0dfe91fb1d17b9f539be8dd68cac6eac39d00d05d2aebbc77d987dfe2,user_local_BTC-USDT-SWAP_1d,unavailable,field is absent or its unit/provenance is not verified in the frozen catalog
unverified_local_exchange,swap,BTC-USDT-SWAP,1d,contract_volume,2020-01-01T16:00:00+00:00,2026-05-15T16:00:00+00:00,0,0.0,contracts,user_confirmed_local_history,candle_close_timestamp,True,False,c071a5a0dfe91fb1d17b9f539be8dd68cac6eac39d00d05d2aebbc77d987dfe2,user_local_BTC-USDT-SWAP_1d,unavailable,field is absent or its unit/provenance is not verified in the frozen catalog
unverified_local_exchange,swap,BTC-USDT-SWAP,1d,quote_turnover,2020-01-01T16:00:00+00:00,2026-05-15T16:00:00+00:00,0,0.0,quote_currency,user_confirmed_local_history,candle_close_timestamp,True,False,c071a5a0dfe91fb1d17b9f539be8dd68cac6eac39d00d05d2aebbc77d987dfe2,user_local_BTC-USDT-SWAP_1d,unavailable,field is absent or its unit/provenance is not verified in the frozen catalog
unverified_local_exchange,swap,BTC-USDT-SWAP,1d,vwap,2020-01-01T16:00:00+00:00,2026-05-15T16:00:00+00:00,0,0.0,quote_currency_per_base_currency,user_confirmed_local_history,candle_close_timestamp,True,False,c071a5a0dfe91fb1d17b9f539be8dd68cac6eac39d00d05d2aebbc77d987dfe2,user_local_BTC-USDT-SWAP_1d,unavailable,field is absent or its unit/provenance is not verified in the frozen catalog
unverified_local_exchange,swap,BTC-USDT-SWAP,1d,btc_returns,2020-01-01T16:00:00+00:00,2026-05-15T16:00:00+00:00,2327,99.785592,decimal_return,user_confirmed_local_history,candle_close_timestamp,True,False,c071a5a0dfe91fb1d17b9f539be8dd68cac6eac39d00d05d2aebbc77d987dfe2,user_local_BTC-USDT-SWAP_1d,derived_proxy,derived causally from synchronized frozen close series
unverified_local_exchange,swap,BTC-USDT-SWAP,1d,residual_beta_inputs,2020-01-01T16:00:00+00:00,2026-05-15T16:00:00+00:00,2327,99.785592,decimal_return,user_confirmed_local_history,candle_close_timestamp,True,False,c071a5a0dfe91fb1d17b9f539be8dd68cac6eac39d00d05d2aebbc77d987dfe2,user_local_BTC-USDT-SWAP_1d,derived_proxy,derived causally from synchronized frozen close series
unverified_local_exchange,swap,BTC-USDT-SWAP,1d,funding_rate,2020-01-01T16:00:00+00:00,2026-05-15T16:00:00+00:00,0,0.0,decimal_rate,user_confirmed_local_history,source_timestamp_plus_publication_delay,True,False,c071a5a0dfe91fb1d17b9f539be8dd68cac6eac39d00d05d2aebbc77d987dfe2,user_local_BTC-USDT-SWAP_1d,unavailable,field is absent or its unit/provenance is not verified in the frozen catalog
unverified_local_exchange,swap,BTC-USDT-SWAP,1d,open_interest,2020-01-01T16:00:00+00:00,2026-05-15T16:00:00+00:00,0,0.0,unavailable,user_confirmed_local_history,unavailable_without_frozen_publication_timestamp,True,False,c071a5a0dfe91fb1d17b9f539be8dd68cac6eac39d00d05d2aebbc77d987dfe2,user_local_BTC-USDT-SWAP_1d,unavailable,field is absent or its unit/provenance is not verified in the frozen catalog
unverified_local_exchange,swap,BTC-USDT-SWAP,1d,basis,2020-01-01T16:00:00+00:00,2026-05-15T16:00:00+00:00,0,0.0,decimal_return,user_confirmed_local_history,unavailable_without_frozen_publication_timestamp,True,False,c071a5a0dfe91fb1d17b9f539be8dd68cac6eac39d00d05d2aebbc77d987dfe2,user_local_BTC-USDT-SWAP_1d,unavailable,field is absent or its unit/provenance is not verified in the frozen catalog
unverified_local_exchange,swap,BTC-USDT-SWAP,1d,spot_price,2020-01-01T16:00:00+00:00,2026-05-15T16:00:00+00:00,0,0.0,quote_currency_per_base_currency,user_confirmed_local_history,candle_close_timestamp,True,False,c071a5a0dfe91fb1d17b9f539be8dd68cac6eac39d00d05d2aebbc77d987dfe2,user_local_BTC-USDT-SWAP_1d,unavailable,field is absent or its unit/provenance is not verified in the frozen catalog
unverified_local_exchange,swap,BTC-USDT-SWAP,1d,perpetual_price,2020-01-01T16:00:00+00:00,2026-05-15T16:00:00+00:00,2327,99.785592,quote_currency_per_base_currency,user_confirmed_local_history,candle_close_timestamp,True,False,c071a5a0dfe91fb1d17b9f539be8dd68cac6eac39d00d05d2aebbc77d987dfe2,user_local_BTC-USDT-SWAP_1d,ready_proxy,frozen local OHLCV; exchange provenance unverified
unverified_local_exchange,swap,BTC-USDT-SWAP,1d,liquidation,2020-01-01T16:00:00+00:00,2026-05-15T16:00:00+00:00,0,0.0,unavailable,user_confirmed_local_history,unavailable_without_frozen_publication_timestamp,True,False,c071a5a0dfe91fb1d17b9f539be8dd68cac6eac39d00d05d2aebbc77d987dfe2,user_local_BTC-USDT-SWAP_1d,unavailable,field is absent or its unit/provenance is not verified in the frozen catalog
unverified_local_exchange,swap,BTC-USDT-SWAP,1d,orderbook,2020-01-01T16:00:00+00:00,2026-05-15T16:00:00+00:00,0,0.0,unavailable,user_confirmed_local_history,unavailable_without_frozen_publication_timestamp,True,False,c071a5a0dfe91fb1d17b9f539be8dd68cac6eac39d00d05d2aebbc77d987dfe2,user_local_BTC-USDT-SWAP_1d,unavailable,field is absent or its unit/provenance is not verified in the frozen catalog
unverified_local_exchange,swap,BTC-USDT-SWAP,1d,instrument_state,2020-01-01T16:00:00+00:00,2026-05-15T16:00:00+00:00,2327,99.785592,state,user_confirmed_local_history,effective_timestamp_of_frozen_snapshot,True,False,c071a5a0dfe91fb1d17b9f539be8dd68cac6eac39d00d05d2aebbc77d987dfe2,user_local_BTC-USDT-SWAP_1d,diagnostic_proxy,listing-state history is incomplete
unverified_local_exchange,swap,BTC-USDT-SWAP,1d,pit_universe,2020-01-01T16:00:00+00:00,2026-05-15T16:00:00+00:00,2327,99.785592,membership,user_confirmed_local_history,effective_timestamp_of_frozen_snapshot,True,False,c071a5a0dfe91fb1d17b9f539be8dd68cac6eac39d00d05d2aebbc77d987dfe2,user_local_BTC-USDT-SWAP_1d,diagnostic_proxy,listing-state history is incomplete
unverified_local_exchange,swap,ETH-USDT-SWAP,1d,open,2020-01-01T16:00:00+00:00,2026-05-15T16:00:00+00:00,2327,99.785592,quote_currency_per_base_currency,user_confirmed_local_history,candle_close_timestamp,True,False,0e0464785c5fd54748fb3c3bb207f517ae1472dd29557a8e5894fa673d55ecb1,user_local_ETH-USDT-SWAP_1d,ready_proxy,frozen local OHLCV; exchange provenance unverified
unverified_local_exchange,swap,ETH-USDT-SWAP,1d,high,2020-01-01T16:00:00+00:00,2026-05-15T16:00:00+00:00,2327,99.785592,quote_currency_per_base_currency,user_confirmed_local_history,candle_close_timestamp,True,False,0e0464785c5fd54748fb3c3bb207f517ae1472dd29557a8e5894fa673d55ecb1,user_local_ETH-USDT-SWAP_1d,ready_proxy,frozen local OHLCV; exchange provenance unverified
unverified_local_exchange,swap,ETH-USDT-SWAP,1d,low,2020-01-01T16:00:00+00:00,2026-05-15T16:00:00+00:00,2327,99.785592,quote_currency_per_base_currency,user_confirmed_local_history,candle_close_timestamp,True,False,0e0464785c5fd54748fb3c3bb207f517ae1472dd29557a8e5894fa673d55ecb1,user_local_ETH-USDT-SWAP_1d,ready_proxy,frozen local OHLCV; exchange provenance unverified
unverified_local_exchange,swap,ETH-USDT-SWAP,1d,close,2020-01-01T16:00:00+00:00,2026-05-15T16:00:00+00:00,2327,99.785592,quote_currency_per_base_currency,user_confirmed_local_history,candle_close_timestamp,True,False,0e0464785c5fd54748fb3c3bb207f517ae1472dd29557a8e5894fa673d55ecb1,user_local_ETH-USDT-SWAP_1d,ready_proxy,frozen local OHLCV; exchange provenance unverified
unverified_local_exchange,swap,ETH-USDT-SWAP,1d,reported_volume,2020-01-01T16:00:00+00:00,2026-05-15T16:00:00+00:00,2327,99.785592,source_reported_unknown,user_confirmed_local_history,candle_close_timestamp,True,False,0e0464785c5fd54748fb3c3bb207f517ae1472dd29557a8e5894fa673d55ecb1,user_local_ETH-USDT-SWAP_1d,ready_proxy,frozen local OHLCV; exchange provenance unverified
unverified_local_exchange,swap,ETH-USDT-SWAP,1d,base_volume,2020-01-01T16:00:00+00:00,2026-05-15T16:00:00+00:00,0,0.0,base_currency,user_confirmed_local_history,candle_close_timestamp,True,False,0e0464785c5fd54748fb3c3bb207f517ae1472dd29557a8e5894fa673d55ecb1,user_local_ETH-USDT-SWAP_1d,unavailable,field is absent or its unit/provenance is not verified in the frozen catalog
unverified_local_exchange,swap,ETH-USDT-SWAP,1d,quote_volume,2020-01-01T16:00:00+00:00,2026-05-15T16:00:00+00:00,0,0.0,quote_currency,user_confirmed_local_history,candle_close_timestamp,True,False,0e0464785c5fd54748fb3c3bb207f517ae1472dd29557a8e5894fa673d55ecb1,user_local_ETH-USDT-SWAP_1d,unavailable,field is absent or its unit/provenance is not verified in the frozen catalog
unverified_local_exchange,swap,ETH-USDT-SWAP,1d,contract_volume,2020-01-01T16:00:00+00:00,2026-05-15T16:00:00+00:00,0,0.0,contracts,user_confirmed_local_history,candle_close_timestamp,True,False,0e0464785c5fd54748fb3c3bb207f517ae1472dd29557a8e5894fa673d55ecb1,user_local_ETH-USDT-SWAP_1d,unavailable,field is absent or its unit/provenance is not verified in the frozen catalog
unverified_local_exchange,swap,ETH-USDT-SWAP,1d,quote_turnover,2020-01-01T16:00:00+00:00,2026-05-15T16:00:00+00:00,0,0.0,quote_currency,user_confirmed_local_history,candle_close_timestamp,True,False,0e0464785c5fd54748fb3c3bb207f517ae1472dd29557a8e5894fa673d55ecb1,user_local_ETH-USDT-SWAP_1d,unavailable,field is absent or its unit/provenance is not verified in the frozen catalog
unverified_local_exchange,swap,ETH-USDT-SWAP,1d,vwap,2020-01-01T16:00:00+00:00,2026-05-15T16:00:00+00:00,0,0.0,quote_currency_per_base_currency,user_confirmed_local_history,candle_close_timestamp,True,False,0e0464785c5fd54748fb3c3bb207f517ae1472dd29557a8e5894fa673d55ecb1,user_local_ETH-USDT-SWAP_1d,unavailable,field is absent or its unit/provenance is not verified in the frozen catalog
unverified_local_exchange,swap,ETH-USDT-SWAP,1d,btc_returns,2020-01-01T16:00:00+00:00,2026-05-15T16:00:00+00:00,2327,99.785592,decimal_return,user_confirmed_local_history,candle_close_timestamp,True,False,0e0464785c5fd54748fb3c3bb207f517ae1472dd29557a8e5894fa673d55ecb1,user_local_ETH-USDT-SWAP_1d,derived_proxy,derived causally from synchronized frozen close series
unverified_local_exchange,swap,ETH-USDT-SWAP,1d,residual_beta_inputs,2020-01-01T16:00:00+00:00,2026-05-15T16:00:00+00:00,2327,99.785592,decimal_return,user_confirmed_local_history,candle_close_timestamp,True,False,0e0464785c5fd54748fb3c3bb207f517ae1472dd29557a8e5894fa673d55ecb1,user_local_ETH-USDT-SWAP_1d,derived_proxy,derived causally from synchronized frozen close series
unverified_local_exchange,swap,ETH-USDT-SWAP,1d,funding_rate,2020-01-01T16:00:00+00:00,2026-05-15T16:00:00+00:00,0,0.0,decimal_rate,user_confirmed_local_history,source_timestamp_plus_publication_delay,True,False,0e0464785c5fd54748fb3c3bb207f517ae1472dd29557a8e5894fa673d55ecb1,user_local_ETH-USDT-SWAP_1d,unavailable,field is absent or its unit/provenance is not verified in the frozen catalog
unverified_local_exchange,swap,ETH-USDT-SWAP,1d,open_interest,2020-01-01T16:00:00+00:00,2026-05-15T16:00:00+00:00,0,0.0,unavailable,user_confirmed_local_history,unavailable_without_frozen_publication_timestamp,True,False,0e0464785c5fd54748fb3c3bb207f517ae1472dd29557a8e5894fa673d55ecb1,user_local_ETH-USDT-SWAP_1d,unavailable,field is absent or its unit/provenance is not verified in the frozen catalog
unverified_local_exchange,swap,ETH-USDT-SWAP,1d,basis,2020-01-01T16:00:00+00:00,2026-05-15T16:00:00+00:00,0,0.0,decimal_return,user_confirmed_local_history,unavailable_without_frozen_publication_timestamp,True,False,0e0464785c5fd54748fb3c3bb207f517ae1472dd29557a8e5894fa673d55ecb1,user_local_ETH-USDT-SWAP_1d,unavailable,field is absent or its unit/provenance is not verified in the frozen catalog
unverified_local_exchange,swap,ETH-USDT-SWAP,1d,spot_price,2020-01-01T16:00:00+00:00,2026-05-15T16:00:00+00:00,0,0.0,quote_currency_per_base_currency,user_confirmed_local_history,candle_close_timestamp,True,False,0e0464785c5fd54748fb3c3bb207f517ae1472dd29557a8e5894fa673d55ecb1,user_local_ETH-USDT-SWAP_1d,unavailable,field is absent or its unit/provenance is not verified in the frozen catalog
unverified_local_exchange,swap,ETH-USDT-SWAP,1d,perpetual_price,2020-01-01T16:00:00+00:00,2026-05-15T16:00:00+00:00,2327,99.785592,quote_currency_per_base_currency,user_confirmed_local_history,candle_close_timestamp,True,False,0e0464785c5fd54748fb3c3bb207f517ae1472dd29557a8e5894fa673d55ecb1,user_local_ETH-USDT-SWAP_1d,ready_proxy,frozen local OHLCV; exchange provenance unverified
unverified_local_exchange,swap,ETH-USDT-SWAP,1d,liquidation,2020-01-01T16:00:00+00:00,2026-05-15T16:00:00+00:00,0,0.0,unavailable,user_confirmed_local_history,unavailable_without_frozen_publication_timestamp,True,False,0e0464785c5fd54748fb3c3bb207f517ae1472dd29557a8e5894fa673d55ecb1,user_local_ETH-USDT-SWAP_1d,unavailable,field is absent or its unit/provenance is not verified in the frozen catalog
unverified_local_exchange,swap,ETH-USDT-SWAP,1d,orderbook,2020-01-01T16:00:00+00:00,2026-05-15T16:00:00+00:00,0,0.0,unavailable,user_confirmed_local_history,unavailable_without_frozen_publication_timestamp,True,False,0e0464785c5fd54748fb3c3bb207f517ae1472dd29557a8e5894fa673d55ecb1,user_local_ETH-USDT-SWAP_1d,unavailable,field is absent or its unit/provenance is not verified in the frozen catalog
unverified_local_exchange,swap,ETH-USDT-SWAP,1d,instrument_state,2020-01-01T16:00:00+00:00,2026-05-15T16:00:00+00:00,2327,99.785592,state,user_confirmed_local_history,effective_timestamp_of_frozen_snapshot,True,False,0e0464785c5fd54748fb3c3bb207f517ae1472dd29557a8e5894fa673d55ecb1,user_local_ETH-USDT-SWAP_1d,diagnostic_proxy,listing-state history is incomplete
unverified_local_exchange,swap,ETH-USDT-SWAP,1d,pit_universe,2020-01-01T16:00:00+00:00,2026-05-15T16:00:00+00:00,2327,99.785592,membership,user_confirmed_local_history,effective_timestamp_of_frozen_snapshot,True,False,0e0464785c5fd54748fb3c3bb207f517ae1472dd29557a8e5894fa673d55ecb1,user_local_ETH-USDT-SWAP_1d,diagnostic_proxy,listing-state history is incomplete
unverified_local_exchange,swap,XRP-USDT-SWAP,1d,open,2020-01-01T16:00:00+00:00,2026-05-20T16:00:00+00:00,2332,100.0,quote_currency_per_base_currency,user_confirmed_local_history,candle_close_timestamp,True,False,b36a0c8cc59c8ea7d935b3a83c50b215a666e9ef889176a3c679cff88f98586e,user_local_XRP-USDT-SWAP_1d,ready_proxy,frozen local OHLCV; exchange provenance unverified
unverified_local_exchange,swap,XRP-USDT-SWAP,1d,high,2020-01-01T16:00:00+00:00,2026-05-20T16:00:00+00:00,2332,100.0,quote_currency_per_base_currency,user_confirmed_local_history,candle_close_timestamp,True,False,b36a0c8cc59c8ea7d935b3a83c50b215a666e9ef889176a3c679cff88f98586e,user_local_XRP-USDT-SWAP_1d,ready_proxy,frozen local OHLCV; exchange provenance unverified
unverified_local_exchange,swap,XRP-USDT-SWAP,1d,low,2020-01-01T16:00:00+00:00,2026-05-20T16:00:00+00:00,2332,100.0,quote_currency_per_base_currency,user_confirmed_local_history,candle_close_timestamp,True,False,b36a0c8cc59c8ea7d935b3a83c50b215a666e9ef889176a3c679cff88f98586e,user_local_XRP-USDT-SWAP_1d,ready_proxy,frozen local OHLCV; exchange provenance unverified
unverified_local_exchange,swap,XRP-USDT-SWAP,1d,close,2020-01-01T16:00:00+00:00,2026-05-20T16:00:00+00:00,2332,100.0,quote_currency_per_base_currency,user_confirmed_local_history,candle_close_timestamp,True,False,b36a0c8cc59c8ea7d935b3a83c50b215a666e9ef889176a3c679cff88f98586e,user_local_XRP-USDT-SWAP_1d,ready_proxy,frozen local OHLCV; exchange provenance unverified
unverified_local_exchange,swap,XRP-USDT-SWAP,1d,reported_volume,2020-01-01T16:00:00+00:00,2026-05-20T16:00:00+00:00,2332,100.0,source_reported_unknown,user_confirmed_local_history,candle_close_timestamp,True,False,b36a0c8cc59c8ea7d935b3a83c50b215a666e9ef889176a3c679cff88f98586e,user_local_XRP-USDT-SWAP_1d,ready_proxy,frozen local OHLCV; exchange provenance unverified
unverified_local_exchange,swap,XRP-USDT-SWAP,1d,base_volume,2020-01-01T16:00:00+00:00,2026-05-20T16:00:00+00:00,0,0.0,base_currency,user_confirmed_local_history,candle_close_timestamp,True,False,b36a0c8cc59c8ea7d935b3a83c50b215a666e9ef889176a3c679cff88f98586e,user_local_XRP-USDT-SWAP_1d,unavailable,field is absent or its unit/provenance is not verified in the frozen catalog
unverified_local_exchange,swap,XRP-USDT-SWAP,1d,quote_volume,2020-01-01T16:00:00+00:00,2026-05-20T16:00:00+00:00,0,0.0,quote_currency,user_confirmed_local_history,candle_close_timestamp,True,False,b36a0c8cc59c8ea7d935b3a83c50b215a666e9ef889176a3c679cff88f98586e,user_local_XRP-USDT-SWAP_1d,unavailable,field is absent or its unit/provenance is not verified in the frozen catalog
unverified_local_exchange,swap,XRP-USDT-SWAP,1d,contract_volume,2020-01-01T16:00:00+00:00,2026-05-20T16:00:00+00:00,0,0.0,contracts,user_confirmed_local_history,candle_close_timestamp,True,False,b36a0c8cc59c8ea7d935b3a83c50b215a666e9ef889176a3c679cff88f98586e,user_local_XRP-USDT-SWAP_1d,unavailable,field is absent or its unit/provenance is not verified in the frozen catalog
unverified_local_exchange,swap,XRP-USDT-SWAP,1d,quote_turnover,2020-01-01T16:00:00+00:00,2026-05-20T16:00:00+00:00,0,0.0,quote_currency,user_confirmed_local_history,candle_close_timestamp,True,False,b36a0c8cc59c8ea7d935b3a83c50b215a666e9ef889176a3c679cff88f98586e,user_local_XRP-USDT-SWAP_1d,unavailable,field is absent or its unit/provenance is not verified in the frozen catalog
unverified_local_exchange,swap,XRP-USDT-SWAP,1d,vwap,2020-01-01T16:00:00+00:00,2026-05-20T16:00:00+00:00,0,0.0,quote_currency_per_base_currency,user_confirmed_local_history,candle_close_timestamp,True,False,b36a0c8cc59c8ea7d935b3a83c50b215a666e9ef889176a3c679cff88f98586e,user_local_XRP-USDT-SWAP_1d,unavailable,field is absent or its unit/provenance is not verified in the frozen catalog
unverified_local_exchange,swap,XRP-USDT-SWAP,1d,btc_returns,2020-01-01T16:00:00+00:00,2026-05-20T16:00:00+00:00,2332,100.0,decimal_return,user_confirmed_local_history,candle_close_timestamp,True,False,b36a0c8cc59c8ea7d935b3a83c50b215a666e9ef889176a3c679cff88f98586e,user_local_XRP-USDT-SWAP_1d,derived_proxy,derived causally from synchronized frozen close series
unverified_local_exchange,swap,XRP-USDT-SWAP,1d,residual_beta_inputs,2020-01-01T16:00:00+00:00,2026-05-20T16:00:00+00:00,2332,100.0,decimal_return,user_confirmed_local_history,candle_close_timestamp,True,False,b36a0c8cc59c8ea7d935b3a83c50b215a666e9ef889176a3c679cff88f98586e,user_local_XRP-USDT-SWAP_1d,derived_proxy,derived causally from synchronized frozen close series
unverified_local_exchange,swap,XRP-USDT-SWAP,1d,funding_rate,2020-01-01T16:00:00+00:00,2026-05-20T16:00:00+00:00,0,0.0,decimal_rate,user_confirmed_local_history,source_timestamp_plus_publication_delay,True,False,b36a0c8cc59c8ea7d935b3a83c50b215a666e9ef889176a3c679cff88f98586e,user_local_XRP-USDT-SWAP_1d,unavailable,field is absent or its unit/provenance is not verified in the frozen catalog
unverified_local_exchange,swap,XRP-USDT-SWAP,1d,open_interest,2020-01-01T16:00:00+00:00,2026-05-20T16:00:00+00:00,0,0.0,unavailable,user_confirmed_local_history,unavailable_without_frozen_publication_timestamp,True,False,b36a0c8cc59c8ea7d935b3a83c50b215a666e9ef889176a3c679cff88f98586e,user_local_XRP-USDT-SWAP_1d,unavailable,field is absent or its unit/provenance is not verified in the frozen catalog
unverified_local_exchange,swap,XRP-USDT-SWAP,1d,basis,2020-01-01T16:00:00+00:00,2026-05-20T16:00:00+00:00,0,0.0,decimal_return,user_confirmed_local_history,unavailable_without_frozen_publication_timestamp,True,False,b36a0c8cc59c8ea7d935b3a83c50b215a666e9ef889176a3c679cff88f98586e,user_local_XRP-USDT-SWAP_1d,unavailable,field is absent or its unit/provenance is not verified in the frozen catalog
unverified_local_exchange,swap,XRP-USDT-SWAP,1d,spot_price,2020-01-01T16:00:00+00:00,2026-05-20T16:00:00+00:00,0,0.0,quote_currency_per_base_currency,user_confirmed_local_history,candle_close_timestamp,True,False,b36a0c8cc59c8ea7d935b3a83c50b215a666e9ef889176a3c679cff88f98586e,user_local_XRP-USDT-SWAP_1d,unavailable,field is absent or its unit/provenance is not verified in the frozen catalog
unverified_local_exchange,swap,XRP-USDT-SWAP,1d,perpetual_price,2020-01-01T16:00:00+00:00,2026-05-20T16:00:00+00:00,2332,100.0,quote_currency_per_base_currency,user_confirmed_local_history,candle_close_timestamp,True,False,b36a0c8cc59c8ea7d935b3a83c50b215a666e9ef889176a3c679cff88f98586e,user_local_XRP-USDT-SWAP_1d,ready_proxy,frozen local OHLCV; exchange provenance unverified
unverified_local_exchange,swap,XRP-USDT-SWAP,1d,liquidation,2020-01-01T16:00:00+00:00,2026-05-20T16:00:00+00:00,0,0.0,unavailable,user_confirmed_local_history,unavailable_without_frozen_publication_timestamp,True,False,b36a0c8cc59c8ea7d935b3a83c50b215a666e9ef889176a3c679cff88f98586e,user_local_XRP-USDT-SWAP_1d,unavailable,field is absent or its unit/provenance is not verified in the frozen catalog
unverified_local_exchange,swap,XRP-USDT-SWAP,1d,orderbook,2020-01-01T16:00:00+00:00,2026-05-20T16:00:00+00:00,0,0.0,unavailable,user_confirmed_local_history,unavailable_without_frozen_publication_timestamp,True,False,b36a0c8cc59c8ea7d935b3a83c50b215a666e9ef889176a3c679cff88f98586e,user_local_XRP-USDT-SWAP_1d,unavailable,field is absent or its unit/provenance is not verified in the frozen catalog
unverified_local_exchange,swap,XRP-USDT-SWAP,1d,instrument_state,2020-01-01T16:00:00+00:00,2026-05-20T16:00:00+00:00,2332,100.0,state,user_confirmed_local_history,effective_timestamp_of_frozen_snapshot,True,False,b36a0c8cc59c8ea7d935b3a83c50b215a666e9ef889176a3c679cff88f98586e,user_local_XRP-USDT-SWAP_1d,diagnostic_proxy,listing-state history is incomplete
unverified_local_exchange,swap,XRP-USDT-SWAP,1d,pit_universe,2020-01-01T16:00:00+00:00,2026-05-20T16:00:00+00:00,2332,100.0,membership,user_confirmed_local_history,effective_timestamp_of_frozen_snapshot,True,False,b36a0c8cc59c8ea7d935b3a83c50b215a666e9ef889176a3c679cff88f98586e,user_local_XRP-USDT-SWAP_1d,diagnostic_proxy,listing-state history is incomplete
unverified_local_exchange,swap,LTC-USDT-SWAP,1d,open,2020-01-01T16:00:00+00:00,2026-05-18T16:00:00+00:00,2330,99.914237,quote_currency_per_base_currency,user_confirmed_local_history,candle_close_timestamp,True,False,8b558a79201da9f3a45b5172781222abaae921eb523dd053d7503cfce9a99048,user_local_LTC-USDT-SWAP_1d,ready_proxy,frozen local OHLCV; exchange provenance unverified
unverified_local_exchange,swap,LTC-USDT-SWAP,1d,high,2020-01-01T16:00:00+00:00,2026-05-18T16:00:00+00:00,2330,99.914237,quote_currency_per_base_currency,user_confirmed_local_history,candle_close_timestamp,True,False,8b558a79201da9f3a45b5172781222abaae921eb523dd053d7503cfce9a99048,user_local_LTC-USDT-SWAP_1d,ready_proxy,frozen local OHLCV; exchange provenance unverified
unverified_local_exchange,swap,LTC-USDT-SWAP,1d,low,2020-01-01T16:00:00+00:00,2026-05-18T16:00:00+00:00,2330,99.914237,quote_currency_per_base_currency,user_confirmed_local_history,candle_close_timestamp,True,False,8b558a79201da9f3a45b5172781222abaae921eb523dd053d7503cfce9a99048,user_local_LTC-USDT-SWAP_1d,ready_proxy,frozen local OHLCV; exchange provenance unverified
unverified_local_exchange,swap,LTC-USDT-SWAP,1d,close,2020-01-01T16:00:00+00:00,2026-05-18T16:00:00+00:00,2330,99.914237,quote_currency_per_base_currency,user_confirmed_local_history,candle_close_timestamp,True,False,8b558a79201da9f3a45b5172781222abaae921eb523dd053d7503cfce9a99048,user_local_LTC-USDT-SWAP_1d,ready_proxy,frozen local OHLCV; exchange provenance unverified
unverified_local_exchange,swap,LTC-USDT-SWAP,1d,reported_volume,2020-01-01T16:00:00+00:00,2026-05-18T16:00:00+00:00,2330,99.914237,source_reported_unknown,user_confirmed_local_history,candle_close_timestamp,True,False,8b558a79201da9f3a45b5172781222abaae921eb523dd053d7503cfce9a99048,user_local_LTC-USDT-SWAP_1d,ready_proxy,frozen local OHLCV; exchange provenance unverified
unverified_local_exchange,swap,LTC-USDT-SWAP,1d,base_volume,2020-01-01T16:00:00+00:00,2026-05-18T16:00:00+00:00,0,0.0,base_currency,user_confirmed_local_history,candle_close_timestamp,True,False,8b558a79201da9f3a45b5172781222abaae921eb523dd053d7503cfce9a99048,user_local_LTC-USDT-SWAP_1d,unavailable,field is absent or its unit/provenance is not verified in the frozen catalog
unverified_local_exchange,swap,LTC-USDT-SWAP,1d,quote_volume,2020-01-01T16:00:00+00:00,2026-05-18T16:00:00+00:00,0,0.0,quote_currency,user_confirmed_local_history,candle_close_timestamp,True,False,8b558a79201da9f3a45b5172781222abaae921eb523dd053d7503cfce9a99048,user_local_LTC-USDT-SWAP_1d,unavailable,field is absent or its unit/provenance is not verified in the frozen catalog
unverified_local_exchange,swap,LTC-USDT-SWAP,1d,contract_volume,2020-01-01T16:00:00+00:00,2026-05-18T16:00:00+00:00,0,0.0,contracts,user_confirmed_local_history,candle_close_timestamp,True,False,8b558a79201da9f3a45b5172781222abaae921eb523dd053d7503cfce9a99048,user_local_LTC-USDT-SWAP_1d,unavailable,field is absent or its unit/provenance is not verified in the frozen catalog
unverified_local_exchange,swap,LTC-USDT-SWAP,1d,quote_turnover,2020-01-01T16:00:00+00:00,2026-05-18T16:00:00+00:00,0,0.0,quote_currency,user_confirmed_local_history,candle_close_timestamp,True,False,8b558a79201da9f3a45b5172781222abaae921eb523dd053d7503cfce9a99048,user_local_LTC-USDT-SWAP_1d,unavailable,field is absent or its unit/provenance is not verified in the frozen catalog
unverified_local_exchange,swap,LTC-USDT-SWAP,1d,vwap,2020-01-01T16:00:00+00:00,2026-05-18T16:00:00+00:00,0,0.0,quote_currency_per_base_currency,user_confirmed_local_history,candle_close_timestamp,True,False,8b558a79201da9f3a45b5172781222abaae921eb523dd053d7503cfce9a99048,user_local_LTC-USDT-SWAP_1d,unavailable,field is absent or its unit/provenance is not verified in the frozen catalog
unverified_local_exchange,swap,LTC-USDT-SWAP,1d,btc_returns,2020-01-01T16:00:00+00:00,2026-05-18T16:00:00+00:00,2330,99.914237,decimal_return,user_confirmed_local_history,candle_close_timestamp,True,False,8b558a79201da9f3a45b5172781222abaae921eb523dd053d7503cfce9a99048,user_local_LTC-USDT-SWAP_1d,derived_proxy,derived causally from synchronized frozen close series
unverified_local_exchange,swap,LTC-USDT-SWAP,1d,residual_beta_inputs,2020-01-01T16:00:00+00:00,2026-05-18T16:00:00+00:00,2330,99.914237,decimal_return,user_confirmed_local_history,candle_close_timestamp,True,False,8b558a79201da9f3a45b5172781222abaae921eb523dd053d7503cfce9a99048,user_local_LTC-USDT-SWAP_1d,derived_proxy,derived causally from synchronized frozen close series
unverified_local_exchange,swap,LTC-USDT-SWAP,1d,funding_rate,2020-01-01T16:00:00+00:00,2026-05-18T16:00:00+00:00,0,0.0,decimal_rate,user_confirmed_local_history,source_timestamp_plus_publication_delay,True,False,8b558a79201da9f3a45b5172781222abaae921eb523dd053d7503cfce9a99048,user_local_LTC-USDT-SWAP_1d,unavailable,field is absent or its unit/provenance is not verified in the frozen catalog
unverified_local_exchange,swap,LTC-USDT-SWAP,1d,open_interest,2020-01-01T16:00:00+00:00,2026-05-18T16:00:00+00:00,0,0.0,unavailable,user_confirmed_local_history,unavailable_without_frozen_publication_timestamp,True,False,8b558a79201da9f3a45b5172781222abaae921eb523dd053d7503cfce9a99048,user_local_LTC-USDT-SWAP_1d,unavailable,field is absent or its unit/provenance is not verified in the frozen catalog
unverified_local_exchange,swap,LTC-USDT-SWAP,1d,basis,2020-01-01T16:00:00+00:00,2026-05-18T16:00:00+00:00,0,0.0,decimal_return,user_confirmed_local_history,unavailable_without_frozen_publication_timestamp,True,False,8b558a79201da9f3a45b5172781222abaae921eb523dd053d7503cfce9a99048,user_local_LTC-USDT-SWAP_1d,unavailable,field is absent or its unit/provenance is not verified in the frozen catalog
unverified_local_exchange,swap,LTC-USDT-SWAP,1d,spot_price,2020-01-01T16:00:00+00:00,2026-05-18T16:00:00+00:00,0,0.0,quote_currency_per_base_currency,user_confirmed_local_history,candle_close_timestamp,True,False,8b558a79201da9f3a45b5172781222abaae921eb523dd053d7503cfce9a99048,user_local_LTC-USDT-SWAP_1d,unavailable,field is absent or its unit/provenance is not verified in the frozen catalog
unverified_local_exchange,swap,LTC-USDT-SWAP,1d,perpetual_price,2020-01-01T16:00:00+00:00,2026-05-18T16:00:00+00:00,2330,99.914237,quote_currency_per_base_currency,user_confirmed_local_history,candle_close_timestamp,True,False,8b558a79201da9f3a45b5172781222abaae921eb523dd053d7503cfce9a99048,user_local_LTC-USDT-SWAP_1d,ready_proxy,frozen local OHLCV; exchange provenance unverified
unverified_local_exchange,swap,LTC-USDT-SWAP,1d,liquidation,2020-01-01T16:00:00+00:00,2026-05-18T16:00:00+00:00,0,0.0,unavailable,user_confirmed_local_history,unavailable_without_frozen_publication_timestamp,True,False,8b558a79201da9f3a45b5172781222abaae921eb523dd053d7503cfce9a99048,user_local_LTC-USDT-SWAP_1d,unavailable,field is absent or its unit/provenance is not verified in the frozen catalog
unverified_local_exchange,swap,LTC-USDT-SWAP,1d,orderbook,2020-01-01T16:00:00+00:00,2026-05-18T16:00:00+00:00,0,0.0,unavailable,user_confirmed_local_history,unavailable_without_frozen_publication_timestamp,True,False,8b558a79201da9f3a45b5172781222abaae921eb523dd053d7503cfce9a99048,user_local_LTC-USDT-SWAP_1d,unavailable,field is absent or its unit/provenance is not verified in the frozen catalog
unverified_local_exchange,swap,LTC-USDT-SWAP,1d,instrument_state,2020-01-01T16:00:00+00:00,2026-05-18T16:00:00+00:00,2330,99.914237,state,user_confirmed_local_history,effective_timestamp_of_frozen_snapshot,True,False,8b558a79201da9f3a45b5172781222abaae921eb523dd053d7503cfce9a99048,user_local_LTC-USDT-SWAP_1d,diagnostic_proxy,listing-state history is incomplete
unverified_local_exchange,swap,LTC-USDT-SWAP,1d,pit_universe,2020-01-01T16:00:00+00:00,2026-05-18T16:00:00+00:00,2330,99.914237,membership,user_confirmed_local_history,effective_timestamp_of_frozen_snapshot,True,False,8b558a79201da9f3a45b5172781222abaae921eb523dd053d7503cfce9a99048,user_local_LTC-USDT-SWAP_1d,diagnostic_proxy,listing-state history is incomplete
unverified_local_exchange,swap,BCH-USDT-SWAP,1d,open,2020-01-01T16:00:00+00:00,2026-05-13T16:00:00+00:00,2325,99.699828,quote_currency_per_base_currency,user_confirmed_local_history,candle_close_timestamp,True,False,73a2a5566b6743edb487edc66e078e3591c0d99387090039a45fdecfe8fdbf8b,user_local_BCH-USDT-SWAP_1d,ready_proxy,frozen local OHLCV; exchange provenance unverified
unverified_local_exchange,swap,BCH-USDT-SWAP,1d,high,2020-01-01T16:00:00+00:00,2026-05-13T16:00:00+00:00,2325,99.699828,quote_currency_per_base_currency,user_confirmed_local_history,candle_close_timestamp,True,False,73a2a5566b6743edb487edc66e078e3591c0d99387090039a45fdecfe8fdbf8b,user_local_BCH-USDT-SWAP_1d,ready_proxy,frozen local OHLCV; exchange provenance unverified
unverified_local_exchange,swap,BCH-USDT-SWAP,1d,low,2020-01-01T16:00:00+00:00,2026-05-13T16:00:00+00:00,2325,99.699828,quote_currency_per_base_currency,user_confirmed_local_history,candle_close_timestamp,True,False,73a2a5566b6743edb487edc66e078e3591c0d99387090039a45fdecfe8fdbf8b,user_local_BCH-USDT-SWAP_1d,ready_proxy,frozen local OHLCV; exchange provenance unverified
unverified_local_exchange,swap,BCH-USDT-SWAP,1d,close,2020-01-01T16:00:00+00:00,2026-05-13T16:00:00+00:00,2325,99.699828,quote_currency_per_base_currency,user_confirmed_local_history,candle_close_timestamp,True,False,73a2a5566b6743edb487edc66e078e3591c0d99387090039a45fdecfe8fdbf8b,user_local_BCH-USDT-SWAP_1d,ready_proxy,frozen local OHLCV; exchange provenance unverified
unverified_local_exchange,swap,BCH-USDT-SWAP,1d,reported_volume,2020-01-01T16:00:00+00:00,2026-05-13T16:00:00+00:00,2325,99.699828,source_reported_unknown,user_confirmed_local_history,candle_close_timestamp,True,False,73a2a5566b6743edb487edc66e078e3591c0d99387090039a45fdecfe8fdbf8b,user_local_BCH-USDT-SWAP_1d,ready_proxy,frozen local OHLCV; exchange provenance unverified
unverified_local_exchange,swap,BCH-USDT-SWAP,1d,base_volume,2020-01-01T16:00:00+00:00,2026-05-13T16:00:00+00:00,0,0.0,base_currency,user_confirmed_local_history,candle_close_timestamp,True,False,73a2a5566b6743edb487edc66e078e3591c0d99387090039a45fdecfe8fdbf8b,user_local_BCH-USDT-SWAP_1d,unavailable,field is absent or its unit/provenance is not verified in the frozen catalog
unverified_local_exchange,swap,BCH-USDT-SWAP,1d,quote_volume,2020-01-01T16:00:00+00:00,2026-05-13T16:00:00+00:00,0,0.0,quote_currency,user_confirmed_local_history,candle_close_timestamp,True,False,73a2a5566b6743edb487edc66e078e3591c0d99387090039a45fdecfe8fdbf8b,user_local_BCH-USDT-SWAP_1d,unavailable,field is absent or its unit/provenance is not verified in the frozen catalog
unverified_local_exchange,swap,BCH-USDT-SWAP,1d,contract_volume,2020-01-01T16:00:00+00:00,2026-05-13T16:00:00+00:00,0,0.0,contracts,user_confirmed_local_history,candle_close_timestamp,True,False,73a2a5566b6743edb487edc66e078e3591c0d99387090039a45fdecfe8fdbf8b,user_local_BCH-USDT-SWAP_1d,unavailable,field is absent or its unit/provenance is not verified in the frozen catalog
unverified_local_exchange,swap,BCH-USDT-SWAP,1d,quote_turnover,2020-01-01T16:00:00+00:00,2026-05-13T16:00:00+00:00,0,0.0,quote_currency,user_confirmed_local_history,candle_close_timestamp,True,False,73a2a5566b6743edb487edc66e078e3591c0d99387090039a45fdecfe8fdbf8b,user_local_BCH-USDT-SWAP_1d,unavailable,field is absent or its unit/provenance is not verified in the frozen catalog
unverified_local_exchange,swap,BCH-USDT-SWAP,1d,vwap,2020-01-01T16:00:00+00:00,2026-05-13T16:00:00+00:00,0,0.0,quote_currency_per_base_currency,user_confirmed_local_history,candle_close_timestamp,True,False,73a2a5566b6743edb487edc66e078e3591c0d99387090039a45fdecfe8fdbf8b,user_local_BCH-USDT-SWAP_1d,unavailable,field is absent or its unit/provenance is not verified in the frozen catalog
unverified_local_exchange,swap,BCH-USDT-SWAP,1d,btc_returns,2020-01-01T16:00:00+00:00,2026-05-13T16:00:00+00:00,2325,99.699828,decimal_return,user_confirmed_local_history,candle_close_timestamp,True,False,73a2a5566b6743edb487edc66e078e3591c0d99387090039a45fdecfe8fdbf8b,user_local_BCH-USDT-SWAP_1d,derived_proxy,derived causally from synchronized frozen close series
unverified_local_exchange,swap,BCH-USDT-SWAP,1d,residual_beta_inputs,2020-01-01T16:00:00+00:00,2026-05-13T16:00:00+00:00,2325,99.699828,decimal_return,user_confirmed_local_history,candle_close_timestamp,True,False,73a2a5566b6743edb487edc66e078e3591c0d99387090039a45fdecfe8fdbf8b,user_local_BCH-USDT-SWAP_1d,derived_proxy,derived causally from synchronized frozen close series
unverified_local_exchange,swap,BCH-USDT-SWAP,1d,funding_rate,2020-01-01T16:00:00+00:00,2026-05-13T16:00:00+00:00,0,0.0,decimal_rate,user_confirmed_local_history,source_timestamp_plus_publication_delay,True,False,73a2a5566b6743edb487edc66e078e3591c0d99387090039a45fdecfe8fdbf8b,user_local_BCH-USDT-SWAP_1d,unavailable,field is absent or its unit/provenance is not verified in the frozen catalog
unverified_local_exchange,swap,BCH-USDT-SWAP,1d,open_interest,2020-01-01T16:00:00+00:00,2026-05-13T16:00:00+00:00,0,0.0,unavailable,user_confirmed_local_history,unavailable_without_frozen_publication_timestamp,True,False,73a2a5566b6743edb487edc66e078e3591c0d99387090039a45fdecfe8fdbf8b,user_local_BCH-USDT-SWAP_1d,unavailable,field is absent or its unit/provenance is not verified in the frozen catalog
unverified_local_exchange,swap,BCH-USDT-SWAP,1d,basis,2020-01-01T16:00:00+00:00,2026-05-13T16:00:00+00:00,0,0.0,decimal_return,user_confirmed_local_history,unavailable_without_frozen_publication_timestamp,True,False,73a2a5566b6743edb487edc66e078e3591c0d99387090039a45fdecfe8fdbf8b,user_local_BCH-USDT-SWAP_1d,unavailable,field is absent or its unit/provenance is not verified in the frozen catalog
unverified_local_exchange,swap,BCH-USDT-SWAP,1d,spot_price,2020-01-01T16:00:00+00:00,2026-05-13T16:00:00+00:00,0,0.0,quote_currency_per_base_currency,user_confirmed_local_history,candle_close_timestamp,True,False,73a2a5566b6743edb487edc66e078e3591c0d99387090039a45fdecfe8fdbf8b,user_local_BCH-USDT-SWAP_1d,unavailable,field is absent or its unit/provenance is not verified in the frozen catalog
unverified_local_exchange,swap,BCH-USDT-SWAP,1d,perpetual_price,2020-01-01T16:00:00+00:00,2026-05-13T16:00:00+00:00,2325,99.699828,quote_currency_per_base_currency,user_confirmed_local_history,candle_close_timestamp,True,False,73a2a5566b6743edb487edc66e078e3591c0d99387090039a45fdecfe8fdbf8b,user_local_BCH-USDT-SWAP_1d,ready_proxy,frozen local OHLCV; exchange provenance unverified
unverified_local_exchange,swap,BCH-USDT-SWAP,1d,liquidation,2020-01-01T16:00:00+00:00,2026-05-13T16:00:00+00:00,0,0.0,unavailable,user_confirmed_local_history,unavailable_without_frozen_publication_timestamp,True,False,73a2a5566b6743edb487edc66e078e3591c0d99387090039a45fdecfe8fdbf8b,user_local_BCH-USDT-SWAP_1d,unavailable,field is absent or its unit/provenance is not verified in the frozen catalog
unverified_local_exchange,swap,BCH-USDT-SWAP,1d,orderbook,2020-01-01T16:00:00+00:00,2026-05-13T16:00:00+00:00,0,0.0,unavailable,user_confirmed_local_history,unavailable_without_frozen_publication_timestamp,True,False,73a2a5566b6743edb487edc66e078e3591c0d99387090039a45fdecfe8fdbf8b,user_local_BCH-USDT-SWAP_1d,unavailable,field is absent or its unit/provenance is not verified in the frozen catalog
unverified_local_exchange,swap,BCH-USDT-SWAP,1d,instrument_state,2020-01-01T16:00:00+00:00,2026-05-13T16:00:00+00:00,2325,99.699828,state,user_confirmed_local_history,effective_timestamp_of_frozen_snapshot,True,False,73a2a5566b6743edb487edc66e078e3591c0d99387090039a45fdecfe8fdbf8b,user_local_BCH-USDT-SWAP_1d,diagnostic_proxy,listing-state history is incomplete
unverified_local_exchange,swap,BCH-USDT-SWAP,1d,pit_universe,2020-01-01T16:00:00+00:00,2026-05-13T16:00:00+00:00,2325,99.699828,membership,user_confirmed_local_history,effective_timestamp_of_frozen_snapshot,True,False,73a2a5566b6743edb487edc66e078e3591c0d99387090039a45fdecfe8fdbf8b,user_local_BCH-USDT-SWAP_1d,diagnostic_proxy,listing-state history is incomplete
unverified_local_exchange,swap,ETC-USDT-SWAP,1d,open,2020-01-01T16:00:00+00:00,2026-05-15T16:00:00+00:00,2327,99.785592,quote_currency_per_base_currency,user_confirmed_local_history,candle_close_timestamp,True,False,1c9eed04cc7a88b240254e8c8e401326d0e467bcb886dca940b802d2b3095a38,user_local_ETC-USDT-SWAP_1d,ready_proxy,frozen local OHLCV; exchange provenance unverified
unverified_local_exchange,swap,ETC-USDT-SWAP,1d,high,2020-01-01T16:00:00+00:00,2026-05-15T16:00:00+00:00,2327,99.785592,quote_currency_per_base_currency,user_confirmed_local_history,candle_close_timestamp,True,False,1c9eed04cc7a88b240254e8c8e401326d0e467bcb886dca940b802d2b3095a38,user_local_ETC-USDT-SWAP_1d,ready_proxy,frozen local OHLCV; exchange provenance unverified
unverified_local_exchange,swap,ETC-USDT-SWAP,1d,low,2020-01-01T16:00:00+00:00,2026-05-15T16:00:00+00:00,2327,99.785592,quote_currency_per_base_currency,user_confirmed_local_history,candle_close_timestamp,True,False,1c9eed04cc7a88b240254e8c8e401326d0e467bcb886dca940b802d2b3095a38,user_local_ETC-USDT-SWAP_1d,ready_proxy,frozen local OHLCV; exchange provenance unverified
unverified_local_exchange,swap,ETC-USDT-SWAP,1d,close,2020-01-01T16:00:00+00:00,2026-05-15T16:00:00+00:00,2327,99.785592,quote_currency_per_base_currency,user_confirmed_local_history,candle_close_timestamp,True,False,1c9eed04cc7a88b240254e8c8e401326d0e467bcb886dca940b802d2b3095a38,user_local_ETC-USDT-SWAP_1d,ready_proxy,frozen local OHLCV; exchange provenance unverified
unverified_local_exchange,swap,ETC-USDT-SWAP,1d,reported_volume,2020-01-01T16:00:00+00:00,2026-05-15T16:00:00+00:00,2327,99.785592,source_reported_unknown,user_confirmed_local_history,candle_close_timestamp,True,False,1c9eed04cc7a88b240254e8c8e401326d0e467bcb886dca940b802d2b3095a38,user_local_ETC-USDT-SWAP_1d,ready_proxy,frozen local OHLCV; exchange provenance unverified
unverified_local_exchange,swap,ETC-USDT-SWAP,1d,base_volume,2020-01-01T16:00:00+00:00,2026-05-15T16:00:00+00:00,0,0.0,base_currency,user_confirmed_local_history,candle_close_timestamp,True,False,1c9eed04cc7a88b240254e8c8e401326d0e467bcb886dca940b802d2b3095a38,user_local_ETC-USDT-SWAP_1d,unavailable,field is absent or its unit/provenance is not verified in the frozen catalog
unverified_local_exchange,swap,ETC-USDT-SWAP,1d,quote_volume,2020-01-01T16:00:00+00:00,2026-05-15T16:00:00+00:00,0,0.0,quote_currency,user_confirmed_local_history,candle_close_timestamp,True,False,1c9eed04cc7a88b240254e8c8e401326d0e467bcb886dca940b802d2b3095a38,user_local_ETC-USDT-SWAP_1d,unavailable,field is absent or its unit/provenance is not verified in the frozen catalog
unverified_local_exchange,swap,ETC-USDT-SWAP,1d,contract_volume,2020-01-01T16:00:00+00:00,2026-05-15T16:00:00+00:00,0,0.0,contracts,user_confirmed_local_history,candle_close_timestamp,True,False,1c9eed04cc7a88b240254e8c8e401326d0e467bcb886dca940b802d2b3095a38,user_local_ETC-USDT-SWAP_1d,unavailable,field is absent or its unit/provenance is not verified in the frozen catalog
unverified_local_exchange,swap,ETC-USDT-SWAP,1d,quote_turnover,2020-01-01T16:00:00+00:00,2026-05-15T16:00:00+00:00,0,0.0,quote_currency,user_confirmed_local_history,candle_close_timestamp,True,False,1c9eed04cc7a88b240254e8c8e401326d0e467bcb886dca940b802d2b3095a38,user_local_ETC-USDT-SWAP_1d,unavailable,field is absent or its unit/provenance is not verified in the frozen catalog
unverified_local_exchange,swap,ETC-USDT-SWAP,1d,vwap,2020-01-01T16:00:00+00:00,2026-05-15T16:00:00+00:00,0,0.0,quote_currency_per_base_currency,user_confirmed_local_history,candle_close_timestamp,True,False,1c9eed04cc7a88b240254e8c8e401326d0e467bcb886dca940b802d2b3095a38,user_local_ETC-USDT-SWAP_1d,unavailable,field is absent or its unit/provenance is not verified in the frozen catalog
unverified_local_exchange,swap,ETC-USDT-SWAP,1d,btc_returns,2020-01-01T16:00:00+00:00,2026-05-15T16:00:00+00:00,2327,99.785592,decimal_return,user_confirmed_local_history,candle_close_timestamp,True,False,1c9eed04cc7a88b240254e8c8e401326d0e467bcb886dca940b802d2b3095a38,user_local_ETC-USDT-SWAP_1d,derived_proxy,derived causally from synchronized frozen close series
unverified_local_exchange,swap,ETC-USDT-SWAP,1d,residual_beta_inputs,2020-01-01T16:00:00+00:00,2026-05-15T16:00:00+00:00,2327,99.785592,decimal_return,user_confirmed_local_history,candle_close_timestamp,True,False,1c9eed04cc7a88b240254e8c8e401326d0e467bcb886dca940b802d2b3095a38,user_local_ETC-USDT-SWAP_1d,derived_proxy,derived causally from synchronized frozen close series
unverified_local_exchange,swap,ETC-USDT-SWAP,1d,funding_rate,2020-01-01T16:00:00+00:00,2026-05-15T16:00:00+00:00,0,0.0,decimal_rate,user_confirmed_local_history,source_timestamp_plus_publication_delay,True,False,1c9eed04cc7a88b240254e8c8e401326d0e467bcb886dca940b802d2b3095a38,user_local_ETC-USDT-SWAP_1d,unavailable,field is absent or its unit/provenance is not verified in the frozen catalog
unverified_local_exchange,swap,ETC-USDT-SWAP,1d,open_interest,2020-01-01T16:00:00+00:00,2026-05-15T16:00:00+00:00,0,0.0,unavailable,user_confirmed_local_history,unavailable_without_frozen_publication_timestamp,True,False,1c9eed04cc7a88b240254e8c8e401326d0e467bcb886dca940b802d2b3095a38,user_local_ETC-USDT-SWAP_1d,unavailable,field is absent or its unit/provenance is not verified in the frozen catalog
unverified_local_exchange,swap,ETC-USDT-SWAP,1d,basis,2020-01-01T16:00:00+00:00,2026-05-15T16:00:00+00:00,0,0.0,decimal_return,user_confirmed_local_history,unavailable_without_frozen_publication_timestamp,True,False,1c9eed04cc7a88b240254e8c8e401326d0e467bcb886dca940b802d2b3095a38,user_local_ETC-USDT-SWAP_1d,unavailable,field is absent or its unit/provenance is not verified in the frozen catalog
unverified_local_exchange,swap,ETC-USDT-SWAP,1d,spot_price,2020-01-01T16:00:00+00:00,2026-05-15T16:00:00+00:00,0,0.0,quote_currency_per_base_currency,user_confirmed_local_history,candle_close_timestamp,True,False,1c9eed04cc7a88b240254e8c8e401326d0e467bcb886dca940b802d2b3095a38,user_local_ETC-USDT-SWAP_1d,unavailable,field is absent or its unit/provenance is not verified in the frozen catalog
unverified_local_exchange,swap,ETC-USDT-SWAP,1d,perpetual_price,2020-01-01T16:00:00+00:00,2026-05-15T16:00:00+00:00,2327,99.785592,quote_currency_per_base_currency,user_confirmed_local_history,candle_close_timestamp,True,False,1c9eed04cc7a88b240254e8c8e401326d0e467bcb886dca940b802d2b3095a38,user_local_ETC-USDT-SWAP_1d,ready_proxy,frozen local OHLCV; exchange provenance unverified
unverified_local_exchange,swap,ETC-USDT-SWAP,1d,liquidation,2020-01-01T16:00:00+00:00,2026-05-15T16:00:00+00:00,0,0.0,unavailable,user_confirmed_local_history,unavailable_without_frozen_publication_timestamp,True,False,1c9eed04cc7a88b240254e8c8e401326d0e467bcb886dca940b802d2b3095a38,user_local_ETC-USDT-SWAP_1d,unavailable,field is absent or its unit/provenance is not verified in the frozen catalog
unverified_local_exchange,swap,ETC-USDT-SWAP,1d,orderbook,2020-01-01T16:00:00+00:00,2026-05-15T16:00:00+00:00,0,0.0,unavailable,user_confirmed_local_history,unavailable_without_frozen_publication_timestamp,True,False,1c9eed04cc7a88b240254e8c8e401326d0e467bcb886dca940b802d2b3095a38,user_local_ETC-USDT-SWAP_1d,unavailable,field is absent or its unit/provenance is not verified in the frozen catalog
unverified_local_exchange,swap,ETC-USDT-SWAP,1d,instrument_state,2020-01-01T16:00:00+00:00,2026-05-15T16:00:00+00:00,2327,99.785592,state,user_confirmed_local_history,effective_timestamp_of_frozen_snapshot,True,False,1c9eed04cc7a88b240254e8c8e401326d0e467bcb886dca940b802d2b3095a38,user_local_ETC-USDT-SWAP_1d,diagnostic_proxy,listing-state history is incomplete
unverified_local_exchange,swap,ETC-USDT-SWAP,1d,pit_universe,2020-01-01T16:00:00+00:00,2026-05-15T16:00:00+00:00,2327,99.785592,membership,user_confirmed_local_history,effective_timestamp_of_frozen_snapshot,True,False,1c9eed04cc7a88b240254e8c8e401326d0e467bcb886dca940b802d2b3095a38,user_local_ETC-USDT-SWAP_1d,diagnostic_proxy,listing-state history is incomplete
unverified_local_exchange,swap,ADA-USDT-SWAP,1d,open,2020-03-09T16:00:00+00:00,2026-05-09T16:00:00+00:00,2253,96.61235,quote_currency_per_base_currency,user_confirmed_local_history,candle_close_timestamp,True,False,7a637ea9bdbe0dedf5cdc529a2f9c3b1ede748e6ea7dace3e0282894d048947b,user_local_ADA-USDT-SWAP_1d,ready_proxy,frozen local OHLCV; exchange provenance unverified
unverified_local_exchange,swap,ADA-USDT-SWAP,1d,high,2020-03-09T16:00:00+00:00,2026-05-09T16:00:00+00:00,2253,96.61235,quote_currency_per_base_currency,user_confirmed_local_history,candle_close_timestamp,True,False,7a637ea9bdbe0dedf5cdc529a2f9c3b1ede748e6ea7dace3e0282894d048947b,user_local_ADA-USDT-SWAP_1d,ready_proxy,frozen local OHLCV; exchange provenance unverified
unverified_local_exchange,swap,ADA-USDT-SWAP,1d,low,2020-03-09T16:00:00+00:00,2026-05-09T16:00:00+00:00,2253,96.61235,quote_currency_per_base_currency,user_confirmed_local_history,candle_close_timestamp,True,False,7a637ea9bdbe0dedf5cdc529a2f9c3b1ede748e6ea7dace3e0282894d048947b,user_local_ADA-USDT-SWAP_1d,ready_proxy,frozen local OHLCV; exchange provenance unverified
unverified_local_exchange,swap,ADA-USDT-SWAP,1d,close,2020-03-09T16:00:00+00:00,2026-05-09T16:00:00+00:00,2253,96.61235,quote_currency_per_base_currency,user_confirmed_local_history,candle_close_timestamp,True,False,7a637ea9bdbe0dedf5cdc529a2f9c3b1ede748e6ea7dace3e0282894d048947b,user_local_ADA-USDT-SWAP_1d,ready_proxy,frozen local OHLCV; exchange provenance unverified
unverified_local_exchange,swap,ADA-USDT-SWAP,1d,reported_volume,2020-03-09T16:00:00+00:00,2026-05-09T16:00:00+00:00,2253,96.61235,source_reported_unknown,user_confirmed_local_history,candle_close_timestamp,True,False,7a637ea9bdbe0dedf5cdc529a2f9c3b1ede748e6ea7dace3e0282894d048947b,user_local_ADA-USDT-SWAP_1d,ready_proxy,frozen local OHLCV; exchange provenance unverified
unverified_local_exchange,swap,ADA-USDT-SWAP,1d,base_volume,2020-03-09T16:00:00+00:00,2026-05-09T16:00:00+00:00,0,0.0,base_currency,user_confirmed_local_history,candle_close_timestamp,True,False,7a637ea9bdbe0dedf5cdc529a2f9c3b1ede748e6ea7dace3e0282894d048947b,user_local_ADA-USDT-SWAP_1d,unavailable,field is absent or its unit/provenance is not verified in the frozen catalog
unverified_local_exchange,swap,ADA-USDT-SWAP,1d,quote_volume,2020-03-09T16:00:00+00:00,2026-05-09T16:00:00+00:00,0,0.0,quote_currency,user_confirmed_local_history,candle_close_timestamp,True,False,7a637ea9bdbe0dedf5cdc529a2f9c3b1ede748e6ea7dace3e0282894d048947b,user_local_ADA-USDT-SWAP_1d,unavailable,field is absent or its unit/provenance is not verified in the frozen catalog
unverified_local_exchange,swap,ADA-USDT-SWAP,1d,contract_volume,2020-03-09T16:00:00+00:00,2026-05-09T16:00:00+00:00,0,0.0,contracts,user_confirmed_local_history,candle_close_timestamp,True,False,7a637ea9bdbe0dedf5cdc529a2f9c3b1ede748e6ea7dace3e0282894d048947b,user_local_ADA-USDT-SWAP_1d,unavailable,field is absent or its unit/provenance is not verified in the frozen catalog
unverified_local_exchange,swap,ADA-USDT-SWAP,1d,quote_turnover,2020-03-09T16:00:00+00:00,2026-05-09T16:00:00+00:00,0,0.0,quote_currency,user_confirmed_local_history,candle_close_timestamp,True,False,7a637ea9bdbe0dedf5cdc529a2f9c3b1ede748e6ea7dace3e0282894d048947b,user_local_ADA-USDT-SWAP_1d,unavailable,field is absent or its unit/provenance is not verified in the frozen catalog
unverified_local_exchange,swap,ADA-USDT-SWAP,1d,vwap,2020-03-09T16:00:00+00:00,2026-05-09T16:00:00+00:00,0,0.0,quote_currency_per_base_currency,user_confirmed_local_history,candle_close_timestamp,True,False,7a637ea9bdbe0dedf5cdc529a2f9c3b1ede748e6ea7dace3e0282894d048947b,user_local_ADA-USDT-SWAP_1d,unavailable,field is absent or its unit/provenance is not verified in the frozen catalog
unverified_local_exchange,swap,ADA-USDT-SWAP,1d,btc_returns,2020-03-09T16:00:00+00:00,2026-05-09T16:00:00+00:00,2253,96.61235,decimal_return,user_confirmed_local_history,candle_close_timestamp,True,False,7a637ea9bdbe0dedf5cdc529a2f9c3b1ede748e6ea7dace3e0282894d048947b,user_local_ADA-USDT-SWAP_1d,derived_proxy,derived causally from synchronized frozen close series
unverified_local_exchange,swap,ADA-USDT-SWAP,1d,residual_beta_inputs,2020-03-09T16:00:00+00:00,2026-05-09T16:00:00+00:00,2253,96.61235,decimal_return,user_confirmed_local_history,candle_close_timestamp,True,False,7a637ea9bdbe0dedf5cdc529a2f9c3b1ede748e6ea7dace3e0282894d048947b,user_local_ADA-USDT-SWAP_1d,derived_proxy,derived causally from synchronized frozen close series
unverified_local_exchange,swap,ADA-USDT-SWAP,1d,funding_rate,2020-03-09T16:00:00+00:00,2026-05-09T16:00:00+00:00,0,0.0,decimal_rate,user_confirmed_local_history,source_timestamp_plus_publication_delay,True,False,7a637ea9bdbe0dedf5cdc529a2f9c3b1ede748e6ea7dace3e0282894d048947b,user_local_ADA-USDT-SWAP_1d,unavailable,field is absent or its unit/provenance is not verified in the frozen catalog
unverified_local_exchange,swap,ADA-USDT-SWAP,1d,open_interest,2020-03-09T16:00:00+00:00,2026-05-09T16:00:00+00:00,0,0.0,unavailable,user_confirmed_local_history,unavailable_without_frozen_publication_timestamp,True,False,7a637ea9bdbe0dedf5cdc529a2f9c3b1ede748e6ea7dace3e0282894d048947b,user_local_ADA-USDT-SWAP_1d,unavailable,field is absent or its unit/provenance is not verified in the frozen catalog
unverified_local_exchange,swap,ADA-USDT-SWAP,1d,basis,2020-03-09T16:00:00+00:00,2026-05-09T16:00:00+00:00,0,0.0,decimal_return,user_confirmed_local_history,unavailable_without_frozen_publication_timestamp,True,False,7a637ea9bdbe0dedf5cdc529a2f9c3b1ede748e6ea7dace3e0282894d048947b,user_local_ADA-USDT-SWAP_1d,unavailable,field is absent or its unit/provenance is not verified in the frozen catalog
unverified_local_exchange,swap,ADA-USDT-SWAP,1d,spot_price,2020-03-09T16:00:00+00:00,2026-05-09T16:00:00+00:00,0,0.0,quote_currency_per_base_currency,user_confirmed_local_history,candle_close_timestamp,True,False,7a637ea9bdbe0dedf5cdc529a2f9c3b1ede748e6ea7dace3e0282894d048947b,user_local_ADA-USDT-SWAP_1d,unavailable,field is absent or its unit/provenance is not verified in the frozen catalog
unverified_local_exchange,swap,ADA-USDT-SWAP,1d,perpetual_price,2020-03-09T16:00:00+00:00,2026-05-09T16:00:00+00:00,2253,96.61235,quote_currency_per_base_currency,user_confirmed_local_history,candle_close_timestamp,True,False,7a637ea9bdbe0dedf5cdc529a2f9c3b1ede748e6ea7dace3e0282894d048947b,user_local_ADA-USDT-SWAP_1d,ready_proxy,frozen local OHLCV; exchange provenance unverified
unverified_local_exchange,swap,ADA-USDT-SWAP,1d,liquidation,2020-03-09T16:00:00+00:00,2026-05-09T16:00:00+00:00,0,0.0,unavailable,user_confirmed_local_history,unavailable_without_frozen_publication_timestamp,True,False,7a637ea9bdbe0dedf5cdc529a2f9c3b1ede748e6ea7dace3e0282894d048947b,user_local_ADA-USDT-SWAP_1d,unavailable,field is absent or its unit/provenance is not verified in the frozen catalog
unverified_local_exchange,swap,ADA-USDT-SWAP,1d,orderbook,2020-03-09T16:00:00+00:00,2026-05-09T16:00:00+00:00,0,0.0,unavailable,user_confirmed_local_history,unavailable_without_frozen_publication_timestamp,True,False,7a637ea9bdbe0dedf5cdc529a2f9c3b1ede748e6ea7dace3e0282894d048947b,user_local_ADA-USDT-SWAP_1d,unavailable,field is absent or its unit/provenance is not verified in the frozen catalog
unverified_local_exchange,swap,ADA-USDT-SWAP,1d,instrument_state,2020-03-09T16:00:00+00:00,2026-05-09T16:00:00+00:00,2253,96.61235,state,user_confirmed_local_history,effective_timestamp_of_frozen_snapshot,True,False,7a637ea9bdbe0dedf5cdc529a2f9c3b1ede748e6ea7dace3e0282894d048947b,user_local_ADA-USDT-SWAP_1d,diagnostic_proxy,listing-state history is incomplete
unverified_local_exchange,swap,ADA-USDT-SWAP,1d,pit_universe,2020-03-09T16:00:00+00:00,2026-05-09T16:00:00+00:00,2253,96.61235,membership,user_confirmed_local_history,effective_timestamp_of_frozen_snapshot,True,False,7a637ea9bdbe0dedf5cdc529a2f9c3b1ede748e6ea7dace3e0282894d048947b,user_local_ADA-USDT-SWAP_1d,diagnostic_proxy,listing-state history is incomplete
unverified_local_exchange,swap,LINK-USDT-SWAP,1d,open,2020-03-05T16:00:00+00:00,2026-05-17T16:00:00+00:00,2265,97.12693,quote_currency_per_base_currency,user_confirmed_local_history,candle_close_timestamp,True,False,b795f296bce596160b21bdf0d44c272c271f2e5daed3e739f31196eb73abb050,user_local_LINK-USDT-SWAP_1d,ready_proxy,frozen local OHLCV; exchange provenance unverified
unverified_local_exchange,swap,LINK-USDT-SWAP,1d,high,2020-03-05T16:00:00+00:00,2026-05-17T16:00:00+00:00,2265,97.12693,quote_currency_per_base_currency,user_confirmed_local_history,candle_close_timestamp,True,False,b795f296bce596160b21bdf0d44c272c271f2e5daed3e739f31196eb73abb050,user_local_LINK-USDT-SWAP_1d,ready_proxy,frozen local OHLCV; exchange provenance unverified
unverified_local_exchange,swap,LINK-USDT-SWAP,1d,low,2020-03-05T16:00:00+00:00,2026-05-17T16:00:00+00:00,2265,97.12693,quote_currency_per_base_currency,user_confirmed_local_history,candle_close_timestamp,True,False,b795f296bce596160b21bdf0d44c272c271f2e5daed3e739f31196eb73abb050,user_local_LINK-USDT-SWAP_1d,ready_proxy,frozen local OHLCV; exchange provenance unverified
unverified_local_exchange,swap,LINK-USDT-SWAP,1d,close,2020-03-05T16:00:00+00:00,2026-05-17T16:00:00+00:00,2265,97.12693,quote_currency_per_base_currency,user_confirmed_local_history,candle_close_timestamp,True,False,b795f296bce596160b21bdf0d44c272c271f2e5daed3e739f31196eb73abb050,user_local_LINK-USDT-SWAP_1d,ready_proxy,frozen local OHLCV; exchange provenance unverified
unverified_local_exchange,swap,LINK-USDT-SWAP,1d,reported_volume,2020-03-05T16:00:00+00:00,2026-05-17T16:00:00+00:00,2265,97.12693,source_reported_unknown,user_confirmed_local_history,candle_close_timestamp,True,False,b795f296bce596160b21bdf0d44c272c271f2e5daed3e739f31196eb73abb050,user_local_LINK-USDT-SWAP_1d,ready_proxy,frozen local OHLCV; exchange provenance unverified
unverified_local_exchange,swap,LINK-USDT-SWAP,1d,base_volume,2020-03-05T16:00:00+00:00,2026-05-17T16:00:00+00:00,0,0.0,base_currency,user_confirmed_local_history,candle_close_timestamp,True,False,b795f296bce596160b21bdf0d44c272c271f2e5daed3e739f31196eb73abb050,user_local_LINK-USDT-SWAP_1d,unavailable,field is absent or its unit/provenance is not verified in the frozen catalog
unverified_local_exchange,swap,LINK-USDT-SWAP,1d,quote_volume,2020-03-05T16:00:00+00:00,2026-05-17T16:00:00+00:00,0,0.0,quote_currency,user_confirmed_local_history,candle_close_timestamp,True,False,b795f296bce596160b21bdf0d44c272c271f2e5daed3e739f31196eb73abb050,user_local_LINK-USDT-SWAP_1d,unavailable,field is absent or its unit/provenance is not verified in the frozen catalog
unverified_local_exchange,swap,LINK-USDT-SWAP,1d,contract_volume,2020-03-05T16:00:00+00:00,2026-05-17T16:00:00+00:00,0,0.0,contracts,user_confirmed_local_history,candle_close_timestamp,True,False,b795f296bce596160b21bdf0d44c272c271f2e5daed3e739f31196eb73abb050,user_local_LINK-USDT-SWAP_1d,unavailable,field is absent or its unit/provenance is not verified in the frozen catalog
unverified_local_exchange,swap,LINK-USDT-SWAP,1d,quote_turnover,2020-03-05T16:00:00+00:00,2026-05-17T16:00:00+00:00,0,0.0,quote_currency,user_confirmed_local_history,candle_close_timestamp,True,False,b795f296bce596160b21bdf0d44c272c271f2e5daed3e739f31196eb73abb050,user_local_LINK-USDT-SWAP_1d,unavailable,field is absent or its unit/provenance is not verified in the frozen catalog
unverified_local_exchange,swap,LINK-USDT-SWAP,1d,vwap,2020-03-05T16:00:00+00:00,2026-05-17T16:00:00+00:00,0,0.0,quote_currency_per_base_currency,user_confirmed_local_history,candle_close_timestamp,True,False,b795f296bce596160b21bdf0d44c272c271f2e5daed3e739f31196eb73abb050,user_local_LINK-USDT-SWAP_1d,unavailable,field is absent or its unit/provenance is not verified in the frozen catalog
unverified_local_exchange,swap,LINK-USDT-SWAP,1d,btc_returns,2020-03-05T16:00:00+00:00,2026-05-17T16:00:00+00:00,2265,97.12693,decimal_return,user_confirmed_local_history,candle_close_timestamp,True,False,b795f296bce596160b21bdf0d44c272c271f2e5daed3e739f31196eb73abb050,user_local_LINK-USDT-SWAP_1d,derived_proxy,derived causally from synchronized frozen close series
unverified_local_exchange,swap,LINK-USDT-SWAP,1d,residual_beta_inputs,2020-03-05T16:00:00+00:00,2026-05-17T16:00:00+00:00,2265,97.12693,decimal_return,user_confirmed_local_history,candle_close_timestamp,True,False,b795f296bce596160b21bdf0d44c272c271f2e5daed3e739f31196eb73abb050,user_local_LINK-USDT-SWAP_1d,derived_proxy,derived causally from synchronized frozen close series
unverified_local_exchange,swap,LINK-USDT-SWAP,1d,funding_rate,2020-03-05T16:00:00+00:00,2026-05-17T16:00:00+00:00,0,0.0,decimal_rate,user_confirmed_local_history,source_timestamp_plus_publication_delay,True,False,b795f296bce596160b21bdf0d44c272c271f2e5daed3e739f31196eb73abb050,user_local_LINK-USDT-SWAP_1d,unavailable,field is absent or its unit/provenance is not verified in the frozen catalog
unverified_local_exchange,swap,LINK-USDT-SWAP,1d,open_interest,2020-03-05T16:00:00+00:00,2026-05-17T16:00:00+00:00,0,0.0,unavailable,user_confirmed_local_history,unavailable_without_frozen_publication_timestamp,True,False,b795f296bce596160b21bdf0d44c272c271f2e5daed3e739f31196eb73abb050,user_local_LINK-USDT-SWAP_1d,unavailable,field is absent or its unit/provenance is not verified in the frozen catalog
unverified_local_exchange,swap,LINK-USDT-SWAP,1d,basis,2020-03-05T16:00:00+00:00,2026-05-17T16:00:00+00:00,0,0.0,decimal_return,user_confirmed_local_history,unavailable_without_frozen_publication_timestamp,True,False,b795f296bce596160b21bdf0d44c272c271f2e5daed3e739f31196eb73abb050,user_local_LINK-USDT-SWAP_1d,unavailable,field is absent or its unit/provenance is not verified in the frozen catalog
unverified_local_exchange,swap,LINK-USDT-SWAP,1d,spot_price,2020-03-05T16:00:00+00:00,2026-05-17T16:00:00+00:00,0,0.0,quote_currency_per_base_currency,user_confirmed_local_history,candle_close_timestamp,True,False,b795f296bce596160b21bdf0d44c272c271f2e5daed3e739f31196eb73abb050,user_local_LINK-USDT-SWAP_1d,unavailable,field is absent or its unit/provenance is not verified in the frozen catalog
unverified_local_exchange,swap,LINK-USDT-SWAP,1d,perpetual_price,2020-03-05T16:00:00+00:00,2026-05-17T16:00:00+00:00,2265,97.12693,quote_currency_per_base_currency,user_confirmed_local_history,candle_close_timestamp,True,False,b795f296bce596160b21bdf0d44c272c271f2e5daed3e739f31196eb73abb050,user_local_LINK-USDT-SWAP_1d,ready_proxy,frozen local OHLCV; exchange provenance unverified
unverified_local_exchange,swap,LINK-USDT-SWAP,1d,liquidation,2020-03-05T16:00:00+00:00,2026-05-17T16:00:00+00:00,0,0.0,unavailable,user_confirmed_local_history,unavailable_without_frozen_publication_timestamp,True,False,b795f296bce596160b21bdf0d44c272c271f2e5daed3e739f31196eb73abb050,user_local_LINK-USDT-SWAP_1d,unavailable,field is absent or its unit/provenance is not verified in the frozen catalog
unverified_local_exchange,swap,LINK-USDT-SWAP,1d,orderbook,2020-03-05T16:00:00+00:00,2026-05-17T16:00:00+00:00,0,0.0,unavailable,user_confirmed_local_history,unavailable_without_frozen_publication_timestamp,True,False,b795f296bce596160b21bdf0d44c272c271f2e5daed3e739f31196eb73abb050,user_local_LINK-USDT-SWAP_1d,unavailable,field is absent or its unit/provenance is not verified in the frozen catalog
unverified_local_exchange,swap,LINK-USDT-SWAP,1d,instrument_state,2020-03-05T16:00:00+00:00,2026-05-17T16:00:00+00:00,2265,97.12693,state,user_confirmed_local_history,effective_timestamp_of_frozen_snapshot,True,False,b795f296bce596160b21bdf0d44c272c271f2e5daed3e739f31196eb73abb050,user_local_LINK-USDT-SWAP_1d,diagnostic_proxy,listing-state history is incomplete
unverified_local_exchange,swap,LINK-USDT-SWAP,1d,pit_universe,2020-03-05T16:00:00+00:00,2026-05-17T16:00:00+00:00,2265,97.12693,membership,user_confirmed_local_history,effective_timestamp_of_frozen_snapshot,True,False,b795f296bce596160b21bdf0d44c272c271f2e5daed3e739f31196eb73abb050,user_local_LINK-USDT-SWAP_1d,diagnostic_proxy,listing-state history is incomplete
binance,swap,ADA-USDT-SWAP,event,open,2020-01-19T16:00:00+00:00,2026-07-15T16:00:00+00:00,0,0.0,quote_currency_per_base_currency,binance_public_rest,candle_close_timestamp,True,True,4bf71c1e2a1cd252dc4ee63c87701436860b8236aa3dd945abebadb2bd0aa395,binance_ADA-USDT-SWAP_funding,unavailable,field is absent or its unit/provenance is not verified in the frozen catalog
binance,swap,ADA-USDT-SWAP,event,high,2020-01-19T16:00:00+00:00,2026-07-15T16:00:00+00:00,0,0.0,quote_currency_per_base_currency,binance_public_rest,candle_close_timestamp,True,True,4bf71c1e2a1cd252dc4ee63c87701436860b8236aa3dd945abebadb2bd0aa395,binance_ADA-USDT-SWAP_funding,unavailable,field is absent or its unit/provenance is not verified in the frozen catalog
binance,swap,ADA-USDT-SWAP,event,low,2020-01-19T16:00:00+00:00,2026-07-15T16:00:00+00:00,0,0.0,quote_currency_per_base_currency,binance_public_rest,candle_close_timestamp,True,True,4bf71c1e2a1cd252dc4ee63c87701436860b8236aa3dd945abebadb2bd0aa395,binance_ADA-USDT-SWAP_funding,unavailable,field is absent or its unit/provenance is not verified in the frozen catalog
binance,swap,ADA-USDT-SWAP,event,close,2020-01-19T16:00:00+00:00,2026-07-15T16:00:00+00:00,0,0.0,quote_currency_per_base_currency,binance_public_rest,candle_close_timestamp,True,True,4bf71c1e2a1cd252dc4ee63c87701436860b8236aa3dd945abebadb2bd0aa395,binance_ADA-USDT-SWAP_funding,unavailable,field is absent or its unit/provenance is not verified in the frozen catalog
binance,swap,ADA-USDT-SWAP,event,reported_volume,2020-01-19T16:00:00+00:00,2026-07-15T16:00:00+00:00,0,0.0,source_reported_unknown,binance_public_rest,candle_close_timestamp,True,True,4bf71c1e2a1cd252dc4ee63c87701436860b8236aa3dd945abebadb2bd0aa395,binance_ADA-USDT-SWAP_funding,unavailable,field is absent or its unit/provenance is not verified in the frozen catalog
binance,swap,ADA-USDT-SWAP,event,base_volume,2020-01-19T16:00:00+00:00,2026-07-15T16:00:00+00:00,0,0.0,base_currency,binance_public_rest,candle_close_timestamp,True,True,4bf71c1e2a1cd252dc4ee63c87701436860b8236aa3dd945abebadb2bd0aa395,binance_ADA-USDT-SWAP_funding,unavailable,field is absent or its unit/provenance is not verified in the frozen catalog
binance,swap,ADA-USDT-SWAP,event,quote_volume,2020-01-19T16:00:00+00:00,2026-07-15T16:00:00+00:00,0,0.0,quote_currency,binance_public_rest,candle_close_timestamp,True,True,4bf71c1e2a1cd252dc4ee63c87701436860b8236aa3dd945abebadb2bd0aa395,binance_ADA-USDT-SWAP_funding,unavailable,field is absent or its unit/provenance is not verified in the frozen catalog
binance,swap,ADA-USDT-SWAP,event,contract_volume,2020-01-19T16:00:00+00:00,2026-07-15T16:00:00+00:00,0,0.0,contracts,binance_public_rest,candle_close_timestamp,True,True,4bf71c1e2a1cd252dc4ee63c87701436860b8236aa3dd945abebadb2bd0aa395,binance_ADA-USDT-SWAP_funding,unavailable,field is absent or its unit/provenance is not verified in the frozen catalog
binance,swap,ADA-USDT-SWAP,event,quote_turnover,2020-01-19T16:00:00+00:00,2026-07-15T16:00:00+00:00,0,0.0,quote_currency,binance_public_rest,candle_close_timestamp,True,True,4bf71c1e2a1cd252dc4ee63c87701436860b8236aa3dd945abebadb2bd0aa395,binance_ADA-USDT-SWAP_funding,unavailable,field is absent or its unit/provenance is not verified in the frozen catalog
binance,swap,ADA-USDT-SWAP,event,vwap,2020-01-19T16:00:00+00:00,2026-07-15T16:00:00+00:00,0,0.0,quote_currency_per_base_currency,binance_public_rest,candle_close_timestamp,True,True,4bf71c1e2a1cd252dc4ee63c87701436860b8236aa3dd945abebadb2bd0aa395,binance_ADA-USDT-SWAP_funding,unavailable,field is absent or its unit/provenance is not verified in the frozen catalog
binance,swap,ADA-USDT-SWAP,event,btc_returns,2020-01-19T16:00:00+00:00,2026-07-15T16:00:00+00:00,0,0.0,decimal_return,binance_public_rest,candle_close_timestamp,True,True,4bf71c1e2a1cd252dc4ee63c87701436860b8236aa3dd945abebadb2bd0aa395,binance_ADA-USDT-SWAP_funding,unavailable,field is absent or its unit/provenance is not verified in the frozen catalog
binance,swap,ADA-USDT-SWAP,event,residual_beta_inputs,2020-01-19T16:00:00+00:00,2026-07-15T16:00:00+00:00,0,0.0,decimal_return,binance_public_rest,candle_close_timestamp,True,True,4bf71c1e2a1cd252dc4ee63c87701436860b8236aa3dd945abebadb2bd0aa395,binance_ADA-USDT-SWAP_funding,unavailable,field is absent or its unit/provenance is not verified in the frozen catalog
binance,swap,ADA-USDT-SWAP,event,funding_rate,2020-01-19T16:00:00+00:00,2026-07-15T16:00:00+00:00,7108,99.218314,decimal_rate,binance_public_rest,source_timestamp_plus_publication_delay,True,True,4bf71c1e2a1cd252dc4ee63c87701436860b8236aa3dd945abebadb2bd0aa395,binance_ADA-USDT-SWAP_funding,ready,Binance public funding history with source timestamps
binance,swap,ADA-USDT-SWAP,event,open_interest,2020-01-19T16:00:00+00:00,2026-07-15T16:00:00+00:00,0,0.0,unavailable,binance_public_rest,unavailable_without_frozen_publication_timestamp,True,True,4bf71c1e2a1cd252dc4ee63c87701436860b8236aa3dd945abebadb2bd0aa395,binance_ADA-USDT-SWAP_funding,unavailable,field is absent or its unit/provenance is not verified in the frozen catalog
binance,swap,ADA-USDT-SWAP,event,basis,2020-01-19T16:00:00+00:00,2026-07-15T16:00:00+00:00,0,0.0,decimal_return,binance_public_rest,unavailable_without_frozen_publication_timestamp,True,True,4bf71c1e2a1cd252dc4ee63c87701436860b8236aa3dd945abebadb2bd0aa395,binance_ADA-USDT-SWAP_funding,unavailable,field is absent or its unit/provenance is not verified in the frozen catalog
binance,swap,ADA-USDT-SWAP,event,spot_price,2020-01-19T16:00:00+00:00,2026-07-15T16:00:00+00:00,0,0.0,quote_currency_per_base_currency,binance_public_rest,candle_close_timestamp,True,True,4bf71c1e2a1cd252dc4ee63c87701436860b8236aa3dd945abebadb2bd0aa395,binance_ADA-USDT-SWAP_funding,unavailable,field is absent or its unit/provenance is not verified in the frozen catalog
binance,swap,ADA-USDT-SWAP,event,perpetual_price,2020-01-19T16:00:00+00:00,2026-07-15T16:00:00+00:00,0,0.0,quote_currency_per_base_currency,binance_public_rest,candle_close_timestamp,True,True,4bf71c1e2a1cd252dc4ee63c87701436860b8236aa3dd945abebadb2bd0aa395,binance_ADA-USDT-SWAP_funding,unavailable,field is absent or its unit/provenance is not verified in the frozen catalog
binance,swap,ADA-USDT-SWAP,event,liquidation,2020-01-19T16:00:00+00:00,2026-07-15T16:00:00+00:00,0,0.0,unavailable,binance_public_rest,unavailable_without_frozen_publication_timestamp,True,True,4bf71c1e2a1cd252dc4ee63c87701436860b8236aa3dd945abebadb2bd0aa395,binance_ADA-USDT-SWAP_funding,unavailable,field is absent or its unit/provenance is not verified in the frozen catalog
binance,swap,ADA-USDT-SWAP,event,orderbook,2020-01-19T16:00:00+00:00,2026-07-15T16:00:00+00:00,0,0.0,unavailable,binance_public_rest,unavailable_without_frozen_publication_timestamp,True,True,4bf71c1e2a1cd252dc4ee63c87701436860b8236aa3dd945abebadb2bd0aa395,binance_ADA-USDT-SWAP_funding,unavailable,field is absent or its unit/provenance is not verified in the frozen catalog
binance,swap,ADA-USDT-SWAP,event,instrument_state,2020-01-19T16:00:00+00:00,2026-07-15T16:00:00+00:00,0,0.0,state,binance_public_rest,effective_timestamp_of_frozen_snapshot,True,True,4bf71c1e2a1cd252dc4ee63c87701436860b8236aa3dd945abebadb2bd0aa395,binance_ADA-USDT-SWAP_funding,unavailable,field is absent or its unit/provenance is not verified in the frozen catalog
binance,swap,ADA-USDT-SWAP,event,pit_universe,2020-01-19T16:00:00+00:00,2026-07-15T16:00:00+00:00,0,0.0,membership,binance_public_rest,effective_timestamp_of_frozen_snapshot,True,True,4bf71c1e2a1cd252dc4ee63c87701436860b8236aa3dd945abebadb2bd0aa395,binance_ADA-USDT-SWAP_funding,unavailable,field is absent or its unit/provenance is not verified in the frozen catalog
binance,swap,BCH-USDT-SWAP,event,open,2020-01-01T00:00:00+00:00,2026-07-15T16:00:00+00:00,0,0.0,quote_currency_per_base_currency,binance_public_rest,candle_close_timestamp,True,True,9ed3793949f05a6839a773d8d90c7b398933ed8de62f855a267e512f3f7b638d,binance_BCH-USDT-SWAP_funding,unavailable,field is absent or its unit/provenance is not verified in the frozen catalog
binance,swap,BCH-USDT-SWAP,event,high,2020-01-01T00:00:00+00:00,2026-07-15T16:00:00+00:00,0,0.0,quote_currency_per_base_currency,binance_public_rest,candle_close_timestamp,True,True,9ed3793949f05a6839a773d8d90c7b398933ed8de62f855a267e512f3f7b638d,binance_BCH-USDT-SWAP_funding,unavailable,field is absent or its unit/provenance is not verified in the frozen catalog
binance,swap,BCH-USDT-SWAP,event,low,2020-01-01T00:00:00+00:00,2026-07-15T16:00:00+00:00,0,0.0,quote_currency_per_base_currency,binance_public_rest,candle_close_timestamp,True,True,9ed3793949f05a6839a773d8d90c7b398933ed8de62f855a267e512f3f7b638d,binance_BCH-USDT-SWAP_funding,unavailable,field is absent or its unit/provenance is not verified in the frozen catalog
binance,swap,BCH-USDT-SWAP,event,close,2020-01-01T00:00:00+00:00,2026-07-15T16:00:00+00:00,0,0.0,quote_currency_per_base_currency,binance_public_rest,candle_close_timestamp,True,True,9ed3793949f05a6839a773d8d90c7b398933ed8de62f855a267e512f3f7b638d,binance_BCH-USDT-SWAP_funding,unavailable,field is absent or its unit/provenance is not verified in the frozen catalog
binance,swap,BCH-USDT-SWAP,event,reported_volume,2020-01-01T00:00:00+00:00,2026-07-15T16:00:00+00:00,0,0.0,source_reported_unknown,binance_public_rest,candle_close_timestamp,True,True,9ed3793949f05a6839a773d8d90c7b398933ed8de62f855a267e512f3f7b638d,binance_BCH-USDT-SWAP_funding,unavailable,field is absent or its unit/provenance is not verified in the frozen catalog
binance,swap,BCH-USDT-SWAP,event,base_volume,2020-01-01T00:00:00+00:00,2026-07-15T16:00:00+00:00,0,0.0,base_currency,binance_public_rest,candle_close_timestamp,True,True,9ed3793949f05a6839a773d8d90c7b398933ed8de62f855a267e512f3f7b638d,binance_BCH-USDT-SWAP_funding,unavailable,field is absent or its unit/provenance is not verified in the frozen catalog
binance,swap,BCH-USDT-SWAP,event,quote_volume,2020-01-01T00:00:00+00:00,2026-07-15T16:00:00+00:00,0,0.0,quote_currency,binance_public_rest,candle_close_timestamp,True,True,9ed3793949f05a6839a773d8d90c7b398933ed8de62f855a267e512f3f7b638d,binance_BCH-USDT-SWAP_funding,unavailable,field is absent or its unit/provenance is not verified in the frozen catalog
binance,swap,BCH-USDT-SWAP,event,contract_volume,2020-01-01T00:00:00+00:00,2026-07-15T16:00:00+00:00,0,0.0,contracts,binance_public_rest,candle_close_timestamp,True,True,9ed3793949f05a6839a773d8d90c7b398933ed8de62f855a267e512f3f7b638d,binance_BCH-USDT-SWAP_funding,unavailable,field is absent or its unit/provenance is not verified in the frozen catalog
binance,swap,BCH-USDT-SWAP,event,quote_turnover,2020-01-01T00:00:00+00:00,2026-07-15T16:00:00+00:00,0,0.0,quote_currency,binance_public_rest,candle_close_timestamp,True,True,9ed3793949f05a6839a773d8d90c7b398933ed8de62f855a267e512f3f7b638d,binance_BCH-USDT-SWAP_funding,unavailable,field is absent or its unit/provenance is not verified in the frozen catalog
binance,swap,BCH-USDT-SWAP,event,vwap,2020-01-01T00:00:00+00:00,2026-07-15T16:00:00+00:00,0,0.0,quote_currency_per_base_currency,binance_public_rest,candle_close_timestamp,True,True,9ed3793949f05a6839a773d8d90c7b398933ed8de62f855a267e512f3f7b638d,binance_BCH-USDT-SWAP_funding,unavailable,field is absent or its unit/provenance is not verified in the frozen catalog
binance,swap,BCH-USDT-SWAP,event,btc_returns,2020-01-01T00:00:00+00:00,2026-07-15T16:00:00+00:00,0,0.0,decimal_return,binance_public_rest,candle_close_timestamp,True,True,9ed3793949f05a6839a773d8d90c7b398933ed8de62f855a267e512f3f7b638d,binance_BCH-USDT-SWAP_funding,unavailable,field is absent or its unit/provenance is not verified in the frozen catalog
binance,swap,BCH-USDT-SWAP,event,residual_beta_inputs,2020-01-01T00:00:00+00:00,2026-07-15T16:00:00+00:00,0,0.0,decimal_return,binance_public_rest,candle_close_timestamp,True,True,9ed3793949f05a6839a773d8d90c7b398933ed8de62f855a267e512f3f7b638d,binance_BCH-USDT-SWAP_funding,unavailable,field is absent or its unit/provenance is not verified in the frozen catalog
binance,swap,BCH-USDT-SWAP,event,funding_rate,2020-01-01T00:00:00+00:00,2026-07-15T16:00:00+00:00,7164,100.0,decimal_rate,binance_public_rest,source_timestamp_plus_publication_delay,True,True,9ed3793949f05a6839a773d8d90c7b398933ed8de62f855a267e512f3f7b638d,binance_BCH-USDT-SWAP_funding,ready,Binance public funding history with source timestamps
binance,swap,BCH-USDT-SWAP,event,open_interest,2020-01-01T00:00:00+00:00,2026-07-15T16:00:00+00:00,0,0.0,unavailable,binance_public_rest,unavailable_without_frozen_publication_timestamp,True,True,9ed3793949f05a6839a773d8d90c7b398933ed8de62f855a267e512f3f7b638d,binance_BCH-USDT-SWAP_funding,unavailable,field is absent or its unit/provenance is not verified in the frozen catalog
binance,swap,BCH-USDT-SWAP,event,basis,2020-01-01T00:00:00+00:00,2026-07-15T16:00:00+00:00,0,0.0,decimal_return,binance_public_rest,unavailable_without_frozen_publication_timestamp,True,True,9ed3793949f05a6839a773d8d90c7b398933ed8de62f855a267e512f3f7b638d,binance_BCH-USDT-SWAP_funding,unavailable,field is absent or its unit/provenance is not verified in the frozen catalog
binance,swap,BCH-USDT-SWAP,event,spot_price,2020-01-01T00:00:00+00:00,2026-07-15T16:00:00+00:00,0,0.0,quote_currency_per_base_currency,binance_public_rest,candle_close_timestamp,True,True,9ed3793949f05a6839a773d8d90c7b398933ed8de62f855a267e512f3f7b638d,binance_BCH-USDT-SWAP_funding,unavailable,field is absent or its unit/provenance is not verified in the frozen catalog
binance,swap,BCH-USDT-SWAP,event,perpetual_price,2020-01-01T00:00:00+00:00,2026-07-15T16:00:00+00:00,0,0.0,quote_currency_per_base_currency,binance_public_rest,candle_close_timestamp,True,True,9ed3793949f05a6839a773d8d90c7b398933ed8de62f855a267e512f3f7b638d,binance_BCH-USDT-SWAP_funding,unavailable,field is absent or its unit/provenance is not verified in the frozen catalog
binance,swap,BCH-USDT-SWAP,event,liquidation,2020-01-01T00:00:00+00:00,2026-07-15T16:00:00+00:00,0,0.0,unavailable,binance_public_rest,unavailable_without_frozen_publication_timestamp,True,True,9ed3793949f05a6839a773d8d90c7b398933ed8de62f855a267e512f3f7b638d,binance_BCH-USDT-SWAP_funding,unavailable,field is absent or its unit/provenance is not verified in the frozen catalog
binance,swap,BCH-USDT-SWAP,event,orderbook,2020-01-01T00:00:00+00:00,2026-07-15T16:00:00+00:00,0,0.0,unavailable,binance_public_rest,unavailable_without_frozen_publication_timestamp,True,True,9ed3793949f05a6839a773d8d90c7b398933ed8de62f855a267e512f3f7b638d,binance_BCH-USDT-SWAP_funding,unavailable,field is absent or its unit/provenance is not verified in the frozen catalog
binance,swap,BCH-USDT-SWAP,event,instrument_state,2020-01-01T00:00:00+00:00,2026-07-15T16:00:00+00:00,0,0.0,state,binance_public_rest,effective_timestamp_of_frozen_snapshot,True,True,9ed3793949f05a6839a773d8d90c7b398933ed8de62f855a267e512f3f7b638d,binance_BCH-USDT-SWAP_funding,unavailable,field is absent or its unit/provenance is not verified in the frozen catalog
binance,swap,BCH-USDT-SWAP,event,pit_universe,2020-01-01T00:00:00+00:00,2026-07-15T16:00:00+00:00,0,0.0,membership,binance_public_rest,effective_timestamp_of_frozen_snapshot,True,True,9ed3793949f05a6839a773d8d90c7b398933ed8de62f855a267e512f3f7b638d,binance_BCH-USDT-SWAP_funding,unavailable,field is absent or its unit/provenance is not verified in the frozen catalog
binance,swap,BTC-USDT-SWAP,event,open,2020-01-01T00:00:00+00:00,2026-07-15T16:00:00+00:00,0,0.0,quote_currency_per_base_currency,binance_public_rest,candle_close_timestamp,True,True,1cb2a180a40f0e35507cf87215926fecbc0befd07c6948b83044939baacd6e23,binance_BTC-USDT-SWAP_funding,unavailable,field is absent or its unit/provenance is not verified in the frozen catalog
binance,swap,BTC-USDT-SWAP,event,high,2020-01-01T00:00:00+00:00,2026-07-15T16:00:00+00:00,0,0.0,quote_currency_per_base_currency,binance_public_rest,candle_close_timestamp,True,True,1cb2a180a40f0e35507cf87215926fecbc0befd07c6948b83044939baacd6e23,binance_BTC-USDT-SWAP_funding,unavailable,field is absent or its unit/provenance is not verified in the frozen catalog
binance,swap,BTC-USDT-SWAP,event,low,2020-01-01T00:00:00+00:00,2026-07-15T16:00:00+00:00,0,0.0,quote_currency_per_base_currency,binance_public_rest,candle_close_timestamp,True,True,1cb2a180a40f0e35507cf87215926fecbc0befd07c6948b83044939baacd6e23,binance_BTC-USDT-SWAP_funding,unavailable,field is absent or its unit/provenance is not verified in the frozen catalog
binance,swap,BTC-USDT-SWAP,event,close,2020-01-01T00:00:00+00:00,2026-07-15T16:00:00+00:00,0,0.0,quote_currency_per_base_currency,binance_public_rest,candle_close_timestamp,True,True,1cb2a180a40f0e35507cf87215926fecbc0befd07c6948b83044939baacd6e23,binance_BTC-USDT-SWAP_funding,unavailable,field is absent or its unit/provenance is not verified in the frozen catalog
binance,swap,BTC-USDT-SWAP,event,reported_volume,2020-01-01T00:00:00+00:00,2026-07-15T16:00:00+00:00,0,0.0,source_reported_unknown,binance_public_rest,candle_close_timestamp,True,True,1cb2a180a40f0e35507cf87215926fecbc0befd07c6948b83044939baacd6e23,binance_BTC-USDT-SWAP_funding,unavailable,field is absent or its unit/provenance is not verified in the frozen catalog
binance,swap,BTC-USDT-SWAP,event,base_volume,2020-01-01T00:00:00+00:00,2026-07-15T16:00:00+00:00,0,0.0,base_currency,binance_public_rest,candle_close_timestamp,True,True,1cb2a180a40f0e35507cf87215926fecbc0befd07c6948b83044939baacd6e23,binance_BTC-USDT-SWAP_funding,unavailable,field is absent or its unit/provenance is not verified in the frozen catalog
binance,swap,BTC-USDT-SWAP,event,quote_volume,2020-01-01T00:00:00+00:00,2026-07-15T16:00:00+00:00,0,0.0,quote_currency,binance_public_rest,candle_close_timestamp,True,True,1cb2a180a40f0e35507cf87215926fecbc0befd07c6948b83044939baacd6e23,binance_BTC-USDT-SWAP_funding,unavailable,field is absent or its unit/provenance is not verified in the frozen catalog
binance,swap,BTC-USDT-SWAP,event,contract_volume,2020-01-01T00:00:00+00:00,2026-07-15T16:00:00+00:00,0,0.0,contracts,binance_public_rest,candle_close_timestamp,True,True,1cb2a180a40f0e35507cf87215926fecbc0befd07c6948b83044939baacd6e23,binance_BTC-USDT-SWAP_funding,unavailable,field is absent or its unit/provenance is not verified in the frozen catalog
binance,swap,BTC-USDT-SWAP,event,quote_turnover,2020-01-01T00:00:00+00:00,2026-07-15T16:00:00+00:00,0,0.0,quote_currency,binance_public_rest,candle_close_timestamp,True,True,1cb2a180a40f0e35507cf87215926fecbc0befd07c6948b83044939baacd6e23,binance_BTC-USDT-SWAP_funding,unavailable,field is absent or its unit/provenance is not verified in the frozen catalog
binance,swap,BTC-USDT-SWAP,event,vwap,2020-01-01T00:00:00+00:00,2026-07-15T16:00:00+00:00,0,0.0,quote_currency_per_base_currency,binance_public_rest,candle_close_timestamp,True,True,1cb2a180a40f0e35507cf87215926fecbc0befd07c6948b83044939baacd6e23,binance_BTC-USDT-SWAP_funding,unavailable,field is absent or its unit/provenance is not verified in the frozen catalog
binance,swap,BTC-USDT-SWAP,event,btc_returns,2020-01-01T00:00:00+00:00,2026-07-15T16:00:00+00:00,0,0.0,decimal_return,binance_public_rest,candle_close_timestamp,True,True,1cb2a180a40f0e35507cf87215926fecbc0befd07c6948b83044939baacd6e23,binance_BTC-USDT-SWAP_funding,unavailable,field is absent or its unit/provenance is not verified in the frozen catalog
binance,swap,BTC-USDT-SWAP,event,residual_beta_inputs,2020-01-01T00:00:00+00:00,2026-07-15T16:00:00+00:00,0,0.0,decimal_return,binance_public_rest,candle_close_timestamp,True,True,1cb2a180a40f0e35507cf87215926fecbc0befd07c6948b83044939baacd6e23,binance_BTC-USDT-SWAP_funding,unavailable,field is absent or its unit/provenance is not verified in the frozen catalog
binance,swap,BTC-USDT-SWAP,event,funding_rate,2020-01-01T00:00:00+00:00,2026-07-15T16:00:00+00:00,7164,100.0,decimal_rate,binance_public_rest,source_timestamp_plus_publication_delay,True,True,1cb2a180a40f0e35507cf87215926fecbc0befd07c6948b83044939baacd6e23,binance_BTC-USDT-SWAP_funding,ready,Binance public funding history with source timestamps
binance,swap,BTC-USDT-SWAP,event,open_interest,2020-01-01T00:00:00+00:00,2026-07-15T16:00:00+00:00,0,0.0,unavailable,binance_public_rest,unavailable_without_frozen_publication_timestamp,True,True,1cb2a180a40f0e35507cf87215926fecbc0befd07c6948b83044939baacd6e23,binance_BTC-USDT-SWAP_funding,unavailable,field is absent or its unit/provenance is not verified in the frozen catalog
binance,swap,BTC-USDT-SWAP,event,basis,2020-01-01T00:00:00+00:00,2026-07-15T16:00:00+00:00,0,0.0,decimal_return,binance_public_rest,unavailable_without_frozen_publication_timestamp,True,True,1cb2a180a40f0e35507cf87215926fecbc0befd07c6948b83044939baacd6e23,binance_BTC-USDT-SWAP_funding,unavailable,field is absent or its unit/provenance is not verified in the frozen catalog
binance,swap,BTC-USDT-SWAP,event,spot_price,2020-01-01T00:00:00+00:00,2026-07-15T16:00:00+00:00,0,0.0,quote_currency_per_base_currency,binance_public_rest,candle_close_timestamp,True,True,1cb2a180a40f0e35507cf87215926fecbc0befd07c6948b83044939baacd6e23,binance_BTC-USDT-SWAP_funding,unavailable,field is absent or its unit/provenance is not verified in the frozen catalog
binance,swap,BTC-USDT-SWAP,event,perpetual_price,2020-01-01T00:00:00+00:00,2026-07-15T16:00:00+00:00,0,0.0,quote_currency_per_base_currency,binance_public_rest,candle_close_timestamp,True,True,1cb2a180a40f0e35507cf87215926fecbc0befd07c6948b83044939baacd6e23,binance_BTC-USDT-SWAP_funding,unavailable,field is absent or its unit/provenance is not verified in the frozen catalog
binance,swap,BTC-USDT-SWAP,event,liquidation,2020-01-01T00:00:00+00:00,2026-07-15T16:00:00+00:00,0,0.0,unavailable,binance_public_rest,unavailable_without_frozen_publication_timestamp,True,True,1cb2a180a40f0e35507cf87215926fecbc0befd07c6948b83044939baacd6e23,binance_BTC-USDT-SWAP_funding,unavailable,field is absent or its unit/provenance is not verified in the frozen catalog
binance,swap,BTC-USDT-SWAP,event,orderbook,2020-01-01T00:00:00+00:00,2026-07-15T16:00:00+00:00,0,0.0,unavailable,binance_public_rest,unavailable_without_frozen_publication_timestamp,True,True,1cb2a180a40f0e35507cf87215926fecbc0befd07c6948b83044939baacd6e23,binance_BTC-USDT-SWAP_funding,unavailable,field is absent or its unit/provenance is not verified in the frozen catalog
binance,swap,BTC-USDT-SWAP,event,instrument_state,2020-01-01T00:00:00+00:00,2026-07-15T16:00:00+00:00,0,0.0,state,binance_public_rest,effective_timestamp_of_frozen_snapshot,True,True,1cb2a180a40f0e35507cf87215926fecbc0befd07c6948b83044939baacd6e23,binance_BTC-USDT-SWAP_funding,unavailable,field is absent or its unit/provenance is not verified in the frozen catalog
binance,swap,BTC-USDT-SWAP,event,pit_universe,2020-01-01T00:00:00+00:00,2026-07-15T16:00:00+00:00,0,0.0,membership,binance_public_rest,effective_timestamp_of_frozen_snapshot,True,True,1cb2a180a40f0e35507cf87215926fecbc0befd07c6948b83044939baacd6e23,binance_BTC-USDT-SWAP_funding,unavailable,field is absent or its unit/provenance is not verified in the frozen catalog
binance,swap,ETC-USDT-SWAP,event,open,2020-01-16T08:00:00+00:00,2026-07-15T16:00:00+00:00,0,0.0,quote_currency_per_base_currency,binance_public_rest,candle_close_timestamp,True,True,8b5e156736bd8ab4da58c57fc6e51ceb41c0dce04a3c3cb299c73bbdc6b92cd8,binance_ETC-USDT-SWAP_funding,unavailable,field is absent or its unit/provenance is not verified in the frozen catalog
binance,swap,ETC-USDT-SWAP,event,high,2020-01-16T08:00:00+00:00,2026-07-15T16:00:00+00:00,0,0.0,quote_currency_per_base_currency,binance_public_rest,candle_close_timestamp,True,True,8b5e156736bd8ab4da58c57fc6e51ceb41c0dce04a3c3cb299c73bbdc6b92cd8,binance_ETC-USDT-SWAP_funding,unavailable,field is absent or its unit/provenance is not verified in the frozen catalog
binance,swap,ETC-USDT-SWAP,event,low,2020-01-16T08:00:00+00:00,2026-07-15T16:00:00+00:00,0,0.0,quote_currency_per_base_currency,binance_public_rest,candle_close_timestamp,True,True,8b5e156736bd8ab4da58c57fc6e51ceb41c0dce04a3c3cb299c73bbdc6b92cd8,binance_ETC-USDT-SWAP_funding,unavailable,field is absent or its unit/provenance is not verified in the frozen catalog
binance,swap,ETC-USDT-SWAP,event,close,2020-01-16T08:00:00+00:00,2026-07-15T16:00:00+00:00,0,0.0,quote_currency_per_base_currency,binance_public_rest,candle_close_timestamp,True,True,8b5e156736bd8ab4da58c57fc6e51ceb41c0dce04a3c3cb299c73bbdc6b92cd8,binance_ETC-USDT-SWAP_funding,unavailable,field is absent or its unit/provenance is not verified in the frozen catalog
binance,swap,ETC-USDT-SWAP,event,reported_volume,2020-01-16T08:00:00+00:00,2026-07-15T16:00:00+00:00,0,0.0,source_reported_unknown,binance_public_rest,candle_close_timestamp,True,True,8b5e156736bd8ab4da58c57fc6e51ceb41c0dce04a3c3cb299c73bbdc6b92cd8,binance_ETC-USDT-SWAP_funding,unavailable,field is absent or its unit/provenance is not verified in the frozen catalog
binance,swap,ETC-USDT-SWAP,event,base_volume,2020-01-16T08:00:00+00:00,2026-07-15T16:00:00+00:00,0,0.0,base_currency,binance_public_rest,candle_close_timestamp,True,True,8b5e156736bd8ab4da58c57fc6e51ceb41c0dce04a3c3cb299c73bbdc6b92cd8,binance_ETC-USDT-SWAP_funding,unavailable,field is absent or its unit/provenance is not verified in the frozen catalog
binance,swap,ETC-USDT-SWAP,event,quote_volume,2020-01-16T08:00:00+00:00,2026-07-15T16:00:00+00:00,0,0.0,quote_currency,binance_public_rest,candle_close_timestamp,True,True,8b5e156736bd8ab4da58c57fc6e51ceb41c0dce04a3c3cb299c73bbdc6b92cd8,binance_ETC-USDT-SWAP_funding,unavailable,field is absent or its unit/provenance is not verified in the frozen catalog
binance,swap,ETC-USDT-SWAP,event,contract_volume,2020-01-16T08:00:00+00:00,2026-07-15T16:00:00+00:00,0,0.0,contracts,binance_public_rest,candle_close_timestamp,True,True,8b5e156736bd8ab4da58c57fc6e51ceb41c0dce04a3c3cb299c73bbdc6b92cd8,binance_ETC-USDT-SWAP_funding,unavailable,field is absent or its unit/provenance is not verified in the frozen catalog
binance,swap,ETC-USDT-SWAP,event,quote_turnover,2020-01-16T08:00:00+00:00,2026-07-15T16:00:00+00:00,0,0.0,quote_currency,binance_public_rest,candle_close_timestamp,True,True,8b5e156736bd8ab4da58c57fc6e51ceb41c0dce04a3c3cb299c73bbdc6b92cd8,binance_ETC-USDT-SWAP_funding,unavailable,field is absent or its unit/provenance is not verified in the frozen catalog
binance,swap,ETC-USDT-SWAP,event,vwap,2020-01-16T08:00:00+00:00,2026-07-15T16:00:00+00:00,0,0.0,quote_currency_per_base_currency,binance_public_rest,candle_close_timestamp,True,True,8b5e156736bd8ab4da58c57fc6e51ceb41c0dce04a3c3cb299c73bbdc6b92cd8,binance_ETC-USDT-SWAP_funding,unavailable,field is absent or its unit/provenance is not verified in the frozen catalog
binance,swap,ETC-USDT-SWAP,event,btc_returns,2020-01-16T08:00:00+00:00,2026-07-15T16:00:00+00:00,0,0.0,decimal_return,binance_public_rest,candle_close_timestamp,True,True,8b5e156736bd8ab4da58c57fc6e51ceb41c0dce04a3c3cb299c73bbdc6b92cd8,binance_ETC-USDT-SWAP_funding,unavailable,field is absent or its unit/provenance is not verified in the frozen catalog
binance,swap,ETC-USDT-SWAP,event,residual_beta_inputs,2020-01-16T08:00:00+00:00,2026-07-15T16:00:00+00:00,0,0.0,decimal_return,binance_public_rest,candle_close_timestamp,True,True,8b5e156736bd8ab4da58c57fc6e51ceb41c0dce04a3c3cb299c73bbdc6b92cd8,binance_ETC-USDT-SWAP_funding,unavailable,field is absent or its unit/provenance is not verified in the frozen catalog
binance,swap,ETC-USDT-SWAP,event,funding_rate,2020-01-16T08:00:00+00:00,2026-07-15T16:00:00+00:00,7118,99.357901,decimal_rate,binance_public_rest,source_timestamp_plus_publication_delay,True,True,8b5e156736bd8ab4da58c57fc6e51ceb41c0dce04a3c3cb299c73bbdc6b92cd8,binance_ETC-USDT-SWAP_funding,ready,Binance public funding history with source timestamps
binance,swap,ETC-USDT-SWAP,event,open_interest,2020-01-16T08:00:00+00:00,2026-07-15T16:00:00+00:00,0,0.0,unavailable,binance_public_rest,unavailable_without_frozen_publication_timestamp,True,True,8b5e156736bd8ab4da58c57fc6e51ceb41c0dce04a3c3cb299c73bbdc6b92cd8,binance_ETC-USDT-SWAP_funding,unavailable,field is absent or its unit/provenance is not verified in the frozen catalog
binance,swap,ETC-USDT-SWAP,event,basis,2020-01-16T08:00:00+00:00,2026-07-15T16:00:00+00:00,0,0.0,decimal_return,binance_public_rest,unavailable_without_frozen_publication_timestamp,True,True,8b5e156736bd8ab4da58c57fc6e51ceb41c0dce04a3c3cb299c73bbdc6b92cd8,binance_ETC-USDT-SWAP_funding,unavailable,field is absent or its unit/provenance is not verified in the frozen catalog
binance,swap,ETC-USDT-SWAP,event,spot_price,2020-01-16T08:00:00+00:00,2026-07-15T16:00:00+00:00,0,0.0,quote_currency_per_base_currency,binance_public_rest,candle_close_timestamp,True,True,8b5e156736bd8ab4da58c57fc6e51ceb41c0dce04a3c3cb299c73bbdc6b92cd8,binance_ETC-USDT-SWAP_funding,unavailable,field is absent or its unit/provenance is not verified in the frozen catalog
binance,swap,ETC-USDT-SWAP,event,perpetual_price,2020-01-16T08:00:00+00:00,2026-07-15T16:00:00+00:00,0,0.0,quote_currency_per_base_currency,binance_public_rest,candle_close_timestamp,True,True,8b5e156736bd8ab4da58c57fc6e51ceb41c0dce04a3c3cb299c73bbdc6b92cd8,binance_ETC-USDT-SWAP_funding,unavailable,field is absent or its unit/provenance is not verified in the frozen catalog
binance,swap,ETC-USDT-SWAP,event,liquidation,2020-01-16T08:00:00+00:00,2026-07-15T16:00:00+00:00,0,0.0,unavailable,binance_public_rest,unavailable_without_frozen_publication_timestamp,True,True,8b5e156736bd8ab4da58c57fc6e51ceb41c0dce04a3c3cb299c73bbdc6b92cd8,binance_ETC-USDT-SWAP_funding,unavailable,field is absent or its unit/provenance is not verified in the frozen catalog
binance,swap,ETC-USDT-SWAP,event,orderbook,2020-01-16T08:00:00+00:00,2026-07-15T16:00:00+00:00,0,0.0,unavailable,binance_public_rest,unavailable_without_frozen_publication_timestamp,True,True,8b5e156736bd8ab4da58c57fc6e51ceb41c0dce04a3c3cb299c73bbdc6b92cd8,binance_ETC-USDT-SWAP_funding,unavailable,field is absent or its unit/provenance is not verified in the frozen catalog
binance,swap,ETC-USDT-SWAP,event,instrument_state,2020-01-16T08:00:00+00:00,2026-07-15T16:00:00+00:00,0,0.0,state,binance_public_rest,effective_timestamp_of_frozen_snapshot,True,True,8b5e156736bd8ab4da58c57fc6e51ceb41c0dce04a3c3cb299c73bbdc6b92cd8,binance_ETC-USDT-SWAP_funding,unavailable,field is absent or its unit/provenance is not verified in the frozen catalog
binance,swap,ETC-USDT-SWAP,event,pit_universe,2020-01-16T08:00:00+00:00,2026-07-15T16:00:00+00:00,0,0.0,membership,binance_public_rest,effective_timestamp_of_frozen_snapshot,True,True,8b5e156736bd8ab4da58c57fc6e51ceb41c0dce04a3c3cb299c73bbdc6b92cd8,binance_ETC-USDT-SWAP_funding,unavailable,field is absent or its unit/provenance is not verified in the frozen catalog
binance,swap,ETH-USDT-SWAP,event,open,2020-01-01T00:00:00+00:00,2026-07-15T16:00:00+00:00,0,0.0,quote_currency_per_base_currency,binance_public_rest,candle_close_timestamp,True,True,f60b008b310fba90eed8b8cecbd39d1c494e40f6b24cb737ee40a6d26896746d,binance_ETH-USDT-SWAP_funding,unavailable,field is absent or its unit/provenance is not verified in the frozen catalog
binance,swap,ETH-USDT-SWAP,event,high,2020-01-01T00:00:00+00:00,2026-07-15T16:00:00+00:00,0,0.0,quote_currency_per_base_currency,binance_public_rest,candle_close_timestamp,True,True,f60b008b310fba90eed8b8cecbd39d1c494e40f6b24cb737ee40a6d26896746d,binance_ETH-USDT-SWAP_funding,unavailable,field is absent or its unit/provenance is not verified in the frozen catalog
binance,swap,ETH-USDT-SWAP,event,low,2020-01-01T00:00:00+00:00,2026-07-15T16:00:00+00:00,0,0.0,quote_currency_per_base_currency,binance_public_rest,candle_close_timestamp,True,True,f60b008b310fba90eed8b8cecbd39d1c494e40f6b24cb737ee40a6d26896746d,binance_ETH-USDT-SWAP_funding,unavailable,field is absent or its unit/provenance is not verified in the frozen catalog
binance,swap,ETH-USDT-SWAP,event,close,2020-01-01T00:00:00+00:00,2026-07-15T16:00:00+00:00,0,0.0,quote_currency_per_base_currency,binance_public_rest,candle_close_timestamp,True,True,f60b008b310fba90eed8b8cecbd39d1c494e40f6b24cb737ee40a6d26896746d,binance_ETH-USDT-SWAP_funding,unavailable,field is absent or its unit/provenance is not verified in the frozen catalog
binance,swap,ETH-USDT-SWAP,event,reported_volume,2020-01-01T00:00:00+00:00,2026-07-15T16:00:00+00:00,0,0.0,source_reported_unknown,binance_public_rest,candle_close_timestamp,True,True,f60b008b310fba90eed8b8cecbd39d1c494e40f6b24cb737ee40a6d26896746d,binance_ETH-USDT-SWAP_funding,unavailable,field is absent or its unit/provenance is not verified in the frozen catalog
binance,swap,ETH-USDT-SWAP,event,base_volume,2020-01-01T00:00:00+00:00,2026-07-15T16:00:00+00:00,0,0.0,base_currency,binance_public_rest,candle_close_timestamp,True,True,f60b008b310fba90eed8b8cecbd39d1c494e40f6b24cb737ee40a6d26896746d,binance_ETH-USDT-SWAP_funding,unavailable,field is absent or its unit/provenance is not verified in the frozen catalog
binance,swap,ETH-USDT-SWAP,event,quote_volume,2020-01-01T00:00:00+00:00,2026-07-15T16:00:00+00:00,0,0.0,quote_currency,binance_public_rest,candle_close_timestamp,True,True,f60b008b310fba90eed8b8cecbd39d1c494e40f6b24cb737ee40a6d26896746d,binance_ETH-USDT-SWAP_funding,unavailable,field is absent or its unit/provenance is not verified in the frozen catalog
binance,swap,ETH-USDT-SWAP,event,contract_volume,2020-01-01T00:00:00+00:00,2026-07-15T16:00:00+00:00,0,0.0,contracts,binance_public_rest,candle_close_timestamp,True,True,f60b008b310fba90eed8b8cecbd39d1c494e40f6b24cb737ee40a6d26896746d,binance_ETH-USDT-SWAP_funding,unavailable,field is absent or its unit/provenance is not verified in the frozen catalog
binance,swap,ETH-USDT-SWAP,event,quote_turnover,2020-01-01T00:00:00+00:00,2026-07-15T16:00:00+00:00,0,0.0,quote_currency,binance_public_rest,candle_close_timestamp,True,True,f60b008b310fba90eed8b8cecbd39d1c494e40f6b24cb737ee40a6d26896746d,binance_ETH-USDT-SWAP_funding,unavailable,field is absent or its unit/provenance is not verified in the frozen catalog
binance,swap,ETH-USDT-SWAP,event,vwap,2020-01-01T00:00:00+00:00,2026-07-15T16:00:00+00:00,0,0.0,quote_currency_per_base_currency,binance_public_rest,candle_close_timestamp,True,True,f60b008b310fba90eed8b8cecbd39d1c494e40f6b24cb737ee40a6d26896746d,binance_ETH-USDT-SWAP_funding,unavailable,field is absent or its unit/provenance is not verified in the frozen catalog
binance,swap,ETH-USDT-SWAP,event,btc_returns,2020-01-01T00:00:00+00:00,2026-07-15T16:00:00+00:00,0,0.0,decimal_return,binance_public_rest,candle_close_timestamp,True,True,f60b008b310fba90eed8b8cecbd39d1c494e40f6b24cb737ee40a6d26896746d,binance_ETH-USDT-SWAP_funding,unavailable,field is absent or its unit/provenance is not verified in the frozen catalog
binance,swap,ETH-USDT-SWAP,event,residual_beta_inputs,2020-01-01T00:00:00+00:00,2026-07-15T16:00:00+00:00,0,0.0,decimal_return,binance_public_rest,candle_close_timestamp,True,True,f60b008b310fba90eed8b8cecbd39d1c494e40f6b24cb737ee40a6d26896746d,binance_ETH-USDT-SWAP_funding,unavailable,field is absent or its unit/provenance is not verified in the frozen catalog
binance,swap,ETH-USDT-SWAP,event,funding_rate,2020-01-01T00:00:00+00:00,2026-07-15T16:00:00+00:00,7164,100.0,decimal_rate,binance_public_rest,source_timestamp_plus_publication_delay,True,True,f60b008b310fba90eed8b8cecbd39d1c494e40f6b24cb737ee40a6d26896746d,binance_ETH-USDT-SWAP_funding,ready,Binance public funding history with source timestamps
binance,swap,ETH-USDT-SWAP,event,open_interest,2020-01-01T00:00:00+00:00,2026-07-15T16:00:00+00:00,0,0.0,unavailable,binance_public_rest,unavailable_without_frozen_publication_timestamp,True,True,f60b008b310fba90eed8b8cecbd39d1c494e40f6b24cb737ee40a6d26896746d,binance_ETH-USDT-SWAP_funding,unavailable,field is absent or its unit/provenance is not verified in the frozen catalog
binance,swap,ETH-USDT-SWAP,event,basis,2020-01-01T00:00:00+00:00,2026-07-15T16:00:00+00:00,0,0.0,decimal_return,binance_public_rest,unavailable_without_frozen_publication_timestamp,True,True,f60b008b310fba90eed8b8cecbd39d1c494e40f6b24cb737ee40a6d26896746d,binance_ETH-USDT-SWAP_funding,unavailable,field is absent or its unit/provenance is not verified in the frozen catalog
binance,swap,ETH-USDT-SWAP,event,spot_price,2020-01-01T00:00:00+00:00,2026-07-15T16:00:00+00:00,0,0.0,quote_currency_per_base_currency,binance_public_rest,candle_close_timestamp,True,True,f60b008b310fba90eed8b8cecbd39d1c494e40f6b24cb737ee40a6d26896746d,binance_ETH-USDT-SWAP_funding,unavailable,field is absent or its unit/provenance is not verified in the frozen catalog
binance,swap,ETH-USDT-SWAP,event,perpetual_price,2020-01-01T00:00:00+00:00,2026-07-15T16:00:00+00:00,0,0.0,quote_currency_per_base_currency,binance_public_rest,candle_close_timestamp,True,True,f60b008b310fba90eed8b8cecbd39d1c494e40f6b24cb737ee40a6d26896746d,binance_ETH-USDT-SWAP_funding,unavailable,field is absent or its unit/provenance is not verified in the frozen catalog
binance,swap,ETH-USDT-SWAP,event,liquidation,2020-01-01T00:00:00+00:00,2026-07-15T16:00:00+00:00,0,0.0,unavailable,binance_public_rest,unavailable_without_frozen_publication_timestamp,True,True,f60b008b310fba90eed8b8cecbd39d1c494e40f6b24cb737ee40a6d26896746d,binance_ETH-USDT-SWAP_funding,unavailable,field is absent or its unit/provenance is not verified in the frozen catalog
binance,swap,ETH-USDT-SWAP,event,orderbook,2020-01-01T00:00:00+00:00,2026-07-15T16:00:00+00:00,0,0.0,unavailable,binance_public_rest,unavailable_without_frozen_publication_timestamp,True,True,f60b008b310fba90eed8b8cecbd39d1c494e40f6b24cb737ee40a6d26896746d,binance_ETH-USDT-SWAP_funding,unavailable,field is absent or its unit/provenance is not verified in the frozen catalog
binance,swap,ETH-USDT-SWAP,event,instrument_state,2020-01-01T00:00:00+00:00,2026-07-15T16:00:00+00:00,0,0.0,state,binance_public_rest,effective_timestamp_of_frozen_snapshot,True,True,f60b008b310fba90eed8b8cecbd39d1c494e40f6b24cb737ee40a6d26896746d,binance_ETH-USDT-SWAP_funding,unavailable,field is absent or its unit/provenance is not verified in the frozen catalog
binance,swap,ETH-USDT-SWAP,event,pit_universe,2020-01-01T00:00:00+00:00,2026-07-15T16:00:00+00:00,0,0.0,membership,binance_public_rest,effective_timestamp_of_frozen_snapshot,True,True,f60b008b310fba90eed8b8cecbd39d1c494e40f6b24cb737ee40a6d26896746d,binance_ETH-USDT-SWAP_funding,unavailable,field is absent or its unit/provenance is not verified in the frozen catalog
binance,swap,LINK-USDT-SWAP,event,open,2020-01-17T08:00:00+00:00,2026-07-15T16:00:00+00:00,0,0.0,quote_currency_per_base_currency,binance_public_rest,candle_close_timestamp,True,True,09f116003e700dd114a13645017cc3f50e6381b868b4303314f0384577e8f626,binance_LINK-USDT-SWAP_funding,unavailable,field is absent or its unit/provenance is not verified in the frozen catalog
binance,swap,LINK-USDT-SWAP,event,high,2020-01-17T08:00:00+00:00,2026-07-15T16:00:00+00:00,0,0.0,quote_currency_per_base_currency,binance_public_rest,candle_close_timestamp,True,True,09f116003e700dd114a13645017cc3f50e6381b868b4303314f0384577e8f626,binance_LINK-USDT-SWAP_funding,unavailable,field is absent or its unit/provenance is not verified in the frozen catalog
binance,swap,LINK-USDT-SWAP,event,low,2020-01-17T08:00:00+00:00,2026-07-15T16:00:00+00:00,0,0.0,quote_currency_per_base_currency,binance_public_rest,candle_close_timestamp,True,True,09f116003e700dd114a13645017cc3f50e6381b868b4303314f0384577e8f626,binance_LINK-USDT-SWAP_funding,unavailable,field is absent or its unit/provenance is not verified in the frozen catalog
binance,swap,LINK-USDT-SWAP,event,close,2020-01-17T08:00:00+00:00,2026-07-15T16:00:00+00:00,0,0.0,quote_currency_per_base_currency,binance_public_rest,candle_close_timestamp,True,True,09f116003e700dd114a13645017cc3f50e6381b868b4303314f0384577e8f626,binance_LINK-USDT-SWAP_funding,unavailable,field is absent or its unit/provenance is not verified in the frozen catalog
binance,swap,LINK-USDT-SWAP,event,reported_volume,2020-01-17T08:00:00+00:00,2026-07-15T16:00:00+00:00,0,0.0,source_reported_unknown,binance_public_rest,candle_close_timestamp,True,True,09f116003e700dd114a13645017cc3f50e6381b868b4303314f0384577e8f626,binance_LINK-USDT-SWAP_funding,unavailable,field is absent or its unit/provenance is not verified in the frozen catalog
binance,swap,LINK-USDT-SWAP,event,base_volume,2020-01-17T08:00:00+00:00,2026-07-15T16:00:00+00:00,0,0.0,base_currency,binance_public_rest,candle_close_timestamp,True,True,09f116003e700dd114a13645017cc3f50e6381b868b4303314f0384577e8f626,binance_LINK-USDT-SWAP_funding,unavailable,field is absent or its unit/provenance is not verified in the frozen catalog
binance,swap,LINK-USDT-SWAP,event,quote_volume,2020-01-17T08:00:00+00:00,2026-07-15T16:00:00+00:00,0,0.0,quote_currency,binance_public_rest,candle_close_timestamp,True,True,09f116003e700dd114a13645017cc3f50e6381b868b4303314f0384577e8f626,binance_LINK-USDT-SWAP_funding,unavailable,field is absent or its unit/provenance is not verified in the frozen catalog
binance,swap,LINK-USDT-SWAP,event,contract_volume,2020-01-17T08:00:00+00:00,2026-07-15T16:00:00+00:00,0,0.0,contracts,binance_public_rest,candle_close_timestamp,True,True,09f116003e700dd114a13645017cc3f50e6381b868b4303314f0384577e8f626,binance_LINK-USDT-SWAP_funding,unavailable,field is absent or its unit/provenance is not verified in the frozen catalog
binance,swap,LINK-USDT-SWAP,event,quote_turnover,2020-01-17T08:00:00+00:00,2026-07-15T16:00:00+00:00,0,0.0,quote_currency,binance_public_rest,candle_close_timestamp,True,True,09f116003e700dd114a13645017cc3f50e6381b868b4303314f0384577e8f626,binance_LINK-USDT-SWAP_funding,unavailable,field is absent or its unit/provenance is not verified in the frozen catalog
binance,swap,LINK-USDT-SWAP,event,vwap,2020-01-17T08:00:00+00:00,2026-07-15T16:00:00+00:00,0,0.0,quote_currency_per_base_currency,binance_public_rest,candle_close_timestamp,True,True,09f116003e700dd114a13645017cc3f50e6381b868b4303314f0384577e8f626,binance_LINK-USDT-SWAP_funding,unavailable,field is absent or its unit/provenance is not verified in the frozen catalog
binance,swap,LINK-USDT-SWAP,event,btc_returns,2020-01-17T08:00:00+00:00,2026-07-15T16:00:00+00:00,0,0.0,decimal_return,binance_public_rest,candle_close_timestamp,True,True,09f116003e700dd114a13645017cc3f50e6381b868b4303314f0384577e8f626,binance_LINK-USDT-SWAP_funding,unavailable,field is absent or its unit/provenance is not verified in the frozen catalog
binance,swap,LINK-USDT-SWAP,event,residual_beta_inputs,2020-01-17T08:00:00+00:00,2026-07-15T16:00:00+00:00,0,0.0,decimal_return,binance_public_rest,candle_close_timestamp,True,True,09f116003e700dd114a13645017cc3f50e6381b868b4303314f0384577e8f626,binance_LINK-USDT-SWAP_funding,unavailable,field is absent or its unit/provenance is not verified in the frozen catalog
binance,swap,LINK-USDT-SWAP,event,funding_rate,2020-01-17T08:00:00+00:00,2026-07-15T16:00:00+00:00,7115,99.316025,decimal_rate,binance_public_rest,source_timestamp_plus_publication_delay,True,True,09f116003e700dd114a13645017cc3f50e6381b868b4303314f0384577e8f626,binance_LINK-USDT-SWAP_funding,ready,Binance public funding history with source timestamps
binance,swap,LINK-USDT-SWAP,event,open_interest,2020-01-17T08:00:00+00:00,2026-07-15T16:00:00+00:00,0,0.0,unavailable,binance_public_rest,unavailable_without_frozen_publication_timestamp,True,True,09f116003e700dd114a13645017cc3f50e6381b868b4303314f0384577e8f626,binance_LINK-USDT-SWAP_funding,unavailable,field is absent or its unit/provenance is not verified in the frozen catalog
binance,swap,LINK-USDT-SWAP,event,basis,2020-01-17T08:00:00+00:00,2026-07-15T16:00:00+00:00,0,0.0,decimal_return,binance_public_rest,unavailable_without_frozen_publication_timestamp,True,True,09f116003e700dd114a13645017cc3f50e6381b868b4303314f0384577e8f626,binance_LINK-USDT-SWAP_funding,unavailable,field is absent or its unit/provenance is not verified in the frozen catalog
binance,swap,LINK-USDT-SWAP,event,spot_price,2020-01-17T08:00:00+00:00,2026-07-15T16:00:00+00:00,0,0.0,quote_currency_per_base_currency,binance_public_rest,candle_close_timestamp,True,True,09f116003e700dd114a13645017cc3f50e6381b868b4303314f0384577e8f626,binance_LINK-USDT-SWAP_funding,unavailable,field is absent or its unit/provenance is not verified in the frozen catalog
binance,swap,LINK-USDT-SWAP,event,perpetual_price,2020-01-17T08:00:00+00:00,2026-07-15T16:00:00+00:00,0,0.0,quote_currency_per_base_currency,binance_public_rest,candle_close_timestamp,True,True,09f116003e700dd114a13645017cc3f50e6381b868b4303314f0384577e8f626,binance_LINK-USDT-SWAP_funding,unavailable,field is absent or its unit/provenance is not verified in the frozen catalog
binance,swap,LINK-USDT-SWAP,event,liquidation,2020-01-17T08:00:00+00:00,2026-07-15T16:00:00+00:00,0,0.0,unavailable,binance_public_rest,unavailable_without_frozen_publication_timestamp,True,True,09f116003e700dd114a13645017cc3f50e6381b868b4303314f0384577e8f626,binance_LINK-USDT-SWAP_funding,unavailable,field is absent or its unit/provenance is not verified in the frozen catalog
binance,swap,LINK-USDT-SWAP,event,orderbook,2020-01-17T08:00:00+00:00,2026-07-15T16:00:00+00:00,0,0.0,unavailable,binance_public_rest,unavailable_without_frozen_publication_timestamp,True,True,09f116003e700dd114a13645017cc3f50e6381b868b4303314f0384577e8f626,binance_LINK-USDT-SWAP_funding,unavailable,field is absent or its unit/provenance is not verified in the frozen catalog
binance,swap,LINK-USDT-SWAP,event,instrument_state,2020-01-17T08:00:00+00:00,2026-07-15T16:00:00+00:00,0,0.0,state,binance_public_rest,effective_timestamp_of_frozen_snapshot,True,True,09f116003e700dd114a13645017cc3f50e6381b868b4303314f0384577e8f626,binance_LINK-USDT-SWAP_funding,unavailable,field is absent or its unit/provenance is not verified in the frozen catalog
binance,swap,LINK-USDT-SWAP,event,pit_universe,2020-01-17T08:00:00+00:00,2026-07-15T16:00:00+00:00,0,0.0,membership,binance_public_rest,effective_timestamp_of_frozen_snapshot,True,True,09f116003e700dd114a13645017cc3f50e6381b868b4303314f0384577e8f626,binance_LINK-USDT-SWAP_funding,unavailable,field is absent or its unit/provenance is not verified in the frozen catalog
binance,swap,LTC-USDT-SWAP,event,open,2020-01-09T08:00:00+00:00,2026-07-15T16:00:00+00:00,0,0.0,quote_currency_per_base_currency,binance_public_rest,candle_close_timestamp,True,True,9f7bb08a74314ae35b757f09fe4db2118fe22678cf54c5f2f6086c35af504ce2,binance_LTC-USDT-SWAP_funding,unavailable,field is absent or its unit/provenance is not verified in the frozen catalog
binance,swap,LTC-USDT-SWAP,event,high,2020-01-09T08:00:00+00:00,2026-07-15T16:00:00+00:00,0,0.0,quote_currency_per_base_currency,binance_public_rest,candle_close_timestamp,True,True,9f7bb08a74314ae35b757f09fe4db2118fe22678cf54c5f2f6086c35af504ce2,binance_LTC-USDT-SWAP_funding,unavailable,field is absent or its unit/provenance is not verified in the frozen catalog
binance,swap,LTC-USDT-SWAP,event,low,2020-01-09T08:00:00+00:00,2026-07-15T16:00:00+00:00,0,0.0,quote_currency_per_base_currency,binance_public_rest,candle_close_timestamp,True,True,9f7bb08a74314ae35b757f09fe4db2118fe22678cf54c5f2f6086c35af504ce2,binance_LTC-USDT-SWAP_funding,unavailable,field is absent or its unit/provenance is not verified in the frozen catalog
binance,swap,LTC-USDT-SWAP,event,close,2020-01-09T08:00:00+00:00,2026-07-15T16:00:00+00:00,0,0.0,quote_currency_per_base_currency,binance_public_rest,candle_close_timestamp,True,True,9f7bb08a74314ae35b757f09fe4db2118fe22678cf54c5f2f6086c35af504ce2,binance_LTC-USDT-SWAP_funding,unavailable,field is absent or its unit/provenance is not verified in the frozen catalog
binance,swap,LTC-USDT-SWAP,event,reported_volume,2020-01-09T08:00:00+00:00,2026-07-15T16:00:00+00:00,0,0.0,source_reported_unknown,binance_public_rest,candle_close_timestamp,True,True,9f7bb08a74314ae35b757f09fe4db2118fe22678cf54c5f2f6086c35af504ce2,binance_LTC-USDT-SWAP_funding,unavailable,field is absent or its unit/provenance is not verified in the frozen catalog
binance,swap,LTC-USDT-SWAP,event,base_volume,2020-01-09T08:00:00+00:00,2026-07-15T16:00:00+00:00,0,0.0,base_currency,binance_public_rest,candle_close_timestamp,True,True,9f7bb08a74314ae35b757f09fe4db2118fe22678cf54c5f2f6086c35af504ce2,binance_LTC-USDT-SWAP_funding,unavailable,field is absent or its unit/provenance is not verified in the frozen catalog
binance,swap,LTC-USDT-SWAP,event,quote_volume,2020-01-09T08:00:00+00:00,2026-07-15T16:00:00+00:00,0,0.0,quote_currency,binance_public_rest,candle_close_timestamp,True,True,9f7bb08a74314ae35b757f09fe4db2118fe22678cf54c5f2f6086c35af504ce2,binance_LTC-USDT-SWAP_funding,unavailable,field is absent or its unit/provenance is not verified in the frozen catalog
binance,swap,LTC-USDT-SWAP,event,contract_volume,2020-01-09T08:00:00+00:00,2026-07-15T16:00:00+00:00,0,0.0,contracts,binance_public_rest,candle_close_timestamp,True,True,9f7bb08a74314ae35b757f09fe4db2118fe22678cf54c5f2f6086c35af504ce2,binance_LTC-USDT-SWAP_funding,unavailable,field is absent or its unit/provenance is not verified in the frozen catalog
binance,swap,LTC-USDT-SWAP,event,quote_turnover,2020-01-09T08:00:00+00:00,2026-07-15T16:00:00+00:00,0,0.0,quote_currency,binance_public_rest,candle_close_timestamp,True,True,9f7bb08a74314ae35b757f09fe4db2118fe22678cf54c5f2f6086c35af504ce2,binance_LTC-USDT-SWAP_funding,unavailable,field is absent or its unit/provenance is not verified in the frozen catalog
binance,swap,LTC-USDT-SWAP,event,vwap,2020-01-09T08:00:00+00:00,2026-07-15T16:00:00+00:00,0,0.0,quote_currency_per_base_currency,binance_public_rest,candle_close_timestamp,True,True,9f7bb08a74314ae35b757f09fe4db2118fe22678cf54c5f2f6086c35af504ce2,binance_LTC-USDT-SWAP_funding,unavailable,field is absent or its unit/provenance is not verified in the frozen catalog
binance,swap,LTC-USDT-SWAP,event,btc_returns,2020-01-09T08:00:00+00:00,2026-07-15T16:00:00+00:00,0,0.0,decimal_return,binance_public_rest,candle_close_timestamp,True,True,9f7bb08a74314ae35b757f09fe4db2118fe22678cf54c5f2f6086c35af504ce2,binance_LTC-USDT-SWAP_funding,unavailable,field is absent or its unit/provenance is not verified in the frozen catalog
binance,swap,LTC-USDT-SWAP,event,residual_beta_inputs,2020-01-09T08:00:00+00:00,2026-07-15T16:00:00+00:00,0,0.0,decimal_return,binance_public_rest,candle_close_timestamp,True,True,9f7bb08a74314ae35b757f09fe4db2118fe22678cf54c5f2f6086c35af504ce2,binance_LTC-USDT-SWAP_funding,unavailable,field is absent or its unit/provenance is not verified in the frozen catalog
binance,swap,LTC-USDT-SWAP,event,funding_rate,2020-01-09T08:00:00+00:00,2026-07-15T16:00:00+00:00,7139,99.651033,decimal_rate,binance_public_rest,source_timestamp_plus_publication_delay,True,True,9f7bb08a74314ae35b757f09fe4db2118fe22678cf54c5f2f6086c35af504ce2,binance_LTC-USDT-SWAP_funding,ready,Binance public funding history with source timestamps
binance,swap,LTC-USDT-SWAP,event,open_interest,2020-01-09T08:00:00+00:00,2026-07-15T16:00:00+00:00,0,0.0,unavailable,binance_public_rest,unavailable_without_frozen_publication_timestamp,True,True,9f7bb08a74314ae35b757f09fe4db2118fe22678cf54c5f2f6086c35af504ce2,binance_LTC-USDT-SWAP_funding,unavailable,field is absent or its unit/provenance is not verified in the frozen catalog
binance,swap,LTC-USDT-SWAP,event,basis,2020-01-09T08:00:00+00:00,2026-07-15T16:00:00+00:00,0,0.0,decimal_return,binance_public_rest,unavailable_without_frozen_publication_timestamp,True,True,9f7bb08a74314ae35b757f09fe4db2118fe22678cf54c5f2f6086c35af504ce2,binance_LTC-USDT-SWAP_funding,unavailable,field is absent or its unit/provenance is not verified in the frozen catalog
binance,swap,LTC-USDT-SWAP,event,spot_price,2020-01-09T08:00:00+00:00,2026-07-15T16:00:00+00:00,0,0.0,quote_currency_per_base_currency,binance_public_rest,candle_close_timestamp,True,True,9f7bb08a74314ae35b757f09fe4db2118fe22678cf54c5f2f6086c35af504ce2,binance_LTC-USDT-SWAP_funding,unavailable,field is absent or its unit/provenance is not verified in the frozen catalog
binance,swap,LTC-USDT-SWAP,event,perpetual_price,2020-01-09T08:00:00+00:00,2026-07-15T16:00:00+00:00,0,0.0,quote_currency_per_base_currency,binance_public_rest,candle_close_timestamp,True,True,9f7bb08a74314ae35b757f09fe4db2118fe22678cf54c5f2f6086c35af504ce2,binance_LTC-USDT-SWAP_funding,unavailable,field is absent or its unit/provenance is not verified in the frozen catalog
binance,swap,LTC-USDT-SWAP,event,liquidation,2020-01-09T08:00:00+00:00,2026-07-15T16:00:00+00:00,0,0.0,unavailable,binance_public_rest,unavailable_without_frozen_publication_timestamp,True,True,9f7bb08a74314ae35b757f09fe4db2118fe22678cf54c5f2f6086c35af504ce2,binance_LTC-USDT-SWAP_funding,unavailable,field is absent or its unit/provenance is not verified in the frozen catalog
binance,swap,LTC-USDT-SWAP,event,orderbook,2020-01-09T08:00:00+00:00,2026-07-15T16:00:00+00:00,0,0.0,unavailable,binance_public_rest,unavailable_without_frozen_publication_timestamp,True,True,9f7bb08a74314ae35b757f09fe4db2118fe22678cf54c5f2f6086c35af504ce2,binance_LTC-USDT-SWAP_funding,unavailable,field is absent or its unit/provenance is not verified in the frozen catalog
binance,swap,LTC-USDT-SWAP,event,instrument_state,2020-01-09T08:00:00+00:00,2026-07-15T16:00:00+00:00,0,0.0,state,binance_public_rest,effective_timestamp_of_frozen_snapshot,True,True,9f7bb08a74314ae35b757f09fe4db2118fe22678cf54c5f2f6086c35af504ce2,binance_LTC-USDT-SWAP_funding,unavailable,field is absent or its unit/provenance is not verified in the frozen catalog
binance,swap,LTC-USDT-SWAP,event,pit_universe,2020-01-09T08:00:00+00:00,2026-07-15T16:00:00+00:00,0,0.0,membership,binance_public_rest,effective_timestamp_of_frozen_snapshot,True,True,9f7bb08a74314ae35b757f09fe4db2118fe22678cf54c5f2f6086c35af504ce2,binance_LTC-USDT-SWAP_funding,unavailable,field is absent or its unit/provenance is not verified in the frozen catalog
binance,swap,XRP-USDT-SWAP,event,open,2020-01-06T08:00:00+00:00,2026-07-15T16:00:00+00:00,0,0.0,quote_currency_per_base_currency,binance_public_rest,candle_close_timestamp,True,True,d7c4da3ead360d5ed258dea6633aab095f172855cb0612f25a15b0869259c4b0,binance_XRP-USDT-SWAP_funding,unavailable,field is absent or its unit/provenance is not verified in the frozen catalog
binance,swap,XRP-USDT-SWAP,event,high,2020-01-06T08:00:00+00:00,2026-07-15T16:00:00+00:00,0,0.0,quote_currency_per_base_currency,binance_public_rest,candle_close_timestamp,True,True,d7c4da3ead360d5ed258dea6633aab095f172855cb0612f25a15b0869259c4b0,binance_XRP-USDT-SWAP_funding,unavailable,field is absent or its unit/provenance is not verified in the frozen catalog
binance,swap,XRP-USDT-SWAP,event,low,2020-01-06T08:00:00+00:00,2026-07-15T16:00:00+00:00,0,0.0,quote_currency_per_base_currency,binance_public_rest,candle_close_timestamp,True,True,d7c4da3ead360d5ed258dea6633aab095f172855cb0612f25a15b0869259c4b0,binance_XRP-USDT-SWAP_funding,unavailable,field is absent or its unit/provenance is not verified in the frozen catalog
binance,swap,XRP-USDT-SWAP,event,close,2020-01-06T08:00:00+00:00,2026-07-15T16:00:00+00:00,0,0.0,quote_currency_per_base_currency,binance_public_rest,candle_close_timestamp,True,True,d7c4da3ead360d5ed258dea6633aab095f172855cb0612f25a15b0869259c4b0,binance_XRP-USDT-SWAP_funding,unavailable,field is absent or its unit/provenance is not verified in the frozen catalog
binance,swap,XRP-USDT-SWAP,event,reported_volume,2020-01-06T08:00:00+00:00,2026-07-15T16:00:00+00:00,0,0.0,source_reported_unknown,binance_public_rest,candle_close_timestamp,True,True,d7c4da3ead360d5ed258dea6633aab095f172855cb0612f25a15b0869259c4b0,binance_XRP-USDT-SWAP_funding,unavailable,field is absent or its unit/provenance is not verified in the frozen catalog
binance,swap,XRP-USDT-SWAP,event,base_volume,2020-01-06T08:00:00+00:00,2026-07-15T16:00:00+00:00,0,0.0,base_currency,binance_public_rest,candle_close_timestamp,True,True,d7c4da3ead360d5ed258dea6633aab095f172855cb0612f25a15b0869259c4b0,binance_XRP-USDT-SWAP_funding,unavailable,field is absent or its unit/provenance is not verified in the frozen catalog
binance,swap,XRP-USDT-SWAP,event,quote_volume,2020-01-06T08:00:00+00:00,2026-07-15T16:00:00+00:00,0,0.0,quote_currency,binance_public_rest,candle_close_timestamp,True,True,d7c4da3ead360d5ed258dea6633aab095f172855cb0612f25a15b0869259c4b0,binance_XRP-USDT-SWAP_funding,unavailable,field is absent or its unit/provenance is not verified in the frozen catalog
binance,swap,XRP-USDT-SWAP,event,contract_volume,2020-01-06T08:00:00+00:00,2026-07-15T16:00:00+00:00,0,0.0,contracts,binance_public_rest,candle_close_timestamp,True,True,d7c4da3ead360d5ed258dea6633aab095f172855cb0612f25a15b0869259c4b0,binance_XRP-USDT-SWAP_funding,unavailable,field is absent or its unit/provenance is not verified in the frozen catalog
binance,swap,XRP-USDT-SWAP,event,quote_turnover,2020-01-06T08:00:00+00:00,2026-07-15T16:00:00+00:00,0,0.0,quote_currency,binance_public_rest,candle_close_timestamp,True,True,d7c4da3ead360d5ed258dea6633aab095f172855cb0612f25a15b0869259c4b0,binance_XRP-USDT-SWAP_funding,unavailable,field is absent or its unit/provenance is not verified in the frozen catalog
binance,swap,XRP-USDT-SWAP,event,vwap,2020-01-06T08:00:00+00:00,2026-07-15T16:00:00+00:00,0,0.0,quote_currency_per_base_currency,binance_public_rest,candle_close_timestamp,True,True,d7c4da3ead360d5ed258dea6633aab095f172855cb0612f25a15b0869259c4b0,binance_XRP-USDT-SWAP_funding,unavailable,field is absent or its unit/provenance is not verified in the frozen catalog
binance,swap,XRP-USDT-SWAP,event,btc_returns,2020-01-06T08:00:00+00:00,2026-07-15T16:00:00+00:00,0,0.0,decimal_return,binance_public_rest,candle_close_timestamp,True,True,d7c4da3ead360d5ed258dea6633aab095f172855cb0612f25a15b0869259c4b0,binance_XRP-USDT-SWAP_funding,unavailable,field is absent or its unit/provenance is not verified in the frozen catalog
binance,swap,XRP-USDT-SWAP,event,residual_beta_inputs,2020-01-06T08:00:00+00:00,2026-07-15T16:00:00+00:00,0,0.0,decimal_return,binance_public_rest,candle_close_timestamp,True,True,d7c4da3ead360d5ed258dea6633aab095f172855cb0612f25a15b0869259c4b0,binance_XRP-USDT-SWAP_funding,unavailable,field is absent or its unit/provenance is not verified in the frozen catalog
binance,swap,XRP-USDT-SWAP,event,funding_rate,2020-01-06T08:00:00+00:00,2026-07-15T16:00:00+00:00,7148,99.776661,decimal_rate,binance_public_rest,source_timestamp_plus_publication_delay,True,True,d7c4da3ead360d5ed258dea6633aab095f172855cb0612f25a15b0869259c4b0,binance_XRP-USDT-SWAP_funding,ready,Binance public funding history with source timestamps
binance,swap,XRP-USDT-SWAP,event,open_interest,2020-01-06T08:00:00+00:00,2026-07-15T16:00:00+00:00,0,0.0,unavailable,binance_public_rest,unavailable_without_frozen_publication_timestamp,True,True,d7c4da3ead360d5ed258dea6633aab095f172855cb0612f25a15b0869259c4b0,binance_XRP-USDT-SWAP_funding,unavailable,field is absent or its unit/provenance is not verified in the frozen catalog
binance,swap,XRP-USDT-SWAP,event,basis,2020-01-06T08:00:00+00:00,2026-07-15T16:00:00+00:00,0,0.0,decimal_return,binance_public_rest,unavailable_without_frozen_publication_timestamp,True,True,d7c4da3ead360d5ed258dea6633aab095f172855cb0612f25a15b0869259c4b0,binance_XRP-USDT-SWAP_funding,unavailable,field is absent or its unit/provenance is not verified in the frozen catalog
binance,swap,XRP-USDT-SWAP,event,spot_price,2020-01-06T08:00:00+00:00,2026-07-15T16:00:00+00:00,0,0.0,quote_currency_per_base_currency,binance_public_rest,candle_close_timestamp,True,True,d7c4da3ead360d5ed258dea6633aab095f172855cb0612f25a15b0869259c4b0,binance_XRP-USDT-SWAP_funding,unavailable,field is absent or its unit/provenance is not verified in the frozen catalog
binance,swap,XRP-USDT-SWAP,event,perpetual_price,2020-01-06T08:00:00+00:00,2026-07-15T16:00:00+00:00,0,0.0,quote_currency_per_base_currency,binance_public_rest,candle_close_timestamp,True,True,d7c4da3ead360d5ed258dea6633aab095f172855cb0612f25a15b0869259c4b0,binance_XRP-USDT-SWAP_funding,unavailable,field is absent or its unit/provenance is not verified in the frozen catalog
binance,swap,XRP-USDT-SWAP,event,liquidation,2020-01-06T08:00:00+00:00,2026-07-15T16:00:00+00:00,0,0.0,unavailable,binance_public_rest,unavailable_without_frozen_publication_timestamp,True,True,d7c4da3ead360d5ed258dea6633aab095f172855cb0612f25a15b0869259c4b0,binance_XRP-USDT-SWAP_funding,unavailable,field is absent or its unit/provenance is not verified in the frozen catalog
binance,swap,XRP-USDT-SWAP,event,orderbook,2020-01-06T08:00:00+00:00,2026-07-15T16:00:00+00:00,0,0.0,unavailable,binance_public_rest,unavailable_without_frozen_publication_timestamp,True,True,d7c4da3ead360d5ed258dea6633aab095f172855cb0612f25a15b0869259c4b0,binance_XRP-USDT-SWAP_funding,unavailable,field is absent or its unit/provenance is not verified in the frozen catalog
binance,swap,XRP-USDT-SWAP,event,instrument_state,2020-01-06T08:00:00+00:00,2026-07-15T16:00:00+00:00,0,0.0,state,binance_public_rest,effective_timestamp_of_frozen_snapshot,True,True,d7c4da3ead360d5ed258dea6633aab095f172855cb0612f25a15b0869259c4b0,binance_XRP-USDT-SWAP_funding,unavailable,field is absent or its unit/provenance is not verified in the frozen catalog
binance,swap,XRP-USDT-SWAP,event,pit_universe,2020-01-06T08:00:00+00:00,2026-07-15T16:00:00+00:00,0,0.0,membership,binance_public_rest,effective_timestamp_of_frozen_snapshot,True,True,d7c4da3ead360d5ed258dea6633aab095f172855cb0612f25a15b0869259c4b0,binance_XRP-USDT-SWAP_funding,unavailable,field is absent or its unit/provenance is not verified in the frozen catalog
